/*
 Navicat Premium Data Transfer

 Source Server         : localhost
 Source Server Type    : MySQL
 Source Server Version : 80018
 Source Host           : localhost:3306
 Source Schema         : illustrious

 Target Server Type    : MySQL
 Target Server Version : 80018
 File Encoding         : 65001

 Date: 17/01/2020 12:58:41
*/

SET NAMES utf8mb4;
SET FOREIGN_KEY_CHECKS = 0;

-- ----------------------------
-- Table structure for device
-- ----------------------------
DROP TABLE IF EXISTS `device`;
CREATE TABLE `device`  (
  `id` varchar(36) CHARACTER SET utf8mb4 COLLATE utf8mb4_0900_ai_ci NOT NULL,
  `railway_line_id` varchar(36) CHARACTER SET utf8mb4 COLLATE utf8mb4_0900_ai_ci NOT NULL,
  `station_id` varchar(36) CHARACTER SET utf8mb4 COLLATE utf8mb4_0900_ai_ci NOT NULL,
  `code` varchar(50) CHARACTER SET utf8mb4 COLLATE utf8mb4_0900_ai_ci NOT NULL,
  `manufacturer_name` varchar(255) CHARACTER SET utf8mb4 COLLATE utf8mb4_0900_ai_ci NULL DEFAULT NULL,
  `device_model` varchar(50) CHARACTER SET utf8mb4 COLLATE utf8mb4_0900_ai_ci NULL DEFAULT NULL,
  `device_type_id` varchar(36) CHARACTER SET utf8mb4 COLLATE utf8mb4_0900_ai_ci NOT NULL,
  `ex_factory_series_number` varchar(50) CHARACTER SET utf8mb4 COLLATE utf8mb4_0900_ai_ci NULL DEFAULT NULL,
  `outdoor` tinyint(4) NULL DEFAULT NULL,
  `name` varchar(50) CHARACTER SET utf8mb4 COLLATE utf8mb4_0900_ai_ci NOT NULL,
  `spare` tinyint(4) NOT NULL,
  `deploy_time` datetime(0) NULL DEFAULT NULL,
  `remark` varchar(255) CHARACTER SET utf8mb4 COLLATE utf8mb4_0900_ai_ci NULL DEFAULT NULL,
  `add_time` datetime(0) NULL,
  `update_time` datetime(0) NULL,
  PRIMARY KEY (`id`) USING BTREE
) ENGINE = InnoDB CHARACTER SET = utf8mb4 COLLATE = utf8mb4_0900_ai_ci ROW_FORMAT = Dynamic;

-- ----------------------------
-- Records of device
-- ----------------------------
INSERT INTO `device` VALUES ('054af2f3-6e77-4540-b868-f44f6f27ccd5', '554d1d92-552b-4e45-a2f7-7b09edfe5c7b', '8b575854-69cb-4f44-b438-2bd4c8259b8e', 'XN', NULL, NULL, '78a68ad2-8760-48af-bb5c-a78141ea8d53', NULL, 1, '哈尔滨北综合场XN', 0, NULL, '', '2020-01-14 21:45:43', '2020-01-14 21:45:43');
INSERT INTO `device` VALUES ('2dc5d2c3-828f-4982-9708-a9738120c24a', 'eee61c81-6fbb-464d-a36f-a3d37a528c6e', '8b575854-69cb-4f44-b438-2bd4c8259b8e', 'XⅧ', NULL, NULL, '78a68ad2-8760-48af-bb5c-a78141ea8d53', NULL, 1, '哈尔滨北综合场XⅧ', 0, NULL, '', '2020-01-14 21:45:43', '2020-01-14 21:45:43');
INSERT INTO `device` VALUES ('2e1b83ec-19f3-4e11-b3fa-a0b14bebe2eb', 'eee61c81-6fbb-464d-a36f-a3d37a528c6e', '8b575854-69cb-4f44-b438-2bd4c8259b8e', 'SⅩ', NULL, NULL, '78a68ad2-8760-48af-bb5c-a78141ea8d53', NULL, 1, '哈尔滨北综合场SⅩ', 0, NULL, '', '2020-01-14 21:45:43', '2020-01-14 21:45:43');
INSERT INTO `device` VALUES ('2e36c22f-08ec-4efd-ab7a-c5f95a2bc9f6', 'eee61c81-6fbb-464d-a36f-a3d37a528c6e', '8b575854-69cb-4f44-b438-2bd4c8259b8e', 'S6', NULL, NULL, '78a68ad2-8760-48af-bb5c-a78141ea8d53', NULL, 1, '哈尔滨北综合场S6', 0, NULL, '', '2020-01-14 21:45:43', '2020-01-14 21:45:43');
INSERT INTO `device` VALUES ('30bb6a0b-db8f-47fa-9819-b1fce0a26ff7', 'eee61c81-6fbb-464d-a36f-a3d37a528c6e', '8b575854-69cb-4f44-b438-2bd4c8259b8e', 'SB', NULL, NULL, '78a68ad2-8760-48af-bb5c-a78141ea8d53', NULL, 1, '哈尔滨北综合场SB', 0, NULL, '', '2020-01-14 21:45:43', '2020-01-14 21:45:43');
INSERT INTO `device` VALUES ('325897ba-6f9a-4441-bb7b-849e9ba4acb5', 'eee61c81-6fbb-464d-a36f-a3d37a528c6e', '8b575854-69cb-4f44-b438-2bd4c8259b8e', 'SⅨ', NULL, NULL, '78a68ad2-8760-48af-bb5c-a78141ea8d53', NULL, 1, '哈尔滨北综合场SⅨ', 0, NULL, '', '2020-01-14 21:45:43', '2020-01-14 21:45:43');
INSERT INTO `device` VALUES ('3b8ba5b1-05ca-4b0e-b0c4-ee5405c460a9', 'eee61c81-6fbb-464d-a36f-a3d37a528c6e', '93fcf6d6-c246-41ab-88a3-a3b4ed3f7e03', 'X6', NULL, NULL, '78a68ad2-8760-48af-bb5c-a78141ea8d53', NULL, 1, '哈尔滨北客专场X6', 0, NULL, '', '2020-01-14 21:45:43', '2020-01-14 21:45:43');
INSERT INTO `device` VALUES ('4a9912a5-2b50-4937-970a-70f4a7e61731', 'eee61c81-6fbb-464d-a36f-a3d37a528c6e', '93fcf6d6-c246-41ab-88a3-a3b4ed3f7e03', 'XⅧ', NULL, NULL, '78a68ad2-8760-48af-bb5c-a78141ea8d53', NULL, 1, '哈尔滨北客专场XⅧ', 0, NULL, '', '2020-01-14 21:45:43', '2020-01-14 21:45:43');
INSERT INTO `device` VALUES ('4b6d5bb0-1dd4-4c89-b118-a1a162297690', 'eee61c81-6fbb-464d-a36f-a3d37a528c6e', '8b575854-69cb-4f44-b438-2bd4c8259b8e', 'SX', NULL, NULL, '78a68ad2-8760-48af-bb5c-a78141ea8d53', NULL, 1, '哈尔滨北综合场SX', 0, NULL, '', '2020-01-14 21:45:43', '2020-01-14 21:45:43');
INSERT INTO `device` VALUES ('53a37501-f2ad-4aaa-b35b-461b3609ff0f', 'eee61c81-6fbb-464d-a36f-a3d37a528c6e', '93fcf6d6-c246-41ab-88a3-a3b4ed3f7e03', '31', NULL, NULL, '78a68ad2-8760-48af-bb5c-a78141ea8d53', NULL, 1, '哈尔滨北客专场31', 0, NULL, '', '2020-01-14 21:45:43', '2020-01-14 21:45:43');
INSERT INTO `device` VALUES ('61cd497a-481e-49b9-819a-6fbd172dc6e5', 'eee61c81-6fbb-464d-a36f-a3d37a528c6e', '8b575854-69cb-4f44-b438-2bd4c8259b8e', 'X6', NULL, NULL, '78a68ad2-8760-48af-bb5c-a78141ea8d53', NULL, 1, '哈尔滨北综合场X6', 0, NULL, '', '2020-01-14 21:45:43', '2020-01-14 21:45:43');
INSERT INTO `device` VALUES ('81990ca4-033d-4948-b026-86fc948fc4e0', 'eee61c81-6fbb-464d-a36f-a3d37a528c6e', '93fcf6d6-c246-41ab-88a3-a3b4ed3f7e03', 'X Ⅹ', NULL, NULL, '78a68ad2-8760-48af-bb5c-a78141ea8d53', NULL, 1, '哈尔滨北客专场X Ⅹ', 0, NULL, '', '2020-01-14 21:45:43', '2020-01-14 21:45:43');
INSERT INTO `device` VALUES ('821ca00c-07e8-4c41-845f-e3a13dd9d353', '554d1d92-552b-4e45-a2f7-7b09edfe5c7b', 'b6ee4f82-5494-478e-813e-02d49338f227', '0115', NULL, NULL, '78a68ad2-8760-48af-bb5c-a78141ea8d53', NULL, 1, '庙台子0115', 0, NULL, '', '2020-01-14 21:45:43', '2020-01-14 21:45:43');
INSERT INTO `device` VALUES ('840b0613-6407-44b6-9299-343a078064ed', 'eee61c81-6fbb-464d-a36f-a3d37a528c6e', '8b575854-69cb-4f44-b438-2bd4c8259b8e', 'XⅨ', NULL, NULL, '78a68ad2-8760-48af-bb5c-a78141ea8d53', NULL, 1, '哈尔滨北综合场XⅨ', 0, NULL, '', '2020-01-14 21:45:43', '2020-01-14 21:45:43');
INSERT INTO `device` VALUES ('92746a2a-a2b5-45ae-afe1-2256d8364d34', 'eee61c81-6fbb-464d-a36f-a3d37a528c6e', '8b575854-69cb-4f44-b438-2bd4c8259b8e', 'XX', NULL, NULL, '78a68ad2-8760-48af-bb5c-a78141ea8d53', NULL, 1, '哈尔滨北综合场XX', 0, NULL, '', '2020-01-14 21:45:43', '2020-01-14 21:45:43');
INSERT INTO `device` VALUES ('a6688969-c417-46a9-ae54-46f6f27401b1', 'eee61c81-6fbb-464d-a36f-a3d37a528c6e', '93fcf6d6-c246-41ab-88a3-a3b4ed3f7e03', 'XⅦ', NULL, NULL, '78a68ad2-8760-48af-bb5c-a78141ea8d53', NULL, 1, '哈尔滨北客专场XⅦ', 0, NULL, '', '2020-01-14 21:45:43', '2020-01-14 21:45:43');
INSERT INTO `device` VALUES ('c0e876c0-7122-452a-a0f5-1ee8780513bb', '0569bf83-8be2-4f60-8bae-c84db2dfe665', '30f6b980-571e-4f44-87ce-993ce608490c', '114514', '2', '2', '85ee69e1-947c-460a-ba02-df060abe1e03', '2', 1, '大万用表', 0, '2020-01-15 00:00:00', NULL, '2020-01-15 16:42:17', '2020-01-15 16:42:17');
INSERT INTO `device` VALUES ('c579b1ba-fce1-4900-b84b-7b42d35d5da9', '554d1d92-552b-4e45-a2f7-7b09edfe5c7b', 'b6ee4f82-5494-478e-813e-02d49338f227', '0114', NULL, NULL, '78a68ad2-8760-48af-bb5c-a78141ea8d53', NULL, 1, '庙台子0114', 0, NULL, '', '2020-01-14 21:45:43', '2020-01-14 21:45:43');
INSERT INTO `device` VALUES ('cfb6b2aa-416a-4917-a6bc-544d889c1c1f', 'eee61c81-6fbb-464d-a36f-a3d37a528c6e', '8b575854-69cb-4f44-b438-2bd4c8259b8e', 'SⅧ', NULL, NULL, '78a68ad2-8760-48af-bb5c-a78141ea8d53', NULL, 1, '哈尔滨北综合场SⅧ', 0, NULL, '', '2020-01-14 21:45:43', '2020-01-14 21:45:43');
INSERT INTO `device` VALUES ('d0fe9754-2154-483b-84ba-bf1df766e400', 'eee61c81-6fbb-464d-a36f-a3d37a528c6e', '8b575854-69cb-4f44-b438-2bd4c8259b8e', 'SBN', NULL, NULL, '78a68ad2-8760-48af-bb5c-a78141ea8d53', NULL, 1, '哈尔滨北综合场SBN', 0, NULL, '', '2020-01-14 21:45:43', '2020-01-14 21:45:43');
INSERT INTO `device` VALUES ('d282a8d4-c2b5-4c18-a126-82fe9c8f1638', 'eee61c81-6fbb-464d-a36f-a3d37a528c6e', '8b575854-69cb-4f44-b438-2bd4c8259b8e', 'XⅦ', NULL, NULL, '78a68ad2-8760-48af-bb5c-a78141ea8d53', NULL, 1, '哈尔滨北综合场XⅦ', 0, NULL, '', '2020-01-14 21:45:43', '2020-01-14 21:45:43');
INSERT INTO `device` VALUES ('dff71780-cc2a-4a8e-b4b2-7cca4c82d2c1', 'eee61c81-6fbb-464d-a36f-a3d37a528c6e', '8b575854-69cb-4f44-b438-2bd4c8259b8e', 'SⅦ', NULL, NULL, '78a68ad2-8760-48af-bb5c-a78141ea8d53', NULL, 1, '哈尔滨北综合场SⅦ', 0, NULL, '', '2020-01-14 21:45:43', '2020-01-14 21:45:43');
INSERT INTO `device` VALUES ('f03d11a6-702c-4b0e-8849-7676a2355789', 'eee61c81-6fbb-464d-a36f-a3d37a528c6e', '30f6b980-571e-4f44-87ce-993ce608490c', 'TXBN', NULL, NULL, '78a68ad2-8760-48af-bb5c-a78141ea8d53', NULL, 1, '裕民线路所TXBN', 0, NULL, '', '2020-01-14 21:45:43', '2020-01-14 21:45:43');
INSERT INTO `device` VALUES ('f4a1f9f2-c23e-4c64-a3c5-2b416c82e5ab', '554d1d92-552b-4e45-a2f7-7b09edfe5c7b', '8b575854-69cb-4f44-b438-2bd4c8259b8e', 'X', NULL, NULL, '78a68ad2-8760-48af-bb5c-a78141ea8d53', NULL, 1, '哈尔滨北综合场X', 0, NULL, '', '2020-01-14 21:45:43', '2020-01-14 21:45:43');

-- ----------------------------
-- Table structure for device_extend_field
-- ----------------------------
DROP TABLE IF EXISTS `device_extend_field`;
CREATE TABLE `device_extend_field`  (
  `id` varchar(36) CHARACTER SET utf8mb4 COLLATE utf8mb4_0900_ai_ci NOT NULL,
  `device_type_id` varchar(36) CHARACTER SET utf8mb4 COLLATE utf8mb4_0900_ai_ci NOT NULL,
  `name` varchar(255) CHARACTER SET utf8mb4 COLLATE utf8mb4_0900_ai_ci NOT NULL,
  `append_on_form` tinyint(4) NOT NULL,
  `seq` int(11) NOT NULL,
  `description` varchar(255) CHARACTER SET utf8mb4 COLLATE utf8mb4_0900_ai_ci NULL DEFAULT NULL,
  PRIMARY KEY (`id`) USING BTREE
) ENGINE = InnoDB CHARACTER SET = utf8mb4 COLLATE = utf8mb4_0900_ai_ci ROW_FORMAT = Dynamic;

-- ----------------------------
-- Records of device_extend_field
-- ----------------------------
INSERT INTO `device_extend_field` VALUES ('012c7a61-fcd1-444a-b828-2aaaf9b9b784', 'f294bfe8-30d5-4e85-99ae-7ad72f4835ce', '8', 0, 8, NULL);
INSERT INTO `device_extend_field` VALUES ('06a1cc4c-9de5-4e05-9c63-5d868889fbfd', '78a68ad2-8760-48af-bb5c-a78141ea8d53', 'UM71类别', 0, 6, NULL);
INSERT INTO `device_extend_field` VALUES ('0f5732d7-c183-4556-87e3-e41c7f67160a', '78a68ad2-8760-48af-bb5c-a78141ea8d53', '修改标注', 0, 8, NULL);
INSERT INTO `device_extend_field` VALUES ('180f5a84-169b-4b93-922c-5ada48d52d2f', '78a68ad2-8760-48af-bb5c-a78141ea8d53', '轨道电路制式', 0, 4, NULL);
INSERT INTO `device_extend_field` VALUES ('1d2abc7d-83ee-4853-a9d9-9b1d44211184', 'f294bfe8-30d5-4e85-99ae-7ad72f4835ce', '2', 0, 2, NULL);
INSERT INTO `device_extend_field` VALUES ('23673ade-151e-4b66-b066-cf72c134b6b5', '6390f984-774b-4d84-8ef6-609b05acc146', '屏幕', 1, 5, NULL);
INSERT INTO `device_extend_field` VALUES ('2384b462-1133-40de-ab33-0e4efaedbe7a', '937', '功率', 1, 3, NULL);
INSERT INTO `device_extend_field` VALUES ('27fe18e7-db7d-45b7-bd64-709d236af188', 'f294bfe8-30d5-4e85-99ae-7ad72f4835ce', '7', 0, 7, NULL);
INSERT INTO `device_extend_field` VALUES ('2e28d80c-4e9f-4c34-a296-40bce5d9ae12', 'f294bfe8-30d5-4e85-99ae-7ad72f4835ce', '1', 0, 1, NULL);
INSERT INTO `device_extend_field` VALUES ('2f11ce25-0826-4c32-8d90-bf2b140923ef', '78a68ad2-8760-48af-bb5c-a78141ea8d53', '中心频率', 0, 5, NULL);
INSERT INTO `device_extend_field` VALUES ('308ae10e-b62f-498b-b348-63ec93645ca7', '85ee69e1-947c-460a-ba02-df060abe1e03', '功能2', 1, 2, NULL);
INSERT INTO `device_extend_field` VALUES ('30b54b36-40a5-4728-a233-b2569e124b78', '6390f984-774b-4d84-8ef6-609b05acc146', 'cpu', 0, 1, NULL);
INSERT INTO `device_extend_field` VALUES ('310901c9-3adf-4a21-abca-b802eabf7562', 'e9b8652a-b5cb-4efe-bb19-a68e3e3d20ae', 'f4', 0, 4, NULL);
INSERT INTO `device_extend_field` VALUES ('36f806c9-a0a1-48c0-a1eb-a4da44b30c8e', '937', '电流', 0, 2, NULL);
INSERT INTO `device_extend_field` VALUES ('3953d7e6-80fc-4fb1-a3e9-06479b71f555', '6390f984-774b-4d84-8ef6-609b05acc146', 'cache', 1, 2, NULL);
INSERT INTO `device_extend_field` VALUES ('66390bfd-9f3c-41e1-bb6a-f281dd9953f3', '78a68ad2-8760-48af-bb5c-a78141ea8d53', '行别', 0, 1, NULL);
INSERT INTO `device_extend_field` VALUES ('6cfc2b4d-b5ca-4eab-9aff-3f9087fec3b1', 'f294bfe8-30d5-4e85-99ae-7ad72f4835ce', '3', 0, 3, NULL);
INSERT INTO `device_extend_field` VALUES ('6d8027f0-55fa-4b5e-800a-b06afcc59f10', '92065cc2-b672-472b-abe3-09c856eb5f5d', '辙叉号', 1, 3, NULL);
INSERT INTO `device_extend_field` VALUES ('7a42220b-d867-407a-9ea2-3d38537a6dff', '92065cc2-b672-472b-abe3-09c856eb5f5d', '设备用途', 1, 1, NULL);
INSERT INTO `device_extend_field` VALUES ('7de6653f-bc83-4d8d-9b2a-8055f9f3f75f', '85ee69e1-947c-460a-ba02-df060abe1e03', '功能3', 0, 3, NULL);
INSERT INTO `device_extend_field` VALUES ('96447bdd-84d1-422d-b48e-884e83cc488b', '85ee69e1-947c-460a-ba02-df060abe1e03', '功能1', 1, 1, NULL);
INSERT INTO `device_extend_field` VALUES ('a4936812-d3ef-442d-aaa3-c8a5d2b8f885', '78a68ad2-8760-48af-bb5c-a78141ea8d53', '信号机类型', 0, 3, NULL);
INSERT INTO `device_extend_field` VALUES ('a9e072e9-5423-4227-abc8-e5de6d890646', '6390f984-774b-4d84-8ef6-609b05acc146', '主板', 0, 7, NULL);
INSERT INTO `device_extend_field` VALUES ('aab50e1a-a271-4a20-9857-d9c3732f63f9', 'e9b8652a-b5cb-4efe-bb19-a68e3e3d20ae', 'f2', 0, 2, NULL);
INSERT INTO `device_extend_field` VALUES ('b24e19ad-f864-4d6d-a2ea-988e655739bf', '6390f984-774b-4d84-8ef6-609b05acc146', '显卡', 1, 6, NULL);
INSERT INTO `device_extend_field` VALUES ('b3dfdba7-833d-4954-9e63-e30132ff2c62', '937', '电流', 0, 1, NULL);
INSERT INTO `device_extend_field` VALUES ('b681064c-cfc2-40bf-98f8-183a962b9abb', 'e9b8652a-b5cb-4efe-bb19-a68e3e3d20ae', 'f3', 0, 3, NULL);
INSERT INTO `device_extend_field` VALUES ('bf774ad7-27e5-4ef1-91b9-44b1e2134f68', 'f294bfe8-30d5-4e85-99ae-7ad72f4835ce', '9', 0, 9, NULL);
INSERT INTO `device_extend_field` VALUES ('cbaadb85-e5b3-4485-8296-cf648ffde100', 'f294bfe8-30d5-4e85-99ae-7ad72f4835ce', '4', 0, 4, NULL);
INSERT INTO `device_extend_field` VALUES ('d2dc4e62-fe9a-452d-8f9b-d0ac5d0277dd', 'e9b8652a-b5cb-4efe-bb19-a68e3e3d20ae', 'f1', 0, 1, NULL);
INSERT INTO `device_extend_field` VALUES ('d5f28991-eafe-472c-b25d-33e6720320fd', '78a68ad2-8760-48af-bb5c-a78141ea8d53', '闭塞方式', 0, 7, NULL);
INSERT INTO `device_extend_field` VALUES ('e4bf3c5d-62f8-42e8-be7b-d5281ebc4a58', 'f294bfe8-30d5-4e85-99ae-7ad72f4835ce', '5', 0, 5, NULL);
INSERT INTO `device_extend_field` VALUES ('e9a237fa-16f0-4ecd-b16b-84124201f74b', '6390f984-774b-4d84-8ef6-609b05acc146', '电源', 0, 3, NULL);
INSERT INTO `device_extend_field` VALUES ('ea9a7f58-64e5-4e30-a945-493249c5f94d', 'f294bfe8-30d5-4e85-99ae-7ad72f4835ce', '6', 0, 6, NULL);
INSERT INTO `device_extend_field` VALUES ('f6b7e1d3-e167-4872-9e6a-0f8bd729f4cc', '78a68ad2-8760-48af-bb5c-a78141ea8d53', '信号机位置(km)', 0, 2, NULL);
INSERT INTO `device_extend_field` VALUES ('f71430e7-3b32-48b0-b329-662f3c8c8f6b', '937', '价格', 0, 4, NULL);
INSERT INTO `device_extend_field` VALUES ('f89ba72f-1a11-487d-b45d-948b0c3abe91', '6390f984-774b-4d84-8ef6-609b05acc146', '风扇', 1, 4, NULL);
INSERT INTO `device_extend_field` VALUES ('fca852a9-1550-4801-b768-6718e24b7b45', '92065cc2-b672-472b-abe3-09c856eb5f5d', '道岔号', 0, 2, NULL);

-- ----------------------------
-- Table structure for device_extend_values
-- ----------------------------
DROP TABLE IF EXISTS `device_extend_values`;
CREATE TABLE `device_extend_values`  (
  `id` varchar(36) CHARACTER SET utf8mb4 COLLATE utf8mb4_0900_ai_ci NOT NULL,
  `device_field_id` varchar(36) CHARACTER SET utf8mb4 COLLATE utf8mb4_0900_ai_ci NOT NULL,
  `device_type_id` varchar(36) CHARACTER SET utf8mb4 COLLATE utf8mb4_0900_ai_ci NOT NULL,
  `device_id` varchar(36) CHARACTER SET utf8mb4 COLLATE utf8mb4_0900_ai_ci NOT NULL,
  `field_value` varchar(255) CHARACTER SET utf8mb4 COLLATE utf8mb4_0900_ai_ci NULL DEFAULT NULL,
  PRIMARY KEY (`id`) USING BTREE
) ENGINE = InnoDB CHARACTER SET = utf8mb4 COLLATE = utf8mb4_0900_ai_ci ROW_FORMAT = Dynamic;

-- ----------------------------
-- Records of device_extend_values
-- ----------------------------
INSERT INTO `device_extend_values` VALUES ('001c9064-b413-4b8d-a5db-8e418d0ccc65', 'a4936812-d3ef-442d-aaa3-c8a5d2b8f885', '78a68ad2-8760-48af-bb5c-a78141ea8d53', '9311ec4c-9b65-4d2a-8bc9-2c0ce9b54b81', '进站');
INSERT INTO `device_extend_values` VALUES ('001ec8ca-14d4-4d47-84bd-33fc8ca27524', '180f5a84-169b-4b93-922c-5ada48d52d2f', '78a68ad2-8760-48af-bb5c-a78141ea8d53', '92746a2a-a2b5-45ae-afe1-2256d8364d34', 'ZPW-2000A/K型无绝缘');
INSERT INTO `device_extend_values` VALUES ('0048f13e-c860-4476-ae83-6dd4907bae33', '2f11ce25-0826-4c32-8d90-bf2b140923ef', '78a68ad2-8760-48af-bb5c-a78141ea8d53', '53a37501-f2ad-4aaa-b35b-461b3609ff0f', '1700');
INSERT INTO `device_extend_values` VALUES ('00b8f09e-26a4-477a-ba79-5e30425b3b31', '2f11ce25-0826-4c32-8d90-bf2b140923ef', '78a68ad2-8760-48af-bb5c-a78141ea8d53', 'e646486e-8aa6-4855-9b41-e7e5cca33bc5', '2600');
INSERT INTO `device_extend_values` VALUES ('00f25044-11d0-4480-991b-9f972ca43e2e', '2f11ce25-0826-4c32-8d90-bf2b140923ef', '78a68ad2-8760-48af-bb5c-a78141ea8d53', '573ebb30-a05a-47fc-ba26-e332cc7f91b0', '1700');
INSERT INTO `device_extend_values` VALUES ('014b3dfa-86e5-4a03-b800-76cc9947ab22', '2f11ce25-0826-4c32-8d90-bf2b140923ef', '78a68ad2-8760-48af-bb5c-a78141ea8d53', 'f9841af1-781e-4a0a-b1f1-06147d7ffa57', '2000');
INSERT INTO `device_extend_values` VALUES ('0173349b-cc4a-4fe7-9fbf-3151e6211f1c', 'a4936812-d3ef-442d-aaa3-c8a5d2b8f885', '78a68ad2-8760-48af-bb5c-a78141ea8d53', 'f9841af1-781e-4a0a-b1f1-06147d7ffa57', '通过');
INSERT INTO `device_extend_values` VALUES ('017880d2-2ed8-4bb6-8fdc-8dba1b8566cd', 'd5f28991-eafe-472c-b25d-33e6720320fd', '78a68ad2-8760-48af-bb5c-a78141ea8d53', '453cc174-242a-4ec4-9fee-86db8a78069e', '半自闭');
INSERT INTO `device_extend_values` VALUES ('018eed68-5dca-4446-a003-fdd5c8c76465', 'd5f28991-eafe-472c-b25d-33e6720320fd', '78a68ad2-8760-48af-bb5c-a78141ea8d53', '30bb6a0b-db8f-47fa-9819-b1fce0a26ff7', '自闭');
INSERT INTO `device_extend_values` VALUES ('02022bf3-278b-40d8-b607-8e6a09b146e7', 'a4936812-d3ef-442d-aaa3-c8a5d2b8f885', '78a68ad2-8760-48af-bb5c-a78141ea8d53', '17cdce6a-92aa-4239-89fa-cc19515d4826', '通过');
INSERT INTO `device_extend_values` VALUES ('02205aaf-cc93-4d41-b32a-acf9b55fc769', 'f6b7e1d3-e167-4872-9e6a-0f8bd729f4cc', '78a68ad2-8760-48af-bb5c-a78141ea8d53', '5cc7d002-4a62-4d15-9a20-2d8ca0884c20', '1.221');
INSERT INTO `device_extend_values` VALUES ('028d69a0-216d-4df6-bf70-e8eeba06490f', '66390bfd-9f3c-41e1-bb6a-f281dd9953f3', '78a68ad2-8760-48af-bb5c-a78141ea8d53', 'd49cb9a4-c450-4461-b6f2-282bf0d50e80', '下');
INSERT INTO `device_extend_values` VALUES ('02da4a64-7d43-44d6-bb80-eb3679ab8108', 'f6b7e1d3-e167-4872-9e6a-0f8bd729f4cc', '78a68ad2-8760-48af-bb5c-a78141ea8d53', 'b2c08127-b6c9-42f8-a2b1-1488b45e8fe4', '0.376');
INSERT INTO `device_extend_values` VALUES ('03014192-bade-417b-b746-9aa7aaa09b38', '66390bfd-9f3c-41e1-bb6a-f281dd9953f3', '78a68ad2-8760-48af-bb5c-a78141ea8d53', '821ca00c-07e8-4c41-845f-e3a13dd9d353', '下');
INSERT INTO `device_extend_values` VALUES ('03135b18-3675-434a-a8f2-766c8e1e762d', '2f11ce25-0826-4c32-8d90-bf2b140923ef', '78a68ad2-8760-48af-bb5c-a78141ea8d53', 'f3fe5f36-6f3d-430b-8fc0-79236633be1d', '2300');
INSERT INTO `device_extend_values` VALUES ('035236a1-8f96-48c5-87a5-505833b896ce', '2f11ce25-0826-4c32-8d90-bf2b140923ef', '78a68ad2-8760-48af-bb5c-a78141ea8d53', '325897ba-6f9a-4441-bb7b-849e9ba4acb5', '2300');
INSERT INTO `device_extend_values` VALUES ('03cb8572-e9fa-4f6c-86d8-afd9f2a55a12', 'd5f28991-eafe-472c-b25d-33e6720320fd', '78a68ad2-8760-48af-bb5c-a78141ea8d53', '521a7fd8-e091-4362-83ed-bc7db58b027a', '半自闭');
INSERT INTO `device_extend_values` VALUES ('03f13b6a-f578-4487-a699-bc90347867ae', 'f6b7e1d3-e167-4872-9e6a-0f8bd729f4cc', '78a68ad2-8760-48af-bb5c-a78141ea8d53', 'e13a0b02-7251-45c1-acab-b6fe330fbbcb', '11.928');
INSERT INTO `device_extend_values` VALUES ('03f2cfdd-ae45-40a5-a9a7-bb7e28e4a9b8', '2f11ce25-0826-4c32-8d90-bf2b140923ef', '78a68ad2-8760-48af-bb5c-a78141ea8d53', 'cfb6b2aa-416a-4917-a6bc-544d889c1c1f', '2600');
INSERT INTO `device_extend_values` VALUES ('03f62652-acb6-4d50-9df3-faa77f349564', 'f6b7e1d3-e167-4872-9e6a-0f8bd729f4cc', '78a68ad2-8760-48af-bb5c-a78141ea8d53', 'c10448e0-7873-4193-86eb-897da8a6893d', '4.906');
INSERT INTO `device_extend_values` VALUES ('041bcfe1-7384-4e67-ad28-42385453961c', '2f11ce25-0826-4c32-8d90-bf2b140923ef', '78a68ad2-8760-48af-bb5c-a78141ea8d53', 'a13b50ff-981e-488e-b9d7-4cab796d3545', '2000');
INSERT INTO `device_extend_values` VALUES ('043a8e24-0fbf-4c13-b66a-14cff139d1e1', '66390bfd-9f3c-41e1-bb6a-f281dd9953f3', '78a68ad2-8760-48af-bb5c-a78141ea8d53', 'c10448e0-7873-4193-86eb-897da8a6893d', '上');
INSERT INTO `device_extend_values` VALUES ('0453a657-14d6-4ec2-8846-319f8943e7e0', '66390bfd-9f3c-41e1-bb6a-f281dd9953f3', '78a68ad2-8760-48af-bb5c-a78141ea8d53', 'd7def4c6-9878-4616-af7e-5eb29f9197bd', '下');
INSERT INTO `device_extend_values` VALUES ('0479e24c-af18-425a-9d27-a1131d47f852', 'a4936812-d3ef-442d-aaa3-c8a5d2b8f885', '78a68ad2-8760-48af-bb5c-a78141ea8d53', '81990ca4-033d-4948-b026-86fc948fc4e0', '出站');
INSERT INTO `device_extend_values` VALUES ('04803d57-220e-427a-a5c8-70b73e13036c', '66390bfd-9f3c-41e1-bb6a-f281dd9953f3', '78a68ad2-8760-48af-bb5c-a78141ea8d53', '61d14973-d344-46dc-a551-af1bf260cd4f', '上');
INSERT INTO `device_extend_values` VALUES ('04bbaf4c-f578-4a04-aee0-f81a44108648', '66390bfd-9f3c-41e1-bb6a-f281dd9953f3', '78a68ad2-8760-48af-bb5c-a78141ea8d53', '1454384e-bcb5-4759-a637-5f0a4c97500a', '下');
INSERT INTO `device_extend_values` VALUES ('04c729c5-c853-4b9f-8e9b-3c74d902d399', '180f5a84-169b-4b93-922c-5ada48d52d2f', '78a68ad2-8760-48af-bb5c-a78141ea8d53', 'e06b4721-3eee-4ff6-848f-d7e0f7003fbc', 'ZPW-2000A/K型无绝缘');
INSERT INTO `device_extend_values` VALUES ('04c7ca4c-39eb-4f66-bae6-75e4ca5fb243', 'd5f28991-eafe-472c-b25d-33e6720320fd', '78a68ad2-8760-48af-bb5c-a78141ea8d53', 'a3cc4d71-9932-4de2-ad88-1a154ed0ce71', '自闭');
INSERT INTO `device_extend_values` VALUES ('04d1637a-9fd6-4826-93d8-25a649cba4ad', 'f6b7e1d3-e167-4872-9e6a-0f8bd729f4cc', '78a68ad2-8760-48af-bb5c-a78141ea8d53', '5b446ae2-aab3-4880-afd8-e02b36c1813c', '0.376');
INSERT INTO `device_extend_values` VALUES ('0503ecce-b889-4aec-843e-5b2a960a3dd8', 'd5f28991-eafe-472c-b25d-33e6720320fd', '78a68ad2-8760-48af-bb5c-a78141ea8d53', '8f8e6f68-232d-4024-aebe-f399bcb2baad', '半自闭');
INSERT INTO `device_extend_values` VALUES ('051abd84-59bf-4157-b2d2-3988d8354539', 'a4936812-d3ef-442d-aaa3-c8a5d2b8f885', '78a68ad2-8760-48af-bb5c-a78141ea8d53', '92e11cec-ff2d-4851-a73b-dccb41aca49f', '出站');
INSERT INTO `device_extend_values` VALUES ('05221324-3943-4630-b0d2-e1238c40b94d', '180f5a84-169b-4b93-922c-5ada48d52d2f', '78a68ad2-8760-48af-bb5c-a78141ea8d53', 'e646486e-8aa6-4855-9b41-e7e5cca33bc5', 'ZPW-2000A/K型无绝缘');
INSERT INTO `device_extend_values` VALUES ('05364661-a9c1-40fb-a6c7-021888e70f48', '06a1cc4c-9de5-4e05-9c63-5d868889fbfd', '78a68ad2-8760-48af-bb5c-a78141ea8d53', '2a274fd7-bece-40bb-94fc-c278456d1b25', '标准UM71');
INSERT INTO `device_extend_values` VALUES ('0550ea7d-0045-4b88-8782-300f894bd287', '180f5a84-169b-4b93-922c-5ada48d52d2f', '78a68ad2-8760-48af-bb5c-a78141ea8d53', '6a69cded-a7ca-4571-a765-1e0f292d9529', 'ZPW2000A型移频');
INSERT INTO `device_extend_values` VALUES ('0553f94d-efa4-4c2e-822e-f07ddf63529b', '180f5a84-169b-4b93-922c-5ada48d52d2f', '78a68ad2-8760-48af-bb5c-a78141ea8d53', 'a53dc08f-a51e-4769-8632-3a2bbff33584', 'ZPW2000A型移频');
INSERT INTO `device_extend_values` VALUES ('058213e8-ed2e-4882-8ea3-821a971017cf', '06a1cc4c-9de5-4e05-9c63-5d868889fbfd', '78a68ad2-8760-48af-bb5c-a78141ea8d53', '92746a2a-a2b5-45ae-afe1-2256d8364d34', '标准UM71');
INSERT INTO `device_extend_values` VALUES ('05b12872-4d33-4383-965b-c9cdedbe02ca', '2f11ce25-0826-4c32-8d90-bf2b140923ef', '78a68ad2-8760-48af-bb5c-a78141ea8d53', '64ddf142-3925-4d19-8510-3463ac3e9119', '2000');
INSERT INTO `device_extend_values` VALUES ('05c68cd2-8e78-410e-9617-7de988daa6b8', '2f11ce25-0826-4c32-8d90-bf2b140923ef', '78a68ad2-8760-48af-bb5c-a78141ea8d53', 'b45978ca-9c49-4bbf-aefc-1d56c7e2cb15', '2000');
INSERT INTO `device_extend_values` VALUES ('062f8025-f7bd-48a0-a5f3-64dbabc4591b', 'a4936812-d3ef-442d-aaa3-c8a5d2b8f885', '78a68ad2-8760-48af-bb5c-a78141ea8d53', '61f66f8e-1a00-4ee9-82ba-37eac1aa836d', '通过');
INSERT INTO `device_extend_values` VALUES ('063c2475-3c62-46f6-920c-80dedbbfb121', '06a1cc4c-9de5-4e05-9c63-5d868889fbfd', '78a68ad2-8760-48af-bb5c-a78141ea8d53', 'ee020b32-cb8d-4a79-84c0-1fc9230414b2', '标准UM71');
INSERT INTO `device_extend_values` VALUES ('06539780-8c33-4641-a239-7ba665faab5c', '06a1cc4c-9de5-4e05-9c63-5d868889fbfd', '78a68ad2-8760-48af-bb5c-a78141ea8d53', '33131992-6c8c-469f-82b6-307532e3d1d3', '标准UM71');
INSERT INTO `device_extend_values` VALUES ('06ab6e5e-f644-4dae-986d-6558fe6fe14a', 'a4936812-d3ef-442d-aaa3-c8a5d2b8f885', '78a68ad2-8760-48af-bb5c-a78141ea8d53', 'bf68632a-d9ae-45d8-a1ad-162aa750c785', '进站');
INSERT INTO `device_extend_values` VALUES ('07214339-02d7-4834-8b39-609f839714aa', 'f6b7e1d3-e167-4872-9e6a-0f8bd729f4cc', '78a68ad2-8760-48af-bb5c-a78141ea8d53', '2e36c22f-08ec-4efd-ab7a-c5f95a2bc9f6', '0.376');
INSERT INTO `device_extend_values` VALUES ('073763e7-a3c5-4ee9-98a3-11ec24d1e23f', '06a1cc4c-9de5-4e05-9c63-5d868889fbfd', '78a68ad2-8760-48af-bb5c-a78141ea8d53', 'a7eee9f3-fcfb-4f06-8005-e7817730204a', '标准UM71');
INSERT INTO `device_extend_values` VALUES ('075dd6c7-eb59-4761-992a-27200fe59d5e', '66390bfd-9f3c-41e1-bb6a-f281dd9953f3', '78a68ad2-8760-48af-bb5c-a78141ea8d53', 'aec13fea-0d0f-4f04-ab0e-8abff99a0258', '上');
INSERT INTO `device_extend_values` VALUES ('079006f9-2685-4e00-88fc-3a7e50330ca3', '66390bfd-9f3c-41e1-bb6a-f281dd9953f3', '78a68ad2-8760-48af-bb5c-a78141ea8d53', '5fc4150b-56b1-4994-82c4-f011001e0f11', '上');
INSERT INTO `device_extend_values` VALUES ('07f1ce57-3925-4556-8bc3-a0201004074f', 'a4936812-d3ef-442d-aaa3-c8a5d2b8f885', '78a68ad2-8760-48af-bb5c-a78141ea8d53', 'a6688969-c417-46a9-ae54-46f6f27401b1', '出站');
INSERT INTO `device_extend_values` VALUES ('0808573c-78f7-4614-8022-7e75566dc285', '06a1cc4c-9de5-4e05-9c63-5d868889fbfd', '78a68ad2-8760-48af-bb5c-a78141ea8d53', 'e2a30f88-9a87-468d-89c4-f087ef9c9c9d', '标准UM71');
INSERT INTO `device_extend_values` VALUES ('0840ed69-a4a0-4a69-895d-6c110732e120', 'd5f28991-eafe-472c-b25d-33e6720320fd', '78a68ad2-8760-48af-bb5c-a78141ea8d53', 'acdb18c4-0e24-45b0-b0de-622b8c73f300', '自闭');
INSERT INTO `device_extend_values` VALUES ('08877117-6001-4ff9-8bd2-384c00ef107e', '66390bfd-9f3c-41e1-bb6a-f281dd9953f3', '78a68ad2-8760-48af-bb5c-a78141ea8d53', 'a7eee9f3-fcfb-4f06-8005-e7817730204a', '下');
INSERT INTO `device_extend_values` VALUES ('08a5b288-b25c-45c8-9e47-9ebad5ba35e7', '2f11ce25-0826-4c32-8d90-bf2b140923ef', '78a68ad2-8760-48af-bb5c-a78141ea8d53', '0aae4978-a20f-4c7a-ad87-92c34b9c06f7', '2000');
INSERT INTO `device_extend_values` VALUES ('08a5f268-f610-4e62-896a-7aa72d4c25fa', '180f5a84-169b-4b93-922c-5ada48d52d2f', '78a68ad2-8760-48af-bb5c-a78141ea8d53', '1f907f7f-ad95-4374-b915-8b081720b99c', 'ZPW-2000A/K型无绝缘');
INSERT INTO `device_extend_values` VALUES ('08cdaf10-c687-431b-8494-6987972eb432', 'a4936812-d3ef-442d-aaa3-c8a5d2b8f885', '78a68ad2-8760-48af-bb5c-a78141ea8d53', '840b0613-6407-44b6-9299-343a078064ed', '出站');
INSERT INTO `device_extend_values` VALUES ('094398f7-a234-4f0a-9d35-07b2b9964226', 'd5f28991-eafe-472c-b25d-33e6720320fd', '78a68ad2-8760-48af-bb5c-a78141ea8d53', 'f3b137e8-9e57-410c-a862-e8079e03da99', '半自闭');
INSERT INTO `device_extend_values` VALUES ('097a9f9a-19ee-4517-a624-83b73e61f8cc', '66390bfd-9f3c-41e1-bb6a-f281dd9953f3', '78a68ad2-8760-48af-bb5c-a78141ea8d53', 'a13b50ff-981e-488e-b9d7-4cab796d3545', '下');
INSERT INTO `device_extend_values` VALUES ('09c42662-1c77-4ad7-91f2-8b6ea4b95a0a', 'f6b7e1d3-e167-4872-9e6a-0f8bd729f4cc', '78a68ad2-8760-48af-bb5c-a78141ea8d53', 'ee020b32-cb8d-4a79-84c0-1fc9230414b2', '3.035');
INSERT INTO `device_extend_values` VALUES ('0a1068d2-eedd-49f6-98eb-261da00aee17', '06a1cc4c-9de5-4e05-9c63-5d868889fbfd', '78a68ad2-8760-48af-bb5c-a78141ea8d53', '573ebb30-a05a-47fc-ba26-e332cc7f91b0', '标准UM71');
INSERT INTO `device_extend_values` VALUES ('0a4210b7-d2fe-4e94-b8a9-af8a6ff49390', 'd5f28991-eafe-472c-b25d-33e6720320fd', '78a68ad2-8760-48af-bb5c-a78141ea8d53', '3e8f2687-402a-43c7-9cb6-48bf2a0dd5ca', '自闭');
INSERT INTO `device_extend_values` VALUES ('0a52a3e3-4255-4fec-899b-5554485638cd', '66390bfd-9f3c-41e1-bb6a-f281dd9953f3', '78a68ad2-8760-48af-bb5c-a78141ea8d53', '3ea9710a-a46a-42f7-b4f0-23e38ffff0a0', '上');
INSERT INTO `device_extend_values` VALUES ('0a5fa2e2-6fe8-4d7d-9ed2-0970060cef58', '180f5a84-169b-4b93-922c-5ada48d52d2f', '78a68ad2-8760-48af-bb5c-a78141ea8d53', '39c96f39-b707-44d6-91f6-2fa9d3a3c852', 'ZPW-2000A/K型无绝缘');
INSERT INTO `device_extend_values` VALUES ('0ab81447-0378-421f-800c-7b3487ae7e9f', 'f6b7e1d3-e167-4872-9e6a-0f8bd729f4cc', '78a68ad2-8760-48af-bb5c-a78141ea8d53', '26ccbed6-8414-4852-a130-233bc18c533c', '1.799');
INSERT INTO `device_extend_values` VALUES ('0afa14db-8403-40a6-8b1b-98b2c484a0b7', '06a1cc4c-9de5-4e05-9c63-5d868889fbfd', '78a68ad2-8760-48af-bb5c-a78141ea8d53', '521a7fd8-e091-4362-83ed-bc7db58b027a', '标准UM71');
INSERT INTO `device_extend_values` VALUES ('0ba37abf-f5eb-4b35-a345-d797c572aecd', '2f11ce25-0826-4c32-8d90-bf2b140923ef', '78a68ad2-8760-48af-bb5c-a78141ea8d53', '3e8f2687-402a-43c7-9cb6-48bf2a0dd5ca', '2300');
INSERT INTO `device_extend_values` VALUES ('0ba7e38f-2f16-4481-b7c2-40468a7f72ba', 'd5f28991-eafe-472c-b25d-33e6720320fd', '78a68ad2-8760-48af-bb5c-a78141ea8d53', '25abcc7f-cfb7-4b8a-8964-1239de3aa5d2', '半自闭');
INSERT INTO `device_extend_values` VALUES ('0bbffdfd-80f3-4d5b-af37-1240d19560db', 'f6b7e1d3-e167-4872-9e6a-0f8bd729f4cc', '78a68ad2-8760-48af-bb5c-a78141ea8d53', 'b2720066-2cb0-4050-890e-42777b396318', '11.928');
INSERT INTO `device_extend_values` VALUES ('0bd1ec32-a91b-4405-9bf6-f7b738562bd0', '180f5a84-169b-4b93-922c-5ada48d52d2f', '78a68ad2-8760-48af-bb5c-a78141ea8d53', '9fc85db7-a26e-4f02-b144-68aca2e74063', 'ZPW-2000A/K型无绝缘');
INSERT INTO `device_extend_values` VALUES ('0be0851c-b22e-42c5-8483-4d597c7b6ed1', 'd5f28991-eafe-472c-b25d-33e6720320fd', '78a68ad2-8760-48af-bb5c-a78141ea8d53', '033d85c5-3e29-4f9d-b331-266a87993085', '半自闭');
INSERT INTO `device_extend_values` VALUES ('0c0277e7-bce5-4c36-ac79-e7386506bdfc', 'a4936812-d3ef-442d-aaa3-c8a5d2b8f885', '78a68ad2-8760-48af-bb5c-a78141ea8d53', '97ce1be3-db66-423f-b699-3be2e5644307', '进站');
INSERT INTO `device_extend_values` VALUES ('0c03930f-1734-4b2d-bd9d-7be3e7f22718', '180f5a84-169b-4b93-922c-5ada48d52d2f', '78a68ad2-8760-48af-bb5c-a78141ea8d53', 'd7def4c6-9878-4616-af7e-5eb29f9197bd', 'ZPW-2000A/K型无绝缘');
INSERT INTO `device_extend_values` VALUES ('0c5164b8-84c8-433b-a4a9-0eeb46673025', 'd5f28991-eafe-472c-b25d-33e6720320fd', '78a68ad2-8760-48af-bb5c-a78141ea8d53', '19db4474-2e09-4988-9710-d805dd622318', '半自闭');
INSERT INTO `device_extend_values` VALUES ('0c6ea2de-755d-4b65-8005-a1e7d6202111', '2f11ce25-0826-4c32-8d90-bf2b140923ef', '78a68ad2-8760-48af-bb5c-a78141ea8d53', 'd7419e22-2e1b-4b54-bc6a-4f8140fd41fa', '2600/2000/2600/ 2000');
INSERT INTO `device_extend_values` VALUES ('0c70459f-e2c6-410f-b988-48738622b6fd', '2f11ce25-0826-4c32-8d90-bf2b140923ef', '78a68ad2-8760-48af-bb5c-a78141ea8d53', '9abd0a3c-e655-4105-85c7-38aec93787d3', '1700');
INSERT INTO `device_extend_values` VALUES ('0ca593f1-4789-4c7e-af91-96dc41fcf483', 'd5f28991-eafe-472c-b25d-33e6720320fd', '78a68ad2-8760-48af-bb5c-a78141ea8d53', '52ca609a-1265-4f80-9911-70b93a363c1f', '半自闭');
INSERT INTO `device_extend_values` VALUES ('0cbe603e-3bb3-4bd9-83fa-707cea653927', 'f6b7e1d3-e167-4872-9e6a-0f8bd729f4cc', '78a68ad2-8760-48af-bb5c-a78141ea8d53', 'e8e00ab6-3777-44b9-a142-692975c3b999', '11.928');
INSERT INTO `device_extend_values` VALUES ('0d0f4ca8-2f2f-4ab0-a8bc-8bae03c90ed7', 'a4936812-d3ef-442d-aaa3-c8a5d2b8f885', '78a68ad2-8760-48af-bb5c-a78141ea8d53', 'acdb18c4-0e24-45b0-b0de-622b8c73f300', '进站');
INSERT INTO `device_extend_values` VALUES ('0d1a2e00-c091-4ba8-a98a-0425bf389d46', 'f6b7e1d3-e167-4872-9e6a-0f8bd729f4cc', '78a68ad2-8760-48af-bb5c-a78141ea8d53', '52ca609a-1265-4f80-9911-70b93a363c1f', '2.06');
INSERT INTO `device_extend_values` VALUES ('0d1f71fc-3596-48f1-b117-779b9b090140', 'a4936812-d3ef-442d-aaa3-c8a5d2b8f885', '78a68ad2-8760-48af-bb5c-a78141ea8d53', '274012ba-77dc-47b8-817d-3dc10b322862', '出站');
INSERT INTO `device_extend_values` VALUES ('0d85b1d4-b7be-49a4-a35a-4fd9e5494569', 'a4936812-d3ef-442d-aaa3-c8a5d2b8f885', '78a68ad2-8760-48af-bb5c-a78141ea8d53', 'e439b451-d489-4d8e-bffa-f39acca4c81b', '通过');
INSERT INTO `device_extend_values` VALUES ('0da1f98f-a089-4d76-9882-2c7cefc20ea4', '66390bfd-9f3c-41e1-bb6a-f281dd9953f3', '78a68ad2-8760-48af-bb5c-a78141ea8d53', '6a69cded-a7ca-4571-a765-1e0f292d9529', '下');
INSERT INTO `device_extend_values` VALUES ('0db652f0-62d0-4c6b-8dc8-086187867863', '66390bfd-9f3c-41e1-bb6a-f281dd9953f3', '78a68ad2-8760-48af-bb5c-a78141ea8d53', '3c3efd88-fc3d-4969-b4de-47582a9b9755', '下');
INSERT INTO `device_extend_values` VALUES ('0dd3fd1d-d13d-40d5-8b65-340ecbfa4e8d', 'f6b7e1d3-e167-4872-9e6a-0f8bd729f4cc', '78a68ad2-8760-48af-bb5c-a78141ea8d53', 'e8772c33-9231-4fbf-bdd4-0f67e0ef5da8', '1.026');
INSERT INTO `device_extend_values` VALUES ('0de8b08c-a2ab-4981-8d8f-923f801e7cab', '180f5a84-169b-4b93-922c-5ada48d52d2f', '78a68ad2-8760-48af-bb5c-a78141ea8d53', '61d21af0-e7b6-40d1-95eb-ebc0961889b3', 'ZPW2000A型移频');
INSERT INTO `device_extend_values` VALUES ('0ded61e2-5244-4980-9378-642a351e9fde', 'd5f28991-eafe-472c-b25d-33e6720320fd', '78a68ad2-8760-48af-bb5c-a78141ea8d53', 'e06b4721-3eee-4ff6-848f-d7e0f7003fbc', '半自闭');
INSERT INTO `device_extend_values` VALUES ('0e0e8c23-7056-4602-af6e-077584bd96da', 'a4936812-d3ef-442d-aaa3-c8a5d2b8f885', '78a68ad2-8760-48af-bb5c-a78141ea8d53', '685eb5f5-f9ce-4dca-ad23-e2b6d45a7dff', '预告');
INSERT INTO `device_extend_values` VALUES ('0e3c02f5-db8c-4ea8-aa33-41d921c93be4', 'd5f28991-eafe-472c-b25d-33e6720320fd', '78a68ad2-8760-48af-bb5c-a78141ea8d53', '6c9b8732-dc41-4dd0-a00f-08dd613ab8e7', '自闭');
INSERT INTO `device_extend_values` VALUES ('0e7c194b-9033-48ea-b548-a98a62959454', 'd5f28991-eafe-472c-b25d-33e6720320fd', '78a68ad2-8760-48af-bb5c-a78141ea8d53', 'fe9e1f02-7db8-473e-97c6-ba77e92a0718', '半自闭');
INSERT INTO `device_extend_values` VALUES ('0e909c5c-6f79-4c23-9176-e17ce01cf6e0', 'a4936812-d3ef-442d-aaa3-c8a5d2b8f885', '78a68ad2-8760-48af-bb5c-a78141ea8d53', '4f40aad2-b49a-4ee5-ae7f-6eac2ec649ea', '进站');
INSERT INTO `device_extend_values` VALUES ('0ecf4d5a-5fe9-4c8a-a0d6-ddad22f8b7aa', 'f6b7e1d3-e167-4872-9e6a-0f8bd729f4cc', '78a68ad2-8760-48af-bb5c-a78141ea8d53', '48f31415-61d9-4ff8-a72f-639f3eeacbd7', '1.799');
INSERT INTO `device_extend_values` VALUES ('0f013f2e-415f-42b1-a364-c0f6d8992da3', 'f6b7e1d3-e167-4872-9e6a-0f8bd729f4cc', '78a68ad2-8760-48af-bb5c-a78141ea8d53', '4a9912a5-2b50-4937-970a-70f4a7e61731', '1.231');
INSERT INTO `device_extend_values` VALUES ('0f7c7313-b5fb-4546-adc0-d2490c1ad2d1', '06a1cc4c-9de5-4e05-9c63-5d868889fbfd', '78a68ad2-8760-48af-bb5c-a78141ea8d53', '5cc7d002-4a62-4d15-9a20-2d8ca0884c20', '标准UM71');
INSERT INTO `device_extend_values` VALUES ('0fb31d01-b5ee-4a8c-bc7b-1a3098c8b200', '06a1cc4c-9de5-4e05-9c63-5d868889fbfd', '78a68ad2-8760-48af-bb5c-a78141ea8d53', '6e860d74-20e2-42a7-8027-046544da24ff', '标准UM71');
INSERT INTO `device_extend_values` VALUES ('0fe62985-60a9-4d17-9e25-c1bf60c10860', '2f11ce25-0826-4c32-8d90-bf2b140923ef', '78a68ad2-8760-48af-bb5c-a78141ea8d53', '4b6d5bb0-1dd4-4c89-b118-a1a162297690', '2300');
INSERT INTO `device_extend_values` VALUES ('1022ebb2-963b-4725-b7cc-f9daabb2b6a8', '06a1cc4c-9de5-4e05-9c63-5d868889fbfd', '78a68ad2-8760-48af-bb5c-a78141ea8d53', '033d85c5-3e29-4f9d-b331-266a87993085', '标准UM71');
INSERT INTO `device_extend_values` VALUES ('1041ef5a-7b95-4456-b8e7-927178334db3', 'd5f28991-eafe-472c-b25d-33e6720320fd', '78a68ad2-8760-48af-bb5c-a78141ea8d53', '1c2a4f22-b2a6-4f45-b609-8e53a8e2cb6b', '半自闭');
INSERT INTO `device_extend_values` VALUES ('10674069-85d3-4058-804d-3e2556aab545', '2f11ce25-0826-4c32-8d90-bf2b140923ef', '78a68ad2-8760-48af-bb5c-a78141ea8d53', '3ebda1ff-a823-4ac9-ad96-bd860ebf295e', '1700/2300/1700/ 2300/1700');
INSERT INTO `device_extend_values` VALUES ('1096d98d-f053-4a9f-911f-d3cd3f09f5c2', 'f6b7e1d3-e167-4872-9e6a-0f8bd729f4cc', '78a68ad2-8760-48af-bb5c-a78141ea8d53', 'fab9ebca-d93c-4761-880a-3bc6454ffc8d', '3.035');
INSERT INTO `device_extend_values` VALUES ('109a5af5-5393-47c3-8e30-681fbe61d2cc', '2f11ce25-0826-4c32-8d90-bf2b140923ef', '78a68ad2-8760-48af-bb5c-a78141ea8d53', '3b8ba5b1-05ca-4b0e-b0c4-ee5405c460a9', '2600');
INSERT INTO `device_extend_values` VALUES ('10b16e3d-74db-4ca2-bcf2-2c3e408e3907', '180f5a84-169b-4b93-922c-5ada48d52d2f', '78a68ad2-8760-48af-bb5c-a78141ea8d53', 'f9b244ab-1a55-49ea-adee-9d1dddf17cd7', 'ZPW-2000A/K型无绝缘');
INSERT INTO `device_extend_values` VALUES ('10e35885-cbe0-4eb2-8488-3f41cff66d2d', 'f6b7e1d3-e167-4872-9e6a-0f8bd729f4cc', '78a68ad2-8760-48af-bb5c-a78141ea8d53', '47bc9c79-f29f-4964-8661-6381700b8a43', '11.187');
INSERT INTO `device_extend_values` VALUES ('112ac927-c74c-4cf1-a84d-41dba5e8ffd8', 'f6b7e1d3-e167-4872-9e6a-0f8bd729f4cc', '78a68ad2-8760-48af-bb5c-a78141ea8d53', '250ff211-be54-4975-8862-95afe1e40621', '1.029');
INSERT INTO `device_extend_values` VALUES ('117485d6-5c41-4175-8ce8-bf899c061e72', 'a4936812-d3ef-442d-aaa3-c8a5d2b8f885', '78a68ad2-8760-48af-bb5c-a78141ea8d53', '9ed2e72e-19b4-40f5-b2be-5bd0458c85ed', '出站');
INSERT INTO `device_extend_values` VALUES ('11797612-2b30-44a7-b30b-7862faed6a3e', 'd5f28991-eafe-472c-b25d-33e6720320fd', '78a68ad2-8760-48af-bb5c-a78141ea8d53', '0e01d7fe-7f53-4935-8542-c681101abe93', '自闭');
INSERT INTO `device_extend_values` VALUES ('11f41b37-ee3f-4cb4-b9f3-193f47078beb', '06a1cc4c-9de5-4e05-9c63-5d868889fbfd', '78a68ad2-8760-48af-bb5c-a78141ea8d53', '3c3efd88-fc3d-4969-b4de-47582a9b9755', '标准UM71');
INSERT INTO `device_extend_values` VALUES ('11f66b1a-e8fd-4368-86cb-51833e92c43e', 'a4936812-d3ef-442d-aaa3-c8a5d2b8f885', '78a68ad2-8760-48af-bb5c-a78141ea8d53', 'd0fe9754-2154-483b-84ba-bf1df766e400', '进站');
INSERT INTO `device_extend_values` VALUES ('12092f6c-46c6-4566-9c2d-1e56cf902d5b', 'd5f28991-eafe-472c-b25d-33e6720320fd', '78a68ad2-8760-48af-bb5c-a78141ea8d53', 'fab9ebca-d93c-4761-880a-3bc6454ffc8d', '自闭');
INSERT INTO `device_extend_values` VALUES ('120f3303-4ca2-4774-9a2c-1ad4193b7d32', '66390bfd-9f3c-41e1-bb6a-f281dd9953f3', '78a68ad2-8760-48af-bb5c-a78141ea8d53', '52ca609a-1265-4f80-9911-70b93a363c1f', '下');
INSERT INTO `device_extend_values` VALUES ('121ce20f-2a65-4e1f-bc8d-9c52ac3e8544', 'f6b7e1d3-e167-4872-9e6a-0f8bd729f4cc', '78a68ad2-8760-48af-bb5c-a78141ea8d53', 'c579b1ba-fce1-4900-b84b-7b42d35d5da9', '11.187');
INSERT INTO `device_extend_values` VALUES ('122a6bed-d10d-4067-8524-a1e403f958cf', '06a1cc4c-9de5-4e05-9c63-5d868889fbfd', '78a68ad2-8760-48af-bb5c-a78141ea8d53', 'dd321c34-2861-4c8b-af10-7984e8a79dc3', '标准UM71');
INSERT INTO `device_extend_values` VALUES ('126f09ea-0897-48af-b5c6-a2f9837c05b4', '66390bfd-9f3c-41e1-bb6a-f281dd9953f3', '78a68ad2-8760-48af-bb5c-a78141ea8d53', '39c96f39-b707-44d6-91f6-2fa9d3a3c852', '下');
INSERT INTO `device_extend_values` VALUES ('12dcd177-995b-499e-8e22-6842595996d6', '66390bfd-9f3c-41e1-bb6a-f281dd9953f3', '78a68ad2-8760-48af-bb5c-a78141ea8d53', '23883b20-b4dc-486a-8ece-1e3e0e8abb18', '上');
INSERT INTO `device_extend_values` VALUES ('12f2b67f-0ebd-4b04-a4a5-be6b83d2b86e', 'd5f28991-eafe-472c-b25d-33e6720320fd', '78a68ad2-8760-48af-bb5c-a78141ea8d53', 'cfb6b2aa-416a-4917-a6bc-544d889c1c1f', '半自闭');
INSERT INTO `device_extend_values` VALUES ('12fb44de-2fad-4ef4-8417-9aa69e75517d', '180f5a84-169b-4b93-922c-5ada48d52d2f', '78a68ad2-8760-48af-bb5c-a78141ea8d53', 'f11ea74f-3bf3-4494-8578-987a00a6f8bd', 'ZPW-2000A/K型无绝缘');
INSERT INTO `device_extend_values` VALUES ('13037e29-71a4-453b-b541-2cec503e7e4e', '2f11ce25-0826-4c32-8d90-bf2b140923ef', '78a68ad2-8760-48af-bb5c-a78141ea8d53', 'cf6f18a7-5b83-40b7-87b4-f6d5ed5ebf97', '2600');
INSERT INTO `device_extend_values` VALUES ('13962476-08ba-4fa8-b0ff-938013779e4f', '180f5a84-169b-4b93-922c-5ada48d52d2f', '78a68ad2-8760-48af-bb5c-a78141ea8d53', 'cabebf63-9109-4811-9b5b-26a38873bee6', 'ZPW-2000A/K型无绝缘');
INSERT INTO `device_extend_values` VALUES ('13b44f1d-3686-4fe0-b5cb-4f359bfb8f69', '66390bfd-9f3c-41e1-bb6a-f281dd9953f3', '78a68ad2-8760-48af-bb5c-a78141ea8d53', '17123df9-9d07-4924-846f-beb5f861423d', '上');
INSERT INTO `device_extend_values` VALUES ('13d48066-aa32-4c66-8bb5-92cbb652cb53', '180f5a84-169b-4b93-922c-5ada48d52d2f', '78a68ad2-8760-48af-bb5c-a78141ea8d53', 'e8e00ab6-3777-44b9-a142-692975c3b999', 'ZPW2000A型移频');
INSERT INTO `device_extend_values` VALUES ('1431aaa5-821e-419f-9984-666fbbce51b3', '06a1cc4c-9de5-4e05-9c63-5d868889fbfd', '78a68ad2-8760-48af-bb5c-a78141ea8d53', '0fb930b5-bb64-43e0-8e22-ba4b556a29c1', '标准UM71');
INSERT INTO `device_extend_values` VALUES ('14419838-8ef2-48d1-b09b-ce3cd800db89', '2f11ce25-0826-4c32-8d90-bf2b140923ef', '78a68ad2-8760-48af-bb5c-a78141ea8d53', 'e02eaa13-e38d-449a-aa83-1acd7148d167', '2600/2000/2600/ 2000');
INSERT INTO `device_extend_values` VALUES ('14608872-e9a2-44dd-b4d9-153a945a022a', 'f6b7e1d3-e167-4872-9e6a-0f8bd729f4cc', '78a68ad2-8760-48af-bb5c-a78141ea8d53', '8f8e6f68-232d-4024-aebe-f399bcb2baad', '11.928');
INSERT INTO `device_extend_values` VALUES ('1463d105-2af0-4346-b70a-ae298d807a00', '180f5a84-169b-4b93-922c-5ada48d52d2f', '78a68ad2-8760-48af-bb5c-a78141ea8d53', '033d85c5-3e29-4f9d-b331-266a87993085', 'ZPW-2000A/K型无绝缘');
INSERT INTO `device_extend_values` VALUES ('1480d0ba-873f-434f-acff-c698d240396b', '06a1cc4c-9de5-4e05-9c63-5d868889fbfd', '78a68ad2-8760-48af-bb5c-a78141ea8d53', '1454384e-bcb5-4759-a637-5f0a4c97500a', '标准UM71');
INSERT INTO `device_extend_values` VALUES ('1492d2e8-6b52-43aa-bbf3-8f86247582c4', 'a4936812-d3ef-442d-aaa3-c8a5d2b8f885', '78a68ad2-8760-48af-bb5c-a78141ea8d53', 'b2c08127-b6c9-42f8-a2b1-1488b45e8fe4', '出站');
INSERT INTO `device_extend_values` VALUES ('14ab62d6-55c2-4110-b12b-252b720fe063', '06a1cc4c-9de5-4e05-9c63-5d868889fbfd', '78a68ad2-8760-48af-bb5c-a78141ea8d53', 'd776fa27-8026-41ef-9f8f-877035f5cdac', '标准UM71');
INSERT INTO `device_extend_values` VALUES ('14b624ca-3dc3-40ef-ba47-4864c996550f', '180f5a84-169b-4b93-922c-5ada48d52d2f', '78a68ad2-8760-48af-bb5c-a78141ea8d53', 'cfb6b2aa-416a-4917-a6bc-544d889c1c1f', 'ZPW-2000A/K型无绝缘');
INSERT INTO `device_extend_values` VALUES ('14f2dc60-52d4-423f-b356-066506c0d214', '180f5a84-169b-4b93-922c-5ada48d52d2f', '78a68ad2-8760-48af-bb5c-a78141ea8d53', 'fff9af65-bd8c-4a48-b24c-c13b8b5ab4b5', 'ZPW-2000A/K型无绝缘');
INSERT INTO `device_extend_values` VALUES ('15008e3e-ca65-478c-8fc9-6a392ae5fd42', '06a1cc4c-9de5-4e05-9c63-5d868889fbfd', '78a68ad2-8760-48af-bb5c-a78141ea8d53', 'c10448e0-7873-4193-86eb-897da8a6893d', '标准UM71');
INSERT INTO `device_extend_values` VALUES ('150c9133-0970-4f6d-ab08-2b7ec4b444a6', '06a1cc4c-9de5-4e05-9c63-5d868889fbfd', '78a68ad2-8760-48af-bb5c-a78141ea8d53', '7ad27dbd-fedd-4b20-a6e4-11e75b978f98', '标准UM71');
INSERT INTO `device_extend_values` VALUES ('15447b46-4f8e-4cdf-9381-d0df1d0fbdc4', 'a4936812-d3ef-442d-aaa3-c8a5d2b8f885', '78a68ad2-8760-48af-bb5c-a78141ea8d53', 'af3a08d9-87eb-49f1-8aad-3f2d37286eb7', '通过');
INSERT INTO `device_extend_values` VALUES ('1594be8e-f574-42fc-a5ab-a633f8e300da', '180f5a84-169b-4b93-922c-5ada48d52d2f', '78a68ad2-8760-48af-bb5c-a78141ea8d53', '8f8e6f68-232d-4024-aebe-f399bcb2baad', 'ZPW2000A型移频');
INSERT INTO `device_extend_values` VALUES ('15a06d9d-5d28-4117-af3d-6b2c534030c2', '2f11ce25-0826-4c32-8d90-bf2b140923ef', '78a68ad2-8760-48af-bb5c-a78141ea8d53', 'e6570b28-9f24-4447-8641-3158f7c4bcec', '2000');
INSERT INTO `device_extend_values` VALUES ('15f21e51-9f31-4690-be1a-aed54853dbf8', 'a4936812-d3ef-442d-aaa3-c8a5d2b8f885', '78a68ad2-8760-48af-bb5c-a78141ea8d53', '1c2a4f22-b2a6-4f45-b609-8e53a8e2cb6b', '出站');
INSERT INTO `device_extend_values` VALUES ('15f53cc4-31ee-4b1b-8535-f591b3b9abf8', '180f5a84-169b-4b93-922c-5ada48d52d2f', '78a68ad2-8760-48af-bb5c-a78141ea8d53', 'f1b6cf95-401d-4e1a-9234-e63f2f614d6e', 'ZPW-2000A/K型无绝缘');
INSERT INTO `device_extend_values` VALUES ('15fb0a99-eb1c-445e-9fc9-91047cdd396b', '06a1cc4c-9de5-4e05-9c63-5d868889fbfd', '78a68ad2-8760-48af-bb5c-a78141ea8d53', '840b0613-6407-44b6-9299-343a078064ed', '标准UM71');
INSERT INTO `device_extend_values` VALUES ('160e6319-0d1d-4610-bb79-41757ad9d44a', 'f6b7e1d3-e167-4872-9e6a-0f8bd729f4cc', '78a68ad2-8760-48af-bb5c-a78141ea8d53', '8be15105-2cdd-4789-bcf9-10b681f1af20', '11.187');
INSERT INTO `device_extend_values` VALUES ('162220d6-5ad3-4496-b36f-74eda5f5ad64', '180f5a84-169b-4b93-922c-5ada48d52d2f', '78a68ad2-8760-48af-bb5c-a78141ea8d53', 'b2720066-2cb0-4050-890e-42777b396318', 'ZPW2000A型移频');
INSERT INTO `device_extend_values` VALUES ('1626e6a8-a688-4c1e-9914-8aaee71a9adf', '2f11ce25-0826-4c32-8d90-bf2b140923ef', '78a68ad2-8760-48af-bb5c-a78141ea8d53', '36884235-9005-4fd2-8de4-f5f8d214f35c', '1700');
INSERT INTO `device_extend_values` VALUES ('1630dd31-89eb-464d-8601-190a16560d7d', '06a1cc4c-9de5-4e05-9c63-5d868889fbfd', '78a68ad2-8760-48af-bb5c-a78141ea8d53', 'd7419e22-2e1b-4b54-bc6a-4f8140fd41fa', '标准UM71');
INSERT INTO `device_extend_values` VALUES ('1631522a-66fc-488f-928f-ce242b61c721', 'd5f28991-eafe-472c-b25d-33e6720320fd', '78a68ad2-8760-48af-bb5c-a78141ea8d53', 'b2c08127-b6c9-42f8-a2b1-1488b45e8fe4', '自闭');
INSERT INTO `device_extend_values` VALUES ('1645e901-5945-4cde-ae92-f65443c215e8', 'a4936812-d3ef-442d-aaa3-c8a5d2b8f885', '78a68ad2-8760-48af-bb5c-a78141ea8d53', 'd282a8d4-c2b5-4c18-a126-82fe9c8f1638', '出站');
INSERT INTO `device_extend_values` VALUES ('16489f98-8c43-450e-8edd-987ae11ccbad', '06a1cc4c-9de5-4e05-9c63-5d868889fbfd', '78a68ad2-8760-48af-bb5c-a78141ea8d53', '6a69cded-a7ca-4571-a765-1e0f292d9529', '标准UM71');
INSERT INTO `device_extend_values` VALUES ('1670b951-6f73-4311-8865-7eaa251538f0', 'f6b7e1d3-e167-4872-9e6a-0f8bd729f4cc', '78a68ad2-8760-48af-bb5c-a78141ea8d53', 'e29846c1-e0d5-46a6-80f0-67b55bb5cd84', '1.799');
INSERT INTO `device_extend_values` VALUES ('1676cd1b-9b2c-4a83-af78-ac6524c4b661', 'f6b7e1d3-e167-4872-9e6a-0f8bd729f4cc', '78a68ad2-8760-48af-bb5c-a78141ea8d53', '1c2a4f22-b2a6-4f45-b609-8e53a8e2cb6b', '0.376');
INSERT INTO `device_extend_values` VALUES ('169f51c9-eab2-4d41-9ca3-dfa555dffef1', 'd5f28991-eafe-472c-b25d-33e6720320fd', '78a68ad2-8760-48af-bb5c-a78141ea8d53', 'bf6c4faf-b8f6-469a-8aec-6abdc5d27450', '自闭');
INSERT INTO `device_extend_values` VALUES ('16c5fe8c-b8ca-49f5-8a8d-85a9ab49741f', '06a1cc4c-9de5-4e05-9c63-5d868889fbfd', '78a68ad2-8760-48af-bb5c-a78141ea8d53', 'b45978ca-9c49-4bbf-aefc-1d56c7e2cb15', '标准UM71');
INSERT INTO `device_extend_values` VALUES ('16f31ffb-177e-4aef-aa55-b12714f715f6', '66390bfd-9f3c-41e1-bb6a-f281dd9953f3', '78a68ad2-8760-48af-bb5c-a78141ea8d53', 'e8f5e22b-55c0-4989-9ca6-1ae411cca356', '上');
INSERT INTO `device_extend_values` VALUES ('16fb59f0-d79a-4b02-b0c4-c4dcb22b5400', 'f6b7e1d3-e167-4872-9e6a-0f8bd729f4cc', '78a68ad2-8760-48af-bb5c-a78141ea8d53', '521a7fd8-e091-4362-83ed-bc7db58b027a', '11.928');
INSERT INTO `device_extend_values` VALUES ('170c60aa-2f87-4cc3-9b4d-c0a5c0a800cf', 'f6b7e1d3-e167-4872-9e6a-0f8bd729f4cc', '78a68ad2-8760-48af-bb5c-a78141ea8d53', '92746a2a-a2b5-45ae-afe1-2256d8364d34', '1.029');
INSERT INTO `device_extend_values` VALUES ('1711c769-1e7d-48b7-b41f-52093b2a971b', 'a4936812-d3ef-442d-aaa3-c8a5d2b8f885', '78a68ad2-8760-48af-bb5c-a78141ea8d53', '525a403c-fb78-4b80-b32e-e08026d50ce1', '通过');
INSERT INTO `device_extend_values` VALUES ('17405f2e-520b-44c3-9eb7-da33d832cea4', '180f5a84-169b-4b93-922c-5ada48d52d2f', '78a68ad2-8760-48af-bb5c-a78141ea8d53', 'a13b50ff-981e-488e-b9d7-4cab796d3545', 'ZPW2000A型移频');
INSERT INTO `device_extend_values` VALUES ('17786f49-cbe1-437d-9d0c-e3c4a7c20587', 'a4936812-d3ef-442d-aaa3-c8a5d2b8f885', '78a68ad2-8760-48af-bb5c-a78141ea8d53', 'e8772c33-9231-4fbf-bdd4-0f67e0ef5da8', '出站');
INSERT INTO `device_extend_values` VALUES ('17811733-78f2-455d-a040-faedabbe8b2f', 'd5f28991-eafe-472c-b25d-33e6720320fd', '78a68ad2-8760-48af-bb5c-a78141ea8d53', '250f4332-7ebc-4bb6-8baf-c72878ee0c95', '半自闭');
INSERT INTO `device_extend_values` VALUES ('17dfbeeb-4382-461b-bc77-55a30ed9cf25', '2f11ce25-0826-4c32-8d90-bf2b140923ef', '78a68ad2-8760-48af-bb5c-a78141ea8d53', 'a6e29ef4-f0a1-4b11-83df-bc9771ae6765', '2600/2000/2600/ 2000');
INSERT INTO `device_extend_values` VALUES ('18152470-346d-4992-9ea0-433dd2ad8ff3', '66390bfd-9f3c-41e1-bb6a-f281dd9953f3', '78a68ad2-8760-48af-bb5c-a78141ea8d53', '7d9d4989-4bcf-4148-8cff-e10a7094186e', '下');
INSERT INTO `device_extend_values` VALUES ('181a05d8-51dc-48f9-a648-2082f0b54234', 'f6b7e1d3-e167-4872-9e6a-0f8bd729f4cc', '78a68ad2-8760-48af-bb5c-a78141ea8d53', 'f4a1f9f2-c23e-4c64-a3c5-2b416c82e5ab', '11.928');
INSERT INTO `device_extend_values` VALUES ('18584f53-a200-4f10-bb0a-436a3f4d61b1', '180f5a84-169b-4b93-922c-5ada48d52d2f', '78a68ad2-8760-48af-bb5c-a78141ea8d53', '53a37501-f2ad-4aaa-b35b-461b3609ff0f', 'ZPW-2000A/K型无绝缘');
INSERT INTO `device_extend_values` VALUES ('1866a381-8d0b-4013-a3f9-1fcb0e2f6511', '2f11ce25-0826-4c32-8d90-bf2b140923ef', '78a68ad2-8760-48af-bb5c-a78141ea8d53', '685eb5f5-f9ce-4dca-ad23-e2b6d45a7dff', '1700');
INSERT INTO `device_extend_values` VALUES ('189e1a36-0058-4ac7-8e65-23ac51fe31ff', '06a1cc4c-9de5-4e05-9c63-5d868889fbfd', '78a68ad2-8760-48af-bb5c-a78141ea8d53', '4eb9b18f-271f-4d32-8611-f478afe738bf', '标准UM71');
INSERT INTO `device_extend_values` VALUES ('1903c3d5-87ba-4ed3-b58e-368acba85fd2', 'f6b7e1d3-e167-4872-9e6a-0f8bd729f4cc', '78a68ad2-8760-48af-bb5c-a78141ea8d53', 'a7eee9f3-fcfb-4f06-8005-e7817730204a', '1.026');
INSERT INTO `device_extend_values` VALUES ('1915c09d-072a-4a87-9c38-8e3ad50d7e47', 'd5f28991-eafe-472c-b25d-33e6720320fd', '78a68ad2-8760-48af-bb5c-a78141ea8d53', '83a16f2b-de7e-4ca2-b83d-915536f35f42', '半自闭');
INSERT INTO `device_extend_values` VALUES ('195db0bc-4724-42fb-a812-21869eb095d0', 'd5f28991-eafe-472c-b25d-33e6720320fd', '78a68ad2-8760-48af-bb5c-a78141ea8d53', '5a9cc0e0-b0ce-4c1c-857e-849630593ade', '半自闭');
INSERT INTO `device_extend_values` VALUES ('1966b13c-3ef1-4576-8db5-e46be2ab4e16', 'a4936812-d3ef-442d-aaa3-c8a5d2b8f885', '78a68ad2-8760-48af-bb5c-a78141ea8d53', '61cd497a-481e-49b9-819a-6fbd172dc6e5', '出站');
INSERT INTO `device_extend_values` VALUES ('1988f4c3-393d-421e-a629-5907a8155869', '2f11ce25-0826-4c32-8d90-bf2b140923ef', '78a68ad2-8760-48af-bb5c-a78141ea8d53', '3ea9710a-a46a-42f7-b4f0-23e38ffff0a0', '2000/2600');
INSERT INTO `device_extend_values` VALUES ('19b42fac-1e12-4c4a-972c-b24b51ff1ffd', '180f5a84-169b-4b93-922c-5ada48d52d2f', '78a68ad2-8760-48af-bb5c-a78141ea8d53', '9abd0a3c-e655-4105-85c7-38aec93787d3', 'ZPW-2000A/K型无绝缘');
INSERT INTO `device_extend_values` VALUES ('19e4a3c8-fdf3-4f22-9972-d26d63f06f98', 'f6b7e1d3-e167-4872-9e6a-0f8bd729f4cc', '78a68ad2-8760-48af-bb5c-a78141ea8d53', '6f4cddaa-6ad7-4571-b784-a3cb62413a35', '0.376');
INSERT INTO `device_extend_values` VALUES ('19eb81c5-cc75-4703-b00e-6bf73cb687cf', 'f6b7e1d3-e167-4872-9e6a-0f8bd729f4cc', '78a68ad2-8760-48af-bb5c-a78141ea8d53', 'a3cc4d71-9932-4de2-ad88-1a154ed0ce71', '1.221');
INSERT INTO `device_extend_values` VALUES ('19f87f48-bf49-49a3-8797-b2af18f52e82', '2f11ce25-0826-4c32-8d90-bf2b140923ef', '78a68ad2-8760-48af-bb5c-a78141ea8d53', '39c96f39-b707-44d6-91f6-2fa9d3a3c852', '1700');
INSERT INTO `device_extend_values` VALUES ('1a0191cd-dd15-484e-b24f-2bc29f662e46', '66390bfd-9f3c-41e1-bb6a-f281dd9953f3', '78a68ad2-8760-48af-bb5c-a78141ea8d53', 'bf68632a-d9ae-45d8-a1ad-162aa750c785', '下');
INSERT INTO `device_extend_values` VALUES ('1a3e8f05-7c65-4f41-9332-8bc5005f9994', '180f5a84-169b-4b93-922c-5ada48d52d2f', '78a68ad2-8760-48af-bb5c-a78141ea8d53', '57da45e9-07cd-47e1-a4e0-b679a9edaacc', 'ZPW-2000A/K型无绝缘');
INSERT INTO `device_extend_values` VALUES ('1a4fc804-2535-4387-8d46-e602e9f0cd0a', '66390bfd-9f3c-41e1-bb6a-f281dd9953f3', '78a68ad2-8760-48af-bb5c-a78141ea8d53', '857c0d01-ec75-4d60-8da9-bbf41fe15b83', '下');
INSERT INTO `device_extend_values` VALUES ('1a5880b3-a48c-46d6-9c4e-c29fe74bc05a', '66390bfd-9f3c-41e1-bb6a-f281dd9953f3', '78a68ad2-8760-48af-bb5c-a78141ea8d53', '573ebb30-a05a-47fc-ba26-e332cc7f91b0', '下');
INSERT INTO `device_extend_values` VALUES ('1aa8e0d5-b2ed-4745-a3d3-bbaed53ac837', 'd5f28991-eafe-472c-b25d-33e6720320fd', '78a68ad2-8760-48af-bb5c-a78141ea8d53', '274012ba-77dc-47b8-817d-3dc10b322862', '半自闭');
INSERT INTO `device_extend_values` VALUES ('1b142f33-3ed5-4db0-be70-1699405f0b47', '66390bfd-9f3c-41e1-bb6a-f281dd9953f3', '78a68ad2-8760-48af-bb5c-a78141ea8d53', '41986435-f62b-4dec-adef-ee3777604bc7', '上');
INSERT INTO `device_extend_values` VALUES ('1b3545d8-e8ff-4a8a-bf2a-e9d3f740fdeb', '180f5a84-169b-4b93-922c-5ada48d52d2f', '78a68ad2-8760-48af-bb5c-a78141ea8d53', '6f4cddaa-6ad7-4571-b784-a3cb62413a35', 'ZPW-2000A/K型无绝缘');
INSERT INTO `device_extend_values` VALUES ('1b6df651-7282-4b8e-ba03-f3de84b86d9f', '06a1cc4c-9de5-4e05-9c63-5d868889fbfd', '78a68ad2-8760-48af-bb5c-a78141ea8d53', '25abcc7f-cfb7-4b8a-8964-1239de3aa5d2', '标准UM71');
INSERT INTO `device_extend_values` VALUES ('1b70b947-ff5f-492b-91b5-344db629f58a', 'f6b7e1d3-e167-4872-9e6a-0f8bd729f4cc', '78a68ad2-8760-48af-bb5c-a78141ea8d53', '5efff686-f6a8-474d-996c-648a22499e9c', '3.035');
INSERT INTO `device_extend_values` VALUES ('1b884840-441b-41ca-a244-908ae54fbe1e', 'a4936812-d3ef-442d-aaa3-c8a5d2b8f885', '78a68ad2-8760-48af-bb5c-a78141ea8d53', '39c96f39-b707-44d6-91f6-2fa9d3a3c852', '通过');
INSERT INTO `device_extend_values` VALUES ('1bab62de-f948-4dad-9d14-21f6b7942bb5', '06a1cc4c-9de5-4e05-9c63-5d868889fbfd', '78a68ad2-8760-48af-bb5c-a78141ea8d53', 'b2720066-2cb0-4050-890e-42777b396318', '标准UM71');
INSERT INTO `device_extend_values` VALUES ('1be66048-36ef-437c-b148-0cc4db4615ae', 'f6b7e1d3-e167-4872-9e6a-0f8bd729f4cc', '78a68ad2-8760-48af-bb5c-a78141ea8d53', '91bd64cb-d8de-4b3d-8d50-3453f5c8f063', '1.026');
INSERT INTO `device_extend_values` VALUES ('1c307685-b242-4e04-ab4a-9560e19b3b6e', '180f5a84-169b-4b93-922c-5ada48d52d2f', '78a68ad2-8760-48af-bb5c-a78141ea8d53', 'bf6c4faf-b8f6-469a-8aec-6abdc5d27450', 'ZPW2000A型无绝缘');
INSERT INTO `device_extend_values` VALUES ('1c37386e-10bd-459f-824a-b6cb712d1c71', '2f11ce25-0826-4c32-8d90-bf2b140923ef', '78a68ad2-8760-48af-bb5c-a78141ea8d53', '92e11cec-ff2d-4851-a73b-dccb41aca49f', '2300');
INSERT INTO `device_extend_values` VALUES ('1c599bb2-e680-480a-bc67-aa80f3e6a412', '180f5a84-169b-4b93-922c-5ada48d52d2f', '78a68ad2-8760-48af-bb5c-a78141ea8d53', 'ae3a2bc9-b16d-4ce7-b9a1-7f4dc48f8ed3', 'ZPW2000A型移频');
INSERT INTO `device_extend_values` VALUES ('1c85f016-bd95-41b1-a6f2-dd40382154e2', '66390bfd-9f3c-41e1-bb6a-f281dd9953f3', '78a68ad2-8760-48af-bb5c-a78141ea8d53', '1414cf63-8a76-4c81-a3f0-187ed1c6cd12', '上');
INSERT INTO `device_extend_values` VALUES ('1ca79732-63b2-45a8-b8d1-5088c9afde28', '180f5a84-169b-4b93-922c-5ada48d52d2f', '78a68ad2-8760-48af-bb5c-a78141ea8d53', '1c2a4f22-b2a6-4f45-b609-8e53a8e2cb6b', 'ZPW-2000A/K型无绝缘');
INSERT INTO `device_extend_values` VALUES ('1cc4beb8-6812-49b3-8976-9e466d03d2f5', '180f5a84-169b-4b93-922c-5ada48d52d2f', '78a68ad2-8760-48af-bb5c-a78141ea8d53', '40609f38-5bda-47d4-a864-5abc14edec16', 'ZPW-2000A/K型无绝缘');
INSERT INTO `device_extend_values` VALUES ('1ce0d688-2a4f-4917-9346-99cca87db07a', '96447bdd-84d1-422d-b48e-884e83cc488b', '85ee69e1-947c-460a-ba02-df060abe1e03', 'c0e876c0-7122-452a-a0f5-1ee8780513bb', '1');
INSERT INTO `device_extend_values` VALUES ('1d263bf8-d27f-48cb-9788-ce9419b5971d', '66390bfd-9f3c-41e1-bb6a-f281dd9953f3', '78a68ad2-8760-48af-bb5c-a78141ea8d53', '0e2069c2-b8a7-40cd-9b4a-98a8a62a73da', '上');
INSERT INTO `device_extend_values` VALUES ('1d465667-fc91-4ca1-8e83-20d11947b1db', '66390bfd-9f3c-41e1-bb6a-f281dd9953f3', '78a68ad2-8760-48af-bb5c-a78141ea8d53', '56f521bb-a308-4100-b91a-d685e8f6c74d', '上');
INSERT INTO `device_extend_values` VALUES ('1d644134-120b-4edc-95c3-3b826d9defaa', 'a4936812-d3ef-442d-aaa3-c8a5d2b8f885', '78a68ad2-8760-48af-bb5c-a78141ea8d53', '83a16f2b-de7e-4ca2-b83d-915536f35f42', '出站');
INSERT INTO `device_extend_values` VALUES ('1e49d741-eac5-4289-bc71-2aeb11a84501', '66390bfd-9f3c-41e1-bb6a-f281dd9953f3', '78a68ad2-8760-48af-bb5c-a78141ea8d53', 'a6e29ef4-f0a1-4b11-83df-bc9771ae6765', '上');
INSERT INTO `device_extend_values` VALUES ('1e72fd54-7694-420d-92f9-4324e9985b04', 'd5f28991-eafe-472c-b25d-33e6720320fd', '78a68ad2-8760-48af-bb5c-a78141ea8d53', '2a274fd7-bece-40bb-94fc-c278456d1b25', '自闭');
INSERT INTO `device_extend_values` VALUES ('1e77a939-f9ef-49fc-8fb9-ed5ac78bca38', 'a4936812-d3ef-442d-aaa3-c8a5d2b8f885', '78a68ad2-8760-48af-bb5c-a78141ea8d53', '61d21af0-e7b6-40d1-95eb-ebc0961889b3', '出站');
INSERT INTO `device_extend_values` VALUES ('1e995c1d-8c23-47b5-87ba-7af140252927', '2f11ce25-0826-4c32-8d90-bf2b140923ef', '78a68ad2-8760-48af-bb5c-a78141ea8d53', 'c10448e0-7873-4193-86eb-897da8a6893d', '2600/2000/2600/ 2000');
INSERT INTO `device_extend_values` VALUES ('1ef5169d-4b86-405c-9f1a-3f4d95108b2b', '2f11ce25-0826-4c32-8d90-bf2b140923ef', '78a68ad2-8760-48af-bb5c-a78141ea8d53', '9bdab589-c0c4-4f7f-b761-971867784221', '2600/2000/2600/ 2000');
INSERT INTO `device_extend_values` VALUES ('1f01beb0-7ba5-404a-9d6e-ad4643bf6d71', '06a1cc4c-9de5-4e05-9c63-5d868889fbfd', '78a68ad2-8760-48af-bb5c-a78141ea8d53', '736b6c1b-7cab-4b4c-ac1b-0ebacbb0385b', '标准UM71');
INSERT INTO `device_extend_values` VALUES ('1f1155d3-a478-4867-b32e-1a42ca2c9ceb', '06a1cc4c-9de5-4e05-9c63-5d868889fbfd', '78a68ad2-8760-48af-bb5c-a78141ea8d53', 'b9f84491-f89f-4b40-a193-531304484c0a', '标准UM71');
INSERT INTO `device_extend_values` VALUES ('1f8d3e65-2217-47d2-b29e-6679ebd9c84e', '06a1cc4c-9de5-4e05-9c63-5d868889fbfd', '78a68ad2-8760-48af-bb5c-a78141ea8d53', 'f9b244ab-1a55-49ea-adee-9d1dddf17cd7', '标准UM71');
INSERT INTO `device_extend_values` VALUES ('1fbb36ed-2fef-4dab-9da2-cb7303bb22ed', '66390bfd-9f3c-41e1-bb6a-f281dd9953f3', '78a68ad2-8760-48af-bb5c-a78141ea8d53', '2dc5d2c3-828f-4982-9708-a9738120c24a', '上');
INSERT INTO `device_extend_values` VALUES ('1fd9936c-566b-4ee1-85d6-a0104d354eb0', '2f11ce25-0826-4c32-8d90-bf2b140923ef', '78a68ad2-8760-48af-bb5c-a78141ea8d53', 'e26ac8f5-692a-420f-929a-d6343aff7d0e', '2600');
INSERT INTO `device_extend_values` VALUES ('201ddcf9-311d-4aaa-b2dd-efbaf112218f', '2f11ce25-0826-4c32-8d90-bf2b140923ef', '78a68ad2-8760-48af-bb5c-a78141ea8d53', '0d16d176-d7fb-4cf9-846f-e1ded61f7cc4', '2000');
INSERT INTO `device_extend_values` VALUES ('20281ded-7741-4f73-a7ef-cc329aaf93a3', 'f6b7e1d3-e167-4872-9e6a-0f8bd729f4cc', '78a68ad2-8760-48af-bb5c-a78141ea8d53', '685eb5f5-f9ce-4dca-ad23-e2b6d45a7dff', '11.928');
INSERT INTO `device_extend_values` VALUES ('2060d00a-a98e-4232-86a5-d5e8662e884a', 'f6b7e1d3-e167-4872-9e6a-0f8bd729f4cc', '78a68ad2-8760-48af-bb5c-a78141ea8d53', 'fff9af65-bd8c-4a48-b24c-c13b8b5ab4b5', '1.026');
INSERT INTO `device_extend_values` VALUES ('2062f3a9-585f-4127-9deb-4ffeb03d324b', 'd5f28991-eafe-472c-b25d-33e6720320fd', '78a68ad2-8760-48af-bb5c-a78141ea8d53', 'f9841af1-781e-4a0a-b1f1-06147d7ffa57', '自闭');
INSERT INTO `device_extend_values` VALUES ('20be9fca-0e7a-473b-bed0-1e596b10bde0', 'a4936812-d3ef-442d-aaa3-c8a5d2b8f885', '78a68ad2-8760-48af-bb5c-a78141ea8d53', '8cb94080-97a5-47cd-a8be-602a748cd4a6', '出站');
INSERT INTO `device_extend_values` VALUES ('20eb8bc7-87c7-4e1f-abc1-b0eaf15bb845', 'f6b7e1d3-e167-4872-9e6a-0f8bd729f4cc', '78a68ad2-8760-48af-bb5c-a78141ea8d53', '41986435-f62b-4dec-adef-ee3777604bc7', '11.187');
INSERT INTO `device_extend_values` VALUES ('215374eb-ad17-437a-b009-e8d655eade77', '2f11ce25-0826-4c32-8d90-bf2b140923ef', '78a68ad2-8760-48af-bb5c-a78141ea8d53', '9ae9a19d-3ab3-4354-849e-43a515843a30', '2300');
INSERT INTO `device_extend_values` VALUES ('215b99e9-67b5-447d-80c8-6eb31c53286e', 'a4936812-d3ef-442d-aaa3-c8a5d2b8f885', '78a68ad2-8760-48af-bb5c-a78141ea8d53', '6f4cddaa-6ad7-4571-b784-a3cb62413a35', '出站');
INSERT INTO `device_extend_values` VALUES ('21b28d68-0bba-40eb-a9c0-368e6f259938', '66390bfd-9f3c-41e1-bb6a-f281dd9953f3', '78a68ad2-8760-48af-bb5c-a78141ea8d53', '92e11cec-ff2d-4851-a73b-dccb41aca49f', '下');
INSERT INTO `device_extend_values` VALUES ('21cb0b6f-d590-4621-ba52-561cd319c9c9', 'd5f28991-eafe-472c-b25d-33e6720320fd', '78a68ad2-8760-48af-bb5c-a78141ea8d53', '5efff686-f6a8-474d-996c-648a22499e9c', '自闭');
INSERT INTO `device_extend_values` VALUES ('21f33b42-4f2c-4baa-bd39-04ea20ae8d47', 'd5f28991-eafe-472c-b25d-33e6720320fd', '78a68ad2-8760-48af-bb5c-a78141ea8d53', '857c0d01-ec75-4d60-8da9-bbf41fe15b83', '半自闭');
INSERT INTO `device_extend_values` VALUES ('221872d3-875a-493a-a491-2e987b50cf1d', '2f11ce25-0826-4c32-8d90-bf2b140923ef', '78a68ad2-8760-48af-bb5c-a78141ea8d53', 'e13a0b02-7251-45c1-acab-b6fe330fbbcb', '1700');
INSERT INTO `device_extend_values` VALUES ('222e5022-72f6-4fd2-83e7-c7ca3c280e81', '180f5a84-169b-4b93-922c-5ada48d52d2f', '78a68ad2-8760-48af-bb5c-a78141ea8d53', 'e02eaa13-e38d-449a-aa83-1acd7148d167', 'ZPW-2000A/K型无绝缘');
INSERT INTO `device_extend_values` VALUES ('2258b66c-9ad7-4884-87a1-3ac6a5bcf62e', '2f11ce25-0826-4c32-8d90-bf2b140923ef', '78a68ad2-8760-48af-bb5c-a78141ea8d53', '41986435-f62b-4dec-adef-ee3777604bc7', '2000');
INSERT INTO `device_extend_values` VALUES ('22757d48-482b-46ee-8136-a1d1f818ba6d', 'd5f28991-eafe-472c-b25d-33e6720320fd', '78a68ad2-8760-48af-bb5c-a78141ea8d53', 'ae3a2bc9-b16d-4ce7-b9a1-7f4dc48f8ed3', '半自闭');
INSERT INTO `device_extend_values` VALUES ('2279a0b1-4298-4380-b9d0-1e0cac696b43', '06a1cc4c-9de5-4e05-9c63-5d868889fbfd', '78a68ad2-8760-48af-bb5c-a78141ea8d53', 'ae3a2bc9-b16d-4ce7-b9a1-7f4dc48f8ed3', '标准UM71');
INSERT INTO `device_extend_values` VALUES ('227a9ac4-334d-48a2-bdc6-cec0e009d0cd', '180f5a84-169b-4b93-922c-5ada48d52d2f', '78a68ad2-8760-48af-bb5c-a78141ea8d53', 'af3a08d9-87eb-49f1-8aad-3f2d37286eb7', 'ZPW2000A型无绝缘');
INSERT INTO `device_extend_values` VALUES ('228cc577-671b-47fb-b4cd-7ba0e5b20d95', 'f6b7e1d3-e167-4872-9e6a-0f8bd729f4cc', '78a68ad2-8760-48af-bb5c-a78141ea8d53', '3e8f2687-402a-43c7-9cb6-48bf2a0dd5ca', '0.379');
INSERT INTO `device_extend_values` VALUES ('22bdf8ee-6f0b-470b-9d24-0444cb0abdbb', 'a4936812-d3ef-442d-aaa3-c8a5d2b8f885', '78a68ad2-8760-48af-bb5c-a78141ea8d53', '17123df9-9d07-4924-846f-beb5f861423d', '逆向进站');
INSERT INTO `device_extend_values` VALUES ('230e718e-9347-473a-bab6-9eb685182380', '2f11ce25-0826-4c32-8d90-bf2b140923ef', '78a68ad2-8760-48af-bb5c-a78141ea8d53', 'd7def4c6-9878-4616-af7e-5eb29f9197bd', '1700');
INSERT INTO `device_extend_values` VALUES ('2319c9dd-d592-4dce-aadd-bc313fcd13aa', 'f6b7e1d3-e167-4872-9e6a-0f8bd729f4cc', '78a68ad2-8760-48af-bb5c-a78141ea8d53', 'f3b137e8-9e57-410c-a862-e8079e03da99', '2.06');
INSERT INTO `device_extend_values` VALUES ('2337cdf5-4b11-45f7-9087-67f0317cac46', 'f6b7e1d3-e167-4872-9e6a-0f8bd729f4cc', '78a68ad2-8760-48af-bb5c-a78141ea8d53', '25abcc7f-cfb7-4b8a-8964-1239de3aa5d2', '0.379');
INSERT INTO `device_extend_values` VALUES ('238e56c9-c3f5-456b-9fd1-8edd0c773b6d', '180f5a84-169b-4b93-922c-5ada48d52d2f', '78a68ad2-8760-48af-bb5c-a78141ea8d53', '5c8bb850-e3d7-40e7-996c-83abc2251195', 'ZPW-2000A/K型无绝缘');
INSERT INTO `device_extend_values` VALUES ('23903365-8e5b-4b14-bd0d-c86e8ef65aed', 'd5f28991-eafe-472c-b25d-33e6720320fd', '78a68ad2-8760-48af-bb5c-a78141ea8d53', '5cc7d002-4a62-4d15-9a20-2d8ca0884c20', '自闭');
INSERT INTO `device_extend_values` VALUES ('23ba2d0d-126c-46aa-8218-2eb27a25f8bd', '06a1cc4c-9de5-4e05-9c63-5d868889fbfd', '78a68ad2-8760-48af-bb5c-a78141ea8d53', '61d21af0-e7b6-40d1-95eb-ebc0961889b3', '标准UM71');
INSERT INTO `device_extend_values` VALUES ('23e8ec17-8b1b-4b23-adbf-31163ad6608a', '2f11ce25-0826-4c32-8d90-bf2b140923ef', '78a68ad2-8760-48af-bb5c-a78141ea8d53', '4a9912a5-2b50-4937-970a-70f4a7e61731', '2000');
INSERT INTO `device_extend_values` VALUES ('243630e2-d056-416f-95ec-b391d96e2f99', 'a4936812-d3ef-442d-aaa3-c8a5d2b8f885', '78a68ad2-8760-48af-bb5c-a78141ea8d53', '66910858-bf06-4378-bebb-1806d2214db6', '逆向进站');
INSERT INTO `device_extend_values` VALUES ('244b85df-bf1d-437f-b376-2a493d5c1e31', '2f11ce25-0826-4c32-8d90-bf2b140923ef', '78a68ad2-8760-48af-bb5c-a78141ea8d53', 'f11ea74f-3bf3-4494-8578-987a00a6f8bd', '2600');
INSERT INTO `device_extend_values` VALUES ('2469e5ee-5138-4903-b92b-5ca97977d06b', 'f6b7e1d3-e167-4872-9e6a-0f8bd729f4cc', '78a68ad2-8760-48af-bb5c-a78141ea8d53', '821ca00c-07e8-4c41-845f-e3a13dd9d353', '11.928');
INSERT INTO `device_extend_values` VALUES ('247371d6-4a9f-434d-9d57-c377cbf860ad', '66390bfd-9f3c-41e1-bb6a-f281dd9953f3', '78a68ad2-8760-48af-bb5c-a78141ea8d53', 'e8772c33-9231-4fbf-bdd4-0f67e0ef5da8', '上');
INSERT INTO `device_extend_values` VALUES ('2499a9d1-4c6c-4591-ab1d-81a5f7767332', '2f11ce25-0826-4c32-8d90-bf2b140923ef', '78a68ad2-8760-48af-bb5c-a78141ea8d53', 'd1d9e6a8-aa7a-4f80-a831-e7c1040903f3', '2000/2600');
INSERT INTO `device_extend_values` VALUES ('249c4031-697e-4e92-a1bb-0d502955f2b0', '180f5a84-169b-4b93-922c-5ada48d52d2f', '78a68ad2-8760-48af-bb5c-a78141ea8d53', '2dc5d2c3-828f-4982-9708-a9738120c24a', 'ZPW-2000A/K型无绝缘');
INSERT INTO `device_extend_values` VALUES ('24b2a984-5ca5-4025-900a-4fb3926db0aa', 'a4936812-d3ef-442d-aaa3-c8a5d2b8f885', '78a68ad2-8760-48af-bb5c-a78141ea8d53', 'd1d9e6a8-aa7a-4f80-a831-e7c1040903f3', '进站');
INSERT INTO `device_extend_values` VALUES ('250f432f-811e-4013-8859-67cf0d10f326', '2f11ce25-0826-4c32-8d90-bf2b140923ef', '78a68ad2-8760-48af-bb5c-a78141ea8d53', '9311ec4c-9b65-4d2a-8bc9-2c0ce9b54b81', '1700');
INSERT INTO `device_extend_values` VALUES ('25101ed6-8730-41ca-8afa-d94edba1ec9a', '06a1cc4c-9de5-4e05-9c63-5d868889fbfd', '78a68ad2-8760-48af-bb5c-a78141ea8d53', '64ddf142-3925-4d19-8510-3463ac3e9119', '标准UM71');
INSERT INTO `device_extend_values` VALUES ('2541371b-330d-47dd-af3f-23c217c08dcb', '06a1cc4c-9de5-4e05-9c63-5d868889fbfd', '78a68ad2-8760-48af-bb5c-a78141ea8d53', 'dd9996a5-32c9-4089-9e19-18feccd340e8', '标准UM71');
INSERT INTO `device_extend_values` VALUES ('255398c8-0e55-4f4f-9771-be59d05d05a6', '2f11ce25-0826-4c32-8d90-bf2b140923ef', '78a68ad2-8760-48af-bb5c-a78141ea8d53', '2e36c22f-08ec-4efd-ab7a-c5f95a2bc9f6', '2600');
INSERT INTO `device_extend_values` VALUES ('257ace58-a0b2-40cc-b7b7-70f76e049b80', '2f11ce25-0826-4c32-8d90-bf2b140923ef', '78a68ad2-8760-48af-bb5c-a78141ea8d53', '17123df9-9d07-4924-846f-beb5f861423d', '2000');
INSERT INTO `device_extend_values` VALUES ('25919c70-29dc-47ad-a85a-1a0145d14f8c', 'f6b7e1d3-e167-4872-9e6a-0f8bd729f4cc', '78a68ad2-8760-48af-bb5c-a78141ea8d53', '453cc174-242a-4ec4-9fee-86db8a78069e', '1.029');
INSERT INTO `device_extend_values` VALUES ('25a2d1b9-0986-445f-8de7-1a7c073ffa2a', '180f5a84-169b-4b93-922c-5ada48d52d2f', '78a68ad2-8760-48af-bb5c-a78141ea8d53', 'd61866cb-938f-435c-abc0-b0bde46ff72f', 'ZPW-2000A/K型无绝缘');
INSERT INTO `device_extend_values` VALUES ('25aefbf7-e11c-4516-a782-bdcbb6460c20', '2f11ce25-0826-4c32-8d90-bf2b140923ef', '78a68ad2-8760-48af-bb5c-a78141ea8d53', '840b0613-6407-44b6-9299-343a078064ed', '1700');
INSERT INTO `device_extend_values` VALUES ('25c9180e-da4b-41a1-99b2-7f742db5c341', '180f5a84-169b-4b93-922c-5ada48d52d2f', '78a68ad2-8760-48af-bb5c-a78141ea8d53', '274012ba-77dc-47b8-817d-3dc10b322862', 'ZPW-2000A/K型无绝缘');
INSERT INTO `device_extend_values` VALUES ('262956dc-fa0b-4a29-9307-a2f2eeba6585', '2f11ce25-0826-4c32-8d90-bf2b140923ef', '78a68ad2-8760-48af-bb5c-a78141ea8d53', 'af3a08d9-87eb-49f1-8aad-3f2d37286eb7', '2000');
INSERT INTO `device_extend_values` VALUES ('2634d28b-8e49-4ef5-8898-267d2b5a9dc7', 'f6b7e1d3-e167-4872-9e6a-0f8bd729f4cc', '78a68ad2-8760-48af-bb5c-a78141ea8d53', '33131992-6c8c-469f-82b6-307532e3d1d3', '2.06');
INSERT INTO `device_extend_values` VALUES ('2664666f-93f9-405e-b55c-e31145f4876b', '66390bfd-9f3c-41e1-bb6a-f281dd9953f3', '78a68ad2-8760-48af-bb5c-a78141ea8d53', 'cfb6b2aa-416a-4917-a6bc-544d889c1c1f', '下');
INSERT INTO `device_extend_values` VALUES ('26fb626e-cee4-45b2-8c06-f0a0357609d8', 'a4936812-d3ef-442d-aaa3-c8a5d2b8f885', '78a68ad2-8760-48af-bb5c-a78141ea8d53', 'fe9e1f02-7db8-473e-97c6-ba77e92a0718', '出站');
INSERT INTO `device_extend_values` VALUES ('271fdda0-802c-4ef1-8729-100d88f5c2bf', '06a1cc4c-9de5-4e05-9c63-5d868889fbfd', '78a68ad2-8760-48af-bb5c-a78141ea8d53', 'e29846c1-e0d5-46a6-80f0-67b55bb5cd84', '标准UM71');
INSERT INTO `device_extend_values` VALUES ('2762e77b-960d-438d-9526-2bfbb182a36d', 'd5f28991-eafe-472c-b25d-33e6720320fd', '78a68ad2-8760-48af-bb5c-a78141ea8d53', '19657327-9c16-4000-9581-13561e81969f', '自闭');
INSERT INTO `device_extend_values` VALUES ('27ac864a-b4c4-4df4-8ac9-36282b349f47', '66390bfd-9f3c-41e1-bb6a-f281dd9953f3', '78a68ad2-8760-48af-bb5c-a78141ea8d53', '325897ba-6f9a-4441-bb7b-849e9ba4acb5', '下');
INSERT INTO `device_extend_values` VALUES ('27d82d2f-bca6-4fc0-aaaa-d8cd70f7a2fd', '06a1cc4c-9de5-4e05-9c63-5d868889fbfd', '78a68ad2-8760-48af-bb5c-a78141ea8d53', '6c9b8732-dc41-4dd0-a00f-08dd613ab8e7', '标准UM71');
INSERT INTO `device_extend_values` VALUES ('282a49af-140e-45ab-a896-a88a34dd6896', 'f6b7e1d3-e167-4872-9e6a-0f8bd729f4cc', '78a68ad2-8760-48af-bb5c-a78141ea8d53', 'dd321c34-2861-4c8b-af10-7984e8a79dc3', '11.928');
INSERT INTO `device_extend_values` VALUES ('28388b20-367c-4eb1-8826-afe7716a21c8', '180f5a84-169b-4b93-922c-5ada48d52d2f', '78a68ad2-8760-48af-bb5c-a78141ea8d53', 'acdb18c4-0e24-45b0-b0de-622b8c73f300', 'ZPW-2000A/K型无绝缘');
INSERT INTO `device_extend_values` VALUES ('283bf8b0-1ced-4676-b33c-0c667e2461dc', '06a1cc4c-9de5-4e05-9c63-5d868889fbfd', '78a68ad2-8760-48af-bb5c-a78141ea8d53', 'f3b137e8-9e57-410c-a862-e8079e03da99', '标准UM71');
INSERT INTO `device_extend_values` VALUES ('28507454-ddb2-4c97-bcfc-da49c0d40b52', '66390bfd-9f3c-41e1-bb6a-f281dd9953f3', '78a68ad2-8760-48af-bb5c-a78141ea8d53', '258bb62c-18a1-479b-b8f6-d36760bf8dc5', '下');
INSERT INTO `device_extend_values` VALUES ('28875170-79dd-4bea-be46-3b69298abbf3', 'a4936812-d3ef-442d-aaa3-c8a5d2b8f885', '78a68ad2-8760-48af-bb5c-a78141ea8d53', 'b81f9e2f-37cf-4f28-80fb-b4d56e57c03b', '出站');
INSERT INTO `device_extend_values` VALUES ('28e00251-b221-4284-aaf0-7087a7820cd7', 'f6b7e1d3-e167-4872-9e6a-0f8bd729f4cc', '78a68ad2-8760-48af-bb5c-a78141ea8d53', 'b45978ca-9c49-4bbf-aefc-1d56c7e2cb15', '11.187');
INSERT INTO `device_extend_values` VALUES ('28f37e13-eb53-4d7b-a4bf-779e525ed741', '180f5a84-169b-4b93-922c-5ada48d52d2f', '78a68ad2-8760-48af-bb5c-a78141ea8d53', '72fd7dab-593b-44f9-8645-976c3c336252', 'ZPW-2000A/K型无绝缘');
INSERT INTO `device_extend_values` VALUES ('290d0dac-3454-46aa-8664-e431c7a077c9', 'a4936812-d3ef-442d-aaa3-c8a5d2b8f885', '78a68ad2-8760-48af-bb5c-a78141ea8d53', 'd776fa27-8026-41ef-9f8f-877035f5cdac', '通过');
INSERT INTO `device_extend_values` VALUES ('2936db13-0b34-4df1-b776-9ded21cc38d8', 'f6b7e1d3-e167-4872-9e6a-0f8bd729f4cc', '78a68ad2-8760-48af-bb5c-a78141ea8d53', '45580131-ba36-4694-bb13-08b99e8cabf3', '0.379');
INSERT INTO `device_extend_values` VALUES ('29a4da78-9b26-4385-bb10-e2e304c9372e', 'a4936812-d3ef-442d-aaa3-c8a5d2b8f885', '78a68ad2-8760-48af-bb5c-a78141ea8d53', '0d16d176-d7fb-4cf9-846f-e1ded61f7cc4', '通过');
INSERT INTO `device_extend_values` VALUES ('29b2ecda-86fc-44a8-9cbb-6630d4d0d7f8', 'a4936812-d3ef-442d-aaa3-c8a5d2b8f885', '78a68ad2-8760-48af-bb5c-a78141ea8d53', '033d85c5-3e29-4f9d-b331-266a87993085', '出站');
INSERT INTO `device_extend_values` VALUES ('29cd7586-9b43-457f-880c-fdd883412b4d', 'f6b7e1d3-e167-4872-9e6a-0f8bd729f4cc', '78a68ad2-8760-48af-bb5c-a78141ea8d53', '2a274fd7-bece-40bb-94fc-c278456d1b25', '1.026');
INSERT INTO `device_extend_values` VALUES ('29fb2323-ca72-4ac6-b7a4-a934ad2dabca', '2f11ce25-0826-4c32-8d90-bf2b140923ef', '78a68ad2-8760-48af-bb5c-a78141ea8d53', '58d4bfb2-aa62-4341-ab79-aff2d1091bb3', '2600/2000/2600/ 2000');
INSERT INTO `device_extend_values` VALUES ('2a1c0dcc-0b9e-48a3-a3ca-7be389816f66', 'f6b7e1d3-e167-4872-9e6a-0f8bd729f4cc', '78a68ad2-8760-48af-bb5c-a78141ea8d53', 'f9b244ab-1a55-49ea-adee-9d1dddf17cd7', '4.906');
INSERT INTO `device_extend_values` VALUES ('2a33724e-74c4-4255-b5c6-46617ef4d3e7', '180f5a84-169b-4b93-922c-5ada48d52d2f', '78a68ad2-8760-48af-bb5c-a78141ea8d53', 'e2a30f88-9a87-468d-89c4-f087ef9c9c9d', 'ZPW2000A型无绝缘');
INSERT INTO `device_extend_values` VALUES ('2a36c011-5f8b-4cad-94fb-c13cb7fe75c2', 'f6b7e1d3-e167-4872-9e6a-0f8bd729f4cc', '78a68ad2-8760-48af-bb5c-a78141ea8d53', '5fc4150b-56b1-4994-82c4-f011001e0f11', '1.221');
INSERT INTO `device_extend_values` VALUES ('2a798ef6-b60c-41ab-ac06-e310221688e5', 'a4936812-d3ef-442d-aaa3-c8a5d2b8f885', '78a68ad2-8760-48af-bb5c-a78141ea8d53', '40609f38-5bda-47d4-a864-5abc14edec16', '进站');
INSERT INTO `device_extend_values` VALUES ('2a7cf6b5-4d12-4c69-9be1-e4203b3bf1d3', 'f6b7e1d3-e167-4872-9e6a-0f8bd729f4cc', '78a68ad2-8760-48af-bb5c-a78141ea8d53', '9eab8f09-c33e-4606-9f8a-cab6c9ed1ed0', '1.026');
INSERT INTO `device_extend_values` VALUES ('2a8904c4-8e6d-4b91-93ea-1d1b62760871', 'f6b7e1d3-e167-4872-9e6a-0f8bd729f4cc', '78a68ad2-8760-48af-bb5c-a78141ea8d53', '24e0a754-4caf-4c4f-8695-0c3dee608b96', '11.928');
INSERT INTO `device_extend_values` VALUES ('2ae12936-0911-4271-abf3-d3acca1e4b41', 'f6b7e1d3-e167-4872-9e6a-0f8bd729f4cc', '78a68ad2-8760-48af-bb5c-a78141ea8d53', '4bbc4641-ec1a-470b-b7e1-be3d9f2e041d', '0.379');
INSERT INTO `device_extend_values` VALUES ('2af033ae-1856-4d77-ae72-23f0f0cb612d', 'a4936812-d3ef-442d-aaa3-c8a5d2b8f885', '78a68ad2-8760-48af-bb5c-a78141ea8d53', '43bbcb26-8be3-42a5-a889-4554f31eaeab', '预告');
INSERT INTO `device_extend_values` VALUES ('2af8bae2-4d82-46b0-8615-f50cdf3cdc78', '06a1cc4c-9de5-4e05-9c63-5d868889fbfd', '78a68ad2-8760-48af-bb5c-a78141ea8d53', 'e8e00ab6-3777-44b9-a142-692975c3b999', '标准UM71');
INSERT INTO `device_extend_values` VALUES ('2b2800ed-f035-4f93-9d41-f5b012a5505c', '180f5a84-169b-4b93-922c-5ada48d52d2f', '78a68ad2-8760-48af-bb5c-a78141ea8d53', 'ed57b781-b4d7-405d-9749-36a30685be25', 'ZPW2000A型无绝缘');
INSERT INTO `device_extend_values` VALUES ('2b5f4849-7786-47ef-a218-a53eecea65e8', '2f11ce25-0826-4c32-8d90-bf2b140923ef', '78a68ad2-8760-48af-bb5c-a78141ea8d53', 'dd321c34-2861-4c8b-af10-7984e8a79dc3', '1700');
INSERT INTO `device_extend_values` VALUES ('2b922d72-ab4b-422b-b2fd-b8f58ac89094', '66390bfd-9f3c-41e1-bb6a-f281dd9953f3', '78a68ad2-8760-48af-bb5c-a78141ea8d53', '8eb8e125-909a-40ba-844a-5c12527fb596', '下');
INSERT INTO `device_extend_values` VALUES ('2bfea7ff-36ba-4d85-83b3-3275964a60a0', 'f6b7e1d3-e167-4872-9e6a-0f8bd729f4cc', '78a68ad2-8760-48af-bb5c-a78141ea8d53', '58d4bfb2-aa62-4341-ab79-aff2d1091bb3', '4.906');
INSERT INTO `device_extend_values` VALUES ('2c551e8d-02e3-49b7-99e1-f04e9f275e4f', '66390bfd-9f3c-41e1-bb6a-f281dd9953f3', '78a68ad2-8760-48af-bb5c-a78141ea8d53', 'a6688969-c417-46a9-ae54-46f6f27401b1', '下');
INSERT INTO `device_extend_values` VALUES ('2cac47d5-4dc3-4957-8584-b3bde5640e7a', 'a4936812-d3ef-442d-aaa3-c8a5d2b8f885', '78a68ad2-8760-48af-bb5c-a78141ea8d53', '005868dd-4e4a-4be4-8921-41853e6973a8', '出站');
INSERT INTO `device_extend_values` VALUES ('2cb8b117-7382-40ec-9d4f-01ec880ed31a', 'd5f28991-eafe-472c-b25d-33e6720320fd', '78a68ad2-8760-48af-bb5c-a78141ea8d53', '890dd5d0-e8ba-4b31-9cf6-3be52172bfc9', '自闭');
INSERT INTO `device_extend_values` VALUES ('2ccbaf65-b207-4d53-8fa7-a978ac0efa13', '2f11ce25-0826-4c32-8d90-bf2b140923ef', '78a68ad2-8760-48af-bb5c-a78141ea8d53', '6f4cddaa-6ad7-4571-b784-a3cb62413a35', '2600');
INSERT INTO `device_extend_values` VALUES ('2d06b094-899b-4d51-83c8-69533c780d91', '180f5a84-169b-4b93-922c-5ada48d52d2f', '78a68ad2-8760-48af-bb5c-a78141ea8d53', 'ee020b32-cb8d-4a79-84c0-1fc9230414b2', 'ZPW-2000A/K型无绝缘');
INSERT INTO `device_extend_values` VALUES ('2d319a78-5b67-4a2b-b4e9-684ffec76db7', '180f5a84-169b-4b93-922c-5ada48d52d2f', '78a68ad2-8760-48af-bb5c-a78141ea8d53', 'ed9cb541-0d5d-4327-bf05-2c8116e2beab', 'ZPW2000A型移频');
INSERT INTO `device_extend_values` VALUES ('2d82122b-07c9-49e6-a1d0-fccae9192c9d', 'd5f28991-eafe-472c-b25d-33e6720320fd', '78a68ad2-8760-48af-bb5c-a78141ea8d53', '48f31415-61d9-4ff8-a72f-639f3eeacbd7', '自闭');
INSERT INTO `device_extend_values` VALUES ('2db49b10-b8c5-4c18-8fa4-b595b9531511', '2f11ce25-0826-4c32-8d90-bf2b140923ef', '78a68ad2-8760-48af-bb5c-a78141ea8d53', '736b6c1b-7cab-4b4c-ac1b-0ebacbb0385b', '2300');
INSERT INTO `device_extend_values` VALUES ('2dd51dda-5cf0-4241-af66-977f54e7cc76', '180f5a84-169b-4b93-922c-5ada48d52d2f', '78a68ad2-8760-48af-bb5c-a78141ea8d53', '061fd1ff-3733-4d09-b17c-4b63407b8ac3', 'ZPW2000A型移频');
INSERT INTO `device_extend_values` VALUES ('2de8464d-4209-4143-bbcc-cc34581000b1', 'a4936812-d3ef-442d-aaa3-c8a5d2b8f885', '78a68ad2-8760-48af-bb5c-a78141ea8d53', 'dd321c34-2861-4c8b-af10-7984e8a79dc3', '预告');
INSERT INTO `device_extend_values` VALUES ('2de8e8a2-49b2-4395-ada0-899d44d9bb2f', 'f6b7e1d3-e167-4872-9e6a-0f8bd729f4cc', '78a68ad2-8760-48af-bb5c-a78141ea8d53', 'd49cb9a4-c450-4461-b6f2-282bf0d50e80', '3.035');
INSERT INTO `device_extend_values` VALUES ('2def9bfa-0082-4ed3-9c25-699a29b63095', 'a4936812-d3ef-442d-aaa3-c8a5d2b8f885', '78a68ad2-8760-48af-bb5c-a78141ea8d53', 'faa07116-d09a-46aa-912d-edc4f4dd9016', '出站');
INSERT INTO `device_extend_values` VALUES ('2e113b3a-181e-4c42-a8be-c4053dde733a', '66390bfd-9f3c-41e1-bb6a-f281dd9953f3', '78a68ad2-8760-48af-bb5c-a78141ea8d53', 'e439b451-d489-4d8e-bffa-f39acca4c81b', '上');
INSERT INTO `device_extend_values` VALUES ('2e552bf1-9470-42ce-902b-01ce09579f65', '66390bfd-9f3c-41e1-bb6a-f281dd9953f3', '78a68ad2-8760-48af-bb5c-a78141ea8d53', '36884235-9005-4fd2-8de4-f5f8d214f35c', '下');
INSERT INTO `device_extend_values` VALUES ('2edd69e1-04a6-43cf-a827-29b837800e14', '66390bfd-9f3c-41e1-bb6a-f281dd9953f3', '78a68ad2-8760-48af-bb5c-a78141ea8d53', '4a9912a5-2b50-4937-970a-70f4a7e61731', '下');
INSERT INTO `device_extend_values` VALUES ('2f039669-b8ad-4a8a-b588-230932984a5d', 'd5f28991-eafe-472c-b25d-33e6720320fd', '78a68ad2-8760-48af-bb5c-a78141ea8d53', '91bd64cb-d8de-4b3d-8d50-3453f5c8f063', '半自闭');
INSERT INTO `device_extend_values` VALUES ('2f3b8962-58e1-4f91-94e0-e220482999b5', 'd5f28991-eafe-472c-b25d-33e6720320fd', '78a68ad2-8760-48af-bb5c-a78141ea8d53', 'f03d11a6-702c-4b0e-8849-7676a2355789', '半自闭');
INSERT INTO `device_extend_values` VALUES ('2f926020-de56-48e8-931e-7528e4c26706', 'f6b7e1d3-e167-4872-9e6a-0f8bd729f4cc', '78a68ad2-8760-48af-bb5c-a78141ea8d53', 'bf68632a-d9ae-45d8-a1ad-162aa750c785', '2.06');
INSERT INTO `device_extend_values` VALUES ('2faa91a2-93a5-4197-a1c3-580fc063ea02', '2f11ce25-0826-4c32-8d90-bf2b140923ef', '78a68ad2-8760-48af-bb5c-a78141ea8d53', '14efa133-c3f7-4df4-a503-0bf6d07eeca3', '2300');
INSERT INTO `device_extend_values` VALUES ('2fd70ab9-b105-4b05-9470-039eced46aff', '180f5a84-169b-4b93-922c-5ada48d52d2f', '78a68ad2-8760-48af-bb5c-a78141ea8d53', '122e3e36-b486-4b09-b8ba-723491abee09', 'ZPW2000A型移频');
INSERT INTO `device_extend_values` VALUES ('300b1759-65a1-412f-a7ef-cee5ffe39ee4', '2f11ce25-0826-4c32-8d90-bf2b140923ef', '78a68ad2-8760-48af-bb5c-a78141ea8d53', '45580131-ba36-4694-bb13-08b99e8cabf3', '2300');
INSERT INTO `device_extend_values` VALUES ('3019b823-279d-42bc-9884-2c594941ba6f', 'd5f28991-eafe-472c-b25d-33e6720320fd', '78a68ad2-8760-48af-bb5c-a78141ea8d53', '36a18d9b-4bd4-4a9d-b6c4-144bc5dcae47', '自闭');
INSERT INTO `device_extend_values` VALUES ('30775d98-41e7-43eb-8ee2-9b041f7a35d9', 'a4936812-d3ef-442d-aaa3-c8a5d2b8f885', '78a68ad2-8760-48af-bb5c-a78141ea8d53', '5c21acab-72a6-4ffa-9d84-13e31b8ac771', '通过');
INSERT INTO `device_extend_values` VALUES ('30842b8c-9a19-4b71-aca5-1171e3ef7232', 'f6b7e1d3-e167-4872-9e6a-0f8bd729f4cc', '78a68ad2-8760-48af-bb5c-a78141ea8d53', '92e11cec-ff2d-4851-a73b-dccb41aca49f', '1.029');
INSERT INTO `device_extend_values` VALUES ('30b1bfc9-7def-4871-81ec-dbaee0dd3429', '66390bfd-9f3c-41e1-bb6a-f281dd9953f3', '78a68ad2-8760-48af-bb5c-a78141ea8d53', 'c51cc472-5484-4f82-8c8a-8f56c09e02d4', '下');
INSERT INTO `device_extend_values` VALUES ('310fcd9b-a429-4ca6-bf55-5073dd1c80ec', 'd5f28991-eafe-472c-b25d-33e6720320fd', '78a68ad2-8760-48af-bb5c-a78141ea8d53', '47bc9c79-f29f-4964-8661-6381700b8a43', '自闭');
INSERT INTO `device_extend_values` VALUES ('320e582b-c5af-4570-a647-77b6cefdb919', 'f6b7e1d3-e167-4872-9e6a-0f8bd729f4cc', '78a68ad2-8760-48af-bb5c-a78141ea8d53', 'd7419e22-2e1b-4b54-bc6a-4f8140fd41fa', '4.906');
INSERT INTO `device_extend_values` VALUES ('32188863-e38b-434b-91f9-8275108a55ef', 'a4936812-d3ef-442d-aaa3-c8a5d2b8f885', '78a68ad2-8760-48af-bb5c-a78141ea8d53', '3c3efd88-fc3d-4969-b4de-47582a9b9755', '预告');
INSERT INTO `device_extend_values` VALUES ('324e30a8-a78b-43e3-902c-f964a5c4bed3', '180f5a84-169b-4b93-922c-5ada48d52d2f', '78a68ad2-8760-48af-bb5c-a78141ea8d53', '952dc180-af55-41bf-8688-368fd168ddee', 'ZPW2000A型移频');
INSERT INTO `device_extend_values` VALUES ('32c33624-9b8b-4c7a-8e75-5625c92101cb', 'd5f28991-eafe-472c-b25d-33e6720320fd', '78a68ad2-8760-48af-bb5c-a78141ea8d53', 'd0fe9754-2154-483b-84ba-bf1df766e400', '半自闭');
INSERT INTO `device_extend_values` VALUES ('32f9246a-60c5-4d33-999e-cd293e276d58', 'f6b7e1d3-e167-4872-9e6a-0f8bd729f4cc', '78a68ad2-8760-48af-bb5c-a78141ea8d53', '573ebb30-a05a-47fc-ba26-e332cc7f91b0', '11.928');
INSERT INTO `device_extend_values` VALUES ('333f4ff9-13b2-4557-a9d3-9e8cb99ca0b0', 'a4936812-d3ef-442d-aaa3-c8a5d2b8f885', '78a68ad2-8760-48af-bb5c-a78141ea8d53', '3ebda1ff-a823-4ac9-ad96-bd860ebf295e', '进站');
INSERT INTO `device_extend_values` VALUES ('33af7ca5-1315-4b73-b4ac-70c8be0706b9', '06a1cc4c-9de5-4e05-9c63-5d868889fbfd', '78a68ad2-8760-48af-bb5c-a78141ea8d53', '5a9cc0e0-b0ce-4c1c-857e-849630593ade', '标准UM71');
INSERT INTO `device_extend_values` VALUES ('33d3c940-3b02-4ae8-95e4-dfd362c0b254', '2f11ce25-0826-4c32-8d90-bf2b140923ef', '78a68ad2-8760-48af-bb5c-a78141ea8d53', '7954e2f0-8d96-4964-951d-7c20d0f10656', '1700/2300/1700/ 2300/1700');
INSERT INTO `device_extend_values` VALUES ('33eec2ec-434d-492d-9938-07ab9edab302', '06a1cc4c-9de5-4e05-9c63-5d868889fbfd', '78a68ad2-8760-48af-bb5c-a78141ea8d53', '97ce1be3-db66-423f-b699-3be2e5644307', '标准UM71');
INSERT INTO `device_extend_values` VALUES ('33f636cd-14f5-435f-9556-6a0a0997a559', '2f11ce25-0826-4c32-8d90-bf2b140923ef', '78a68ad2-8760-48af-bb5c-a78141ea8d53', 'ccead67c-6dcd-4333-8222-212943d25c87', '2600');
INSERT INTO `device_extend_values` VALUES ('347a84a8-1484-4b0d-8635-313c2e7de5c7', 'd5f28991-eafe-472c-b25d-33e6720320fd', '78a68ad2-8760-48af-bb5c-a78141ea8d53', 'c72461ee-e988-40ae-aa84-72c8bd761f56', '半自闭');
INSERT INTO `device_extend_values` VALUES ('34b9f675-d728-42cb-ae24-e6f7ad0ed56a', '66390bfd-9f3c-41e1-bb6a-f281dd9953f3', '78a68ad2-8760-48af-bb5c-a78141ea8d53', 'b81f9e2f-37cf-4f28-80fb-b4d56e57c03b', '下');
INSERT INTO `device_extend_values` VALUES ('35a0dc4d-6f23-402e-a5c7-f8b311c38299', 'd5f28991-eafe-472c-b25d-33e6720320fd', '78a68ad2-8760-48af-bb5c-a78141ea8d53', '2e36c22f-08ec-4efd-ab7a-c5f95a2bc9f6', '半自闭');
INSERT INTO `device_extend_values` VALUES ('35ac1ef0-5424-4952-81df-1d268736cddc', '2f11ce25-0826-4c32-8d90-bf2b140923ef', '78a68ad2-8760-48af-bb5c-a78141ea8d53', 'd776fa27-8026-41ef-9f8f-877035f5cdac', '1700');
INSERT INTO `device_extend_values` VALUES ('35b3a2e7-3053-490b-9e6c-e9e339be42c7', 'f6b7e1d3-e167-4872-9e6a-0f8bd729f4cc', '78a68ad2-8760-48af-bb5c-a78141ea8d53', 'c226bb5a-c50b-489d-abb3-16dd95e393f7', '11.928');
INSERT INTO `device_extend_values` VALUES ('35b61887-ae5f-4648-b345-b484fe99b4ab', '180f5a84-169b-4b93-922c-5ada48d52d2f', '78a68ad2-8760-48af-bb5c-a78141ea8d53', '54e33d4f-87f5-44a3-8e13-319b19cbbd5e', 'ZPW-2000A/K型无绝缘');
INSERT INTO `device_extend_values` VALUES ('35b8d262-4cd2-4aab-bf87-663b64aff487', '180f5a84-169b-4b93-922c-5ada48d52d2f', '78a68ad2-8760-48af-bb5c-a78141ea8d53', '821ca00c-07e8-4c41-845f-e3a13dd9d353', 'ZPW2000A型移频');
INSERT INTO `device_extend_values` VALUES ('35c168dd-022e-4e38-ac0e-7b2e2ae60e13', '66390bfd-9f3c-41e1-bb6a-f281dd9953f3', '78a68ad2-8760-48af-bb5c-a78141ea8d53', 'bf6c4faf-b8f6-469a-8aec-6abdc5d27450', '上');
INSERT INTO `device_extend_values` VALUES ('35fd6916-53eb-4ff8-bcf5-eda0c5093ad6', '180f5a84-169b-4b93-922c-5ada48d52d2f', '78a68ad2-8760-48af-bb5c-a78141ea8d53', '736b6c1b-7cab-4b4c-ac1b-0ebacbb0385b', 'ZPW2000A型移频');
INSERT INTO `device_extend_values` VALUES ('36129a79-2c47-442a-a5e3-56b07fef6043', 'd5f28991-eafe-472c-b25d-33e6720320fd', '78a68ad2-8760-48af-bb5c-a78141ea8d53', 'aec13fea-0d0f-4f04-ab0e-8abff99a0258', '自闭');
INSERT INTO `device_extend_values` VALUES ('36442c8f-8862-4656-94b7-70e1468209d4', '2f11ce25-0826-4c32-8d90-bf2b140923ef', '78a68ad2-8760-48af-bb5c-a78141ea8d53', 'aec13fea-0d0f-4f04-ab0e-8abff99a0258', '2300');
INSERT INTO `device_extend_values` VALUES ('36aac82a-3f4e-474e-a4be-32b56b33cb7f', 'a4936812-d3ef-442d-aaa3-c8a5d2b8f885', '78a68ad2-8760-48af-bb5c-a78141ea8d53', '88b7e356-3a01-4b60-9a4a-15cfcfb79672', '进站');
INSERT INTO `device_extend_values` VALUES ('36d3c5ab-06b9-4038-9f0d-9c6dcd512afd', 'f6b7e1d3-e167-4872-9e6a-0f8bd729f4cc', '78a68ad2-8760-48af-bb5c-a78141ea8d53', '258bb62c-18a1-479b-b8f6-d36760bf8dc5', '0.379');
INSERT INTO `device_extend_values` VALUES ('36d88dc7-38f6-436d-adbf-7b0f4cd295d4', '66390bfd-9f3c-41e1-bb6a-f281dd9953f3', '78a68ad2-8760-48af-bb5c-a78141ea8d53', 'ed9cb541-0d5d-4327-bf05-2c8116e2beab', '上');
INSERT INTO `device_extend_values` VALUES ('375abd75-02f1-4765-97f3-85c83d7091d7', '180f5a84-169b-4b93-922c-5ada48d52d2f', '78a68ad2-8760-48af-bb5c-a78141ea8d53', 'dff71780-cc2a-4a8e-b4b2-7cca4c82d2c1', 'ZPW-2000A/K型无绝缘');
INSERT INTO `device_extend_values` VALUES ('378c6487-6423-4c8c-ba68-9eb65433c2bd', 'a4936812-d3ef-442d-aaa3-c8a5d2b8f885', '78a68ad2-8760-48af-bb5c-a78141ea8d53', '126bf284-6d56-4185-8d8d-c922d0478491', '出站');
INSERT INTO `device_extend_values` VALUES ('37941f2b-c452-4e60-9308-85f8f547631f', '2f11ce25-0826-4c32-8d90-bf2b140923ef', '78a68ad2-8760-48af-bb5c-a78141ea8d53', '47bc9c79-f29f-4964-8661-6381700b8a43', '2000');
INSERT INTO `device_extend_values` VALUES ('37b07827-f897-43fc-bb52-e82d8a8d5f2b', '66390bfd-9f3c-41e1-bb6a-f281dd9953f3', '78a68ad2-8760-48af-bb5c-a78141ea8d53', '05be799d-c5d5-4a62-90fd-8e7179af7341', '下');
INSERT INTO `device_extend_values` VALUES ('37ee1000-c46f-4ae2-898c-078e8467fc9e', 'a4936812-d3ef-442d-aaa3-c8a5d2b8f885', '78a68ad2-8760-48af-bb5c-a78141ea8d53', 'dff71780-cc2a-4a8e-b4b2-7cca4c82d2c1', '出站');
INSERT INTO `device_extend_values` VALUES ('3827bed4-d32b-4aee-8ca5-0717470e78e8', '2f11ce25-0826-4c32-8d90-bf2b140923ef', '78a68ad2-8760-48af-bb5c-a78141ea8d53', 'fe9e1f02-7db8-473e-97c6-ba77e92a0718', '2600');
INSERT INTO `device_extend_values` VALUES ('383b7330-7dbe-4c88-844d-a834964bc63b', 'a4936812-d3ef-442d-aaa3-c8a5d2b8f885', '78a68ad2-8760-48af-bb5c-a78141ea8d53', 'be5d4d23-5dc2-436e-afc3-049254013efd', '出站');
INSERT INTO `device_extend_values` VALUES ('3894003a-2dce-4db0-8c3a-e9d2c6b984ee', '2f11ce25-0826-4c32-8d90-bf2b140923ef', '78a68ad2-8760-48af-bb5c-a78141ea8d53', '6c9b8732-dc41-4dd0-a00f-08dd613ab8e7', '1700');
INSERT INTO `device_extend_values` VALUES ('38a0f5ed-ac2f-414a-8275-87a2b13af632', 'f6b7e1d3-e167-4872-9e6a-0f8bd729f4cc', '78a68ad2-8760-48af-bb5c-a78141ea8d53', '19657327-9c16-4000-9581-13561e81969f', '1.026');
INSERT INTO `device_extend_values` VALUES ('38c4eb39-889f-4d25-92c3-31b538fa9f44', '06a1cc4c-9de5-4e05-9c63-5d868889fbfd', '78a68ad2-8760-48af-bb5c-a78141ea8d53', '1c2a4f22-b2a6-4f45-b609-8e53a8e2cb6b', '标准UM71');
INSERT INTO `device_extend_values` VALUES ('38e17eff-883f-4fa9-89d3-725897132a10', '180f5a84-169b-4b93-922c-5ada48d52d2f', '78a68ad2-8760-48af-bb5c-a78141ea8d53', '33131992-6c8c-469f-82b6-307532e3d1d3', 'ZPW-2000A/K型无绝缘');
INSERT INTO `device_extend_values` VALUES ('38fa1265-c2fa-464f-b356-dffdbdc59d33', '66390bfd-9f3c-41e1-bb6a-f281dd9953f3', '78a68ad2-8760-48af-bb5c-a78141ea8d53', '64ddf142-3925-4d19-8510-3463ac3e9119', '上');
INSERT INTO `device_extend_values` VALUES ('3909c9c2-3cc9-4d31-8722-4e1c33594966', 'd5f28991-eafe-472c-b25d-33e6720320fd', '78a68ad2-8760-48af-bb5c-a78141ea8d53', 'e13a0b02-7251-45c1-acab-b6fe330fbbcb', '半自闭');
INSERT INTO `device_extend_values` VALUES ('391b60bf-7e47-4700-bd91-3a6b3a345c0e', '180f5a84-169b-4b93-922c-5ada48d52d2f', '78a68ad2-8760-48af-bb5c-a78141ea8d53', '5b446ae2-aab3-4880-afd8-e02b36c1813c', 'ZPW-2000A/K型无绝缘');
INSERT INTO `device_extend_values` VALUES ('3920807d-da0e-443c-b132-c9796d61ed5a', '06a1cc4c-9de5-4e05-9c63-5d868889fbfd', '78a68ad2-8760-48af-bb5c-a78141ea8d53', 'c72461ee-e988-40ae-aa84-72c8bd761f56', '标准UM71');
INSERT INTO `device_extend_values` VALUES ('394e9f1a-402f-44af-be38-556d5ace58f0', '180f5a84-169b-4b93-922c-5ada48d52d2f', '78a68ad2-8760-48af-bb5c-a78141ea8d53', 'b64ecf61-9139-48a7-abd5-5ed1cee8cfe7', 'ZPW-2000A/K型无绝缘');
INSERT INTO `device_extend_values` VALUES ('3951e8b9-fbe4-4791-8b44-bd43cff711cc', 'd5f28991-eafe-472c-b25d-33e6720320fd', '78a68ad2-8760-48af-bb5c-a78141ea8d53', '1385f7f6-0393-492c-9f91-ea5488824ead', '半自闭');
INSERT INTO `device_extend_values` VALUES ('3974a858-be0f-49d0-ac99-3c41f24947c5', 'f6b7e1d3-e167-4872-9e6a-0f8bd729f4cc', '78a68ad2-8760-48af-bb5c-a78141ea8d53', 'f3fe5f36-6f3d-430b-8fc0-79236633be1d', '1.029');
INSERT INTO `device_extend_values` VALUES ('39c42661-69ed-4479-bb2f-1d566599968f', '66390bfd-9f3c-41e1-bb6a-f281dd9953f3', '78a68ad2-8760-48af-bb5c-a78141ea8d53', 'b9f84491-f89f-4b40-a193-531304484c0a', '上');
INSERT INTO `device_extend_values` VALUES ('39da2aa6-0110-473d-a471-5810e6a11bf2', '2f11ce25-0826-4c32-8d90-bf2b140923ef', '78a68ad2-8760-48af-bb5c-a78141ea8d53', '081168f0-b382-4613-8575-904330c6112d', '2000/2600');
INSERT INTO `device_extend_values` VALUES ('39e0e7bc-c6d6-4bcf-92c8-c93c57271f34', '06a1cc4c-9de5-4e05-9c63-5d868889fbfd', '78a68ad2-8760-48af-bb5c-a78141ea8d53', '3ebda1ff-a823-4ac9-ad96-bd860ebf295e', '标准UM71');
INSERT INTO `device_extend_values` VALUES ('3a275a1e-ba7e-4221-813c-d6d33d8df446', 'a4936812-d3ef-442d-aaa3-c8a5d2b8f885', '78a68ad2-8760-48af-bb5c-a78141ea8d53', '23883b20-b4dc-486a-8ece-1e3e0e8abb18', '出站');
INSERT INTO `device_extend_values` VALUES ('3a690aa8-9d2d-41ac-a044-b104aa9d01b5', '66390bfd-9f3c-41e1-bb6a-f281dd9953f3', '78a68ad2-8760-48af-bb5c-a78141ea8d53', '605ce0e7-14a8-4cab-a8ff-cbfd42c79f94', '上');
INSERT INTO `device_extend_values` VALUES ('3a7a9b5f-584e-416c-a336-9a0330a240d3', 'd5f28991-eafe-472c-b25d-33e6720320fd', '78a68ad2-8760-48af-bb5c-a78141ea8d53', 'e855f980-0b33-498e-8cca-da028fd09829', '自闭');
INSERT INTO `device_extend_values` VALUES ('3ac610e9-d2c8-465b-af02-79e3d9a6d598', 'd5f28991-eafe-472c-b25d-33e6720320fd', '78a68ad2-8760-48af-bb5c-a78141ea8d53', '5142074c-1dcb-4787-b56d-d9f845bac5b1', '自闭');
INSERT INTO `device_extend_values` VALUES ('3aca1114-42df-4b4c-b755-f26ac79443ed', '06a1cc4c-9de5-4e05-9c63-5d868889fbfd', '78a68ad2-8760-48af-bb5c-a78141ea8d53', 'fab9ebca-d93c-4761-880a-3bc6454ffc8d', '标准UM71');
INSERT INTO `device_extend_values` VALUES ('3af8a913-c623-4894-ab9e-fc0e4725db2f', 'a4936812-d3ef-442d-aaa3-c8a5d2b8f885', '78a68ad2-8760-48af-bb5c-a78141ea8d53', '8be15105-2cdd-4789-bcf9-10b681f1af20', '通过');
INSERT INTO `device_extend_values` VALUES ('3b00d07c-7eda-4fee-b48f-c0664ab2ed68', '06a1cc4c-9de5-4e05-9c63-5d868889fbfd', '78a68ad2-8760-48af-bb5c-a78141ea8d53', '3b8ba5b1-05ca-4b0e-b0c4-ee5405c460a9', '标准UM71');
INSERT INTO `device_extend_values` VALUES ('3b08354c-6ee7-4434-b0af-34bd147af114', '06a1cc4c-9de5-4e05-9c63-5d868889fbfd', '78a68ad2-8760-48af-bb5c-a78141ea8d53', '005868dd-4e4a-4be4-8921-41853e6973a8', '标准UM71');
INSERT INTO `device_extend_values` VALUES ('3b22649b-4e47-429d-baf7-fe6f9d73da2b', '180f5a84-169b-4b93-922c-5ada48d52d2f', '78a68ad2-8760-48af-bb5c-a78141ea8d53', 'e855f980-0b33-498e-8cca-da028fd09829', 'ZPW-2000A/K型无绝缘');
INSERT INTO `device_extend_values` VALUES ('3b2d0f71-2d24-43ab-8a71-48e14f887913', 'd5f28991-eafe-472c-b25d-33e6720320fd', '78a68ad2-8760-48af-bb5c-a78141ea8d53', '24e0a754-4caf-4c4f-8695-0c3dee608b96', '半自闭');
INSERT INTO `device_extend_values` VALUES ('3b3609a7-b7aa-45be-adf5-65d11679ab43', '180f5a84-169b-4b93-922c-5ada48d52d2f', '78a68ad2-8760-48af-bb5c-a78141ea8d53', '52ca609a-1265-4f80-9911-70b93a363c1f', 'ZPW-2000A/K型无绝缘');
INSERT INTO `device_extend_values` VALUES ('3bbf9f2e-ccdd-4dc1-b726-08e83ea1009c', 'd5f28991-eafe-472c-b25d-33e6720320fd', '78a68ad2-8760-48af-bb5c-a78141ea8d53', '43bbcb26-8be3-42a5-a889-4554f31eaeab', '半自闭');
INSERT INTO `device_extend_values` VALUES ('3bd53286-a60a-42e0-ac85-9f3e117ace7a', 'a4936812-d3ef-442d-aaa3-c8a5d2b8f885', '78a68ad2-8760-48af-bb5c-a78141ea8d53', '890dd5d0-e8ba-4b31-9cf6-3be52172bfc9', '进站');
INSERT INTO `device_extend_values` VALUES ('3bd959d8-0c8a-49d0-bb02-7debc9944d31', 'd5f28991-eafe-472c-b25d-33e6720320fd', '78a68ad2-8760-48af-bb5c-a78141ea8d53', '122e3e36-b486-4b09-b8ba-723491abee09', '半自闭');
INSERT INTO `device_extend_values` VALUES ('3c3b8815-ed75-43a0-9160-cdf9b89d9bc3', '06a1cc4c-9de5-4e05-9c63-5d868889fbfd', '78a68ad2-8760-48af-bb5c-a78141ea8d53', 'e68e7ce0-a7c0-4617-8f37-d75e0e01a85c', '标准UM71');
INSERT INTO `device_extend_values` VALUES ('3c6339c3-0c4f-4590-8a3b-1bbb9e4a6816', '66390bfd-9f3c-41e1-bb6a-f281dd9953f3', '78a68ad2-8760-48af-bb5c-a78141ea8d53', '57da45e9-07cd-47e1-a4e0-b679a9edaacc', '上');
INSERT INTO `device_extend_values` VALUES ('3c75f6e2-c302-4762-8c5a-e919a539132f', 'a4936812-d3ef-442d-aaa3-c8a5d2b8f885', '78a68ad2-8760-48af-bb5c-a78141ea8d53', '573ebb30-a05a-47fc-ba26-e332cc7f91b0', '预告');
INSERT INTO `device_extend_values` VALUES ('3c86d33f-8513-456e-8958-dc3098de9a88', '66390bfd-9f3c-41e1-bb6a-f281dd9953f3', '78a68ad2-8760-48af-bb5c-a78141ea8d53', 'd1d9e6a8-aa7a-4f80-a831-e7c1040903f3', '上');
INSERT INTO `device_extend_values` VALUES ('3cd9134e-1344-4d69-b8ef-b795ec7c2163', '06a1cc4c-9de5-4e05-9c63-5d868889fbfd', '78a68ad2-8760-48af-bb5c-a78141ea8d53', 'b64ecf61-9139-48a7-abd5-5ed1cee8cfe7', '标准UM71');
INSERT INTO `device_extend_values` VALUES ('3d160192-ce77-4f9b-8c56-e7ed93f45947', 'f6b7e1d3-e167-4872-9e6a-0f8bd729f4cc', '78a68ad2-8760-48af-bb5c-a78141ea8d53', '61f66f8e-1a00-4ee9-82ba-37eac1aa836d', '3.035');
INSERT INTO `device_extend_values` VALUES ('3d239b6f-9fb7-4bc3-8d6d-64b01717eb9a', '2f11ce25-0826-4c32-8d90-bf2b140923ef', '78a68ad2-8760-48af-bb5c-a78141ea8d53', '1e04dd5a-323f-4695-8892-ec8802314f36', '1700');
INSERT INTO `device_extend_values` VALUES ('3d27bd7c-d338-40c2-a43c-0adf9ada4697', '66390bfd-9f3c-41e1-bb6a-f281dd9953f3', '78a68ad2-8760-48af-bb5c-a78141ea8d53', 'ac7bc05b-3d8b-4953-8c93-62c2968831bc', '上');
INSERT INTO `device_extend_values` VALUES ('3d47c3ff-344f-47e6-9377-bdaff9e4e6c4', '66390bfd-9f3c-41e1-bb6a-f281dd9953f3', '78a68ad2-8760-48af-bb5c-a78141ea8d53', '7ad27dbd-fedd-4b20-a6e4-11e75b978f98', '上');
INSERT INTO `device_extend_values` VALUES ('3e182631-1455-45c6-93c4-af7a644413d7', '2f11ce25-0826-4c32-8d90-bf2b140923ef', '78a68ad2-8760-48af-bb5c-a78141ea8d53', 'ed9cb541-0d5d-4327-bf05-2c8116e2beab', '2000');
INSERT INTO `device_extend_values` VALUES ('3e48eef2-443e-46e5-9176-61540696238b', '66390bfd-9f3c-41e1-bb6a-f281dd9953f3', '78a68ad2-8760-48af-bb5c-a78141ea8d53', '1c2a4f22-b2a6-4f45-b609-8e53a8e2cb6b', '下');
INSERT INTO `device_extend_values` VALUES ('3e6a7efc-dc8e-411c-8371-703b38332e35', '2f11ce25-0826-4c32-8d90-bf2b140923ef', '78a68ad2-8760-48af-bb5c-a78141ea8d53', '4eb9b18f-271f-4d32-8611-f478afe738bf', '2600');
INSERT INTO `device_extend_values` VALUES ('3f266fc2-b70f-4c85-92ba-26a460f0ab1c', '2f11ce25-0826-4c32-8d90-bf2b140923ef', '78a68ad2-8760-48af-bb5c-a78141ea8d53', '5a42ba2f-7e3d-4117-a8b8-e50a5311b8a0', '1700');
INSERT INTO `device_extend_values` VALUES ('3ff6e23b-7810-4cb9-ac27-dfc874652027', 'f6b7e1d3-e167-4872-9e6a-0f8bd729f4cc', '78a68ad2-8760-48af-bb5c-a78141ea8d53', 'ac7bc05b-3d8b-4953-8c93-62c2968831bc', '0.379');
INSERT INTO `device_extend_values` VALUES ('40154bbf-2fb9-4927-a01e-c73f8d76fe48', 'a4936812-d3ef-442d-aaa3-c8a5d2b8f885', '78a68ad2-8760-48af-bb5c-a78141ea8d53', '854a3509-e185-4d2b-9aa3-1299afb30913', '进站');
INSERT INTO `device_extend_values` VALUES ('4022112f-d65a-4865-a2ed-9659805df06c', 'd5f28991-eafe-472c-b25d-33e6720320fd', '78a68ad2-8760-48af-bb5c-a78141ea8d53', 'ec2c1faa-257a-44cb-be54-77579548e467', '半自闭');
INSERT INTO `device_extend_values` VALUES ('40289fe2-ee22-4573-942f-f28c0c2e806c', '66390bfd-9f3c-41e1-bb6a-f281dd9953f3', '78a68ad2-8760-48af-bb5c-a78141ea8d53', '83a16f2b-de7e-4ca2-b83d-915536f35f42', '下');
INSERT INTO `device_extend_values` VALUES ('4039c828-a037-4ca4-b621-8b518d1633b2', '06a1cc4c-9de5-4e05-9c63-5d868889fbfd', '78a68ad2-8760-48af-bb5c-a78141ea8d53', 'cabebf63-9109-4811-9b5b-26a38873bee6', '标准UM71');
INSERT INTO `device_extend_values` VALUES ('40498eaa-69a9-4a12-aa89-a4e0e462b11d', '2f11ce25-0826-4c32-8d90-bf2b140923ef', '78a68ad2-8760-48af-bb5c-a78141ea8d53', 'c0fa99e5-d669-457f-b107-02fbb1d76044', '1700');
INSERT INTO `device_extend_values` VALUES ('406e71da-fe0e-4cd4-be84-259aabcb0ed0', '180f5a84-169b-4b93-922c-5ada48d52d2f', '78a68ad2-8760-48af-bb5c-a78141ea8d53', '5a9cc0e0-b0ce-4c1c-857e-849630593ade', 'ZPW-2000A/K型无绝缘');
INSERT INTO `device_extend_values` VALUES ('40a9e9f6-8332-4d6f-a6f3-f4420246f3e4', 'f6b7e1d3-e167-4872-9e6a-0f8bd729f4cc', '78a68ad2-8760-48af-bb5c-a78141ea8d53', '5142074c-1dcb-4787-b56d-d9f845bac5b1', '1.231');
INSERT INTO `device_extend_values` VALUES ('40db8b2c-e865-443b-b2a6-04ef2a0433b9', '2f11ce25-0826-4c32-8d90-bf2b140923ef', '78a68ad2-8760-48af-bb5c-a78141ea8d53', 'e8e00ab6-3777-44b9-a142-692975c3b999', '1700');
INSERT INTO `device_extend_values` VALUES ('40f519f9-c7a1-46df-ba6c-5fa916c8e759', 'd5f28991-eafe-472c-b25d-33e6720320fd', '78a68ad2-8760-48af-bb5c-a78141ea8d53', '7c1af819-d9cd-4a79-a750-ec83690f52f0', '半自闭');
INSERT INTO `device_extend_values` VALUES ('4123a0bb-d347-4c24-8440-9fabe2f5c75e', '66390bfd-9f3c-41e1-bb6a-f281dd9953f3', '78a68ad2-8760-48af-bb5c-a78141ea8d53', '952dc180-af55-41bf-8688-368fd168ddee', '下');
INSERT INTO `device_extend_values` VALUES ('41500349-3659-4317-aaa2-ca37f4c0f44d', '06a1cc4c-9de5-4e05-9c63-5d868889fbfd', '78a68ad2-8760-48af-bb5c-a78141ea8d53', 'cf6f18a7-5b83-40b7-87b4-f6d5ed5ebf97', '标准UM71');
INSERT INTO `device_extend_values` VALUES ('4190a7df-083d-4788-ab7c-576002f725ad', '06a1cc4c-9de5-4e05-9c63-5d868889fbfd', '78a68ad2-8760-48af-bb5c-a78141ea8d53', '2c7a2e58-8b2d-41ef-813b-4f8be24a7be8', '标准UM71');
INSERT INTO `device_extend_values` VALUES ('41ae6c82-e49d-447a-b5a0-e1fac047569c', 'd5f28991-eafe-472c-b25d-33e6720320fd', '78a68ad2-8760-48af-bb5c-a78141ea8d53', '525a403c-fb78-4b80-b32e-e08026d50ce1', '半自闭');
INSERT INTO `device_extend_values` VALUES ('41d6dbd3-a535-41a1-879d-879001102594', '180f5a84-169b-4b93-922c-5ada48d52d2f', '78a68ad2-8760-48af-bb5c-a78141ea8d53', 'd776fa27-8026-41ef-9f8f-877035f5cdac', 'ZPW-2000A/K型无绝缘');
INSERT INTO `device_extend_values` VALUES ('41f5b138-687f-45e5-9c2c-bc61ab6c4d3f', 'a4936812-d3ef-442d-aaa3-c8a5d2b8f885', '78a68ad2-8760-48af-bb5c-a78141ea8d53', '7954e2f0-8d96-4964-951d-7c20d0f10656', '进站');
INSERT INTO `device_extend_values` VALUES ('421015fb-caeb-4838-883e-3e1c4891156e', 'a4936812-d3ef-442d-aaa3-c8a5d2b8f885', '78a68ad2-8760-48af-bb5c-a78141ea8d53', '5a42ba2f-7e3d-4117-a8b8-e50a5311b8a0', '预告');
INSERT INTO `device_extend_values` VALUES ('4228f14e-fadc-409c-aeaa-d652935bc4fa', '180f5a84-169b-4b93-922c-5ada48d52d2f', '78a68ad2-8760-48af-bb5c-a78141ea8d53', '0e01d7fe-7f53-4935-8542-c681101abe93', 'ZPW2000A型移频');
INSERT INTO `device_extend_values` VALUES ('4229a41a-ae86-4420-86ee-a9325d0482f9', '66390bfd-9f3c-41e1-bb6a-f281dd9953f3', '78a68ad2-8760-48af-bb5c-a78141ea8d53', '19db4474-2e09-4988-9710-d805dd622318', '上');
INSERT INTO `device_extend_values` VALUES ('427986c9-0bd6-4efb-80ba-c0773592271c', '06a1cc4c-9de5-4e05-9c63-5d868889fbfd', '78a68ad2-8760-48af-bb5c-a78141ea8d53', 'a4cd9c8d-b684-4ca1-a24a-f6de08ea6d3e', '标准UM71');
INSERT INTO `device_extend_values` VALUES ('42a21cc7-f265-4de4-8185-dddb04a87d6e', '180f5a84-169b-4b93-922c-5ada48d52d2f', '78a68ad2-8760-48af-bb5c-a78141ea8d53', 'b9e7e97d-3d33-428f-a8b0-444a5c7eb40d', 'ZPW2000A型移频');
INSERT INTO `device_extend_values` VALUES ('42ae4e72-2ad1-471c-ab06-4adba67bbb2c', 'f6b7e1d3-e167-4872-9e6a-0f8bd729f4cc', '78a68ad2-8760-48af-bb5c-a78141ea8d53', '53447c49-df5e-430d-9a8f-094086fcb6bb', '1.231');
INSERT INTO `device_extend_values` VALUES ('42b567da-954a-4192-9bfe-69bcf90b72c7', '66390bfd-9f3c-41e1-bb6a-f281dd9953f3', '78a68ad2-8760-48af-bb5c-a78141ea8d53', '6f4cddaa-6ad7-4571-b784-a3cb62413a35', '上');
INSERT INTO `device_extend_values` VALUES ('42c4a927-a7b4-422a-b6aa-27ffa36214f1', '180f5a84-169b-4b93-922c-5ada48d52d2f', '78a68ad2-8760-48af-bb5c-a78141ea8d53', '36a18d9b-4bd4-4a9d-b6c4-144bc5dcae47', 'ZPW2000A型移频');
INSERT INTO `device_extend_values` VALUES ('42cebc68-7055-431f-bed6-1b9027597557', '2f11ce25-0826-4c32-8d90-bf2b140923ef', '78a68ad2-8760-48af-bb5c-a78141ea8d53', 'e6899422-c6fb-4e02-b0f6-3637a6773a42', '2000');
INSERT INTO `device_extend_values` VALUES ('42d52811-df9d-473e-87ad-f9e152c5dcaf', 'f6b7e1d3-e167-4872-9e6a-0f8bd729f4cc', '78a68ad2-8760-48af-bb5c-a78141ea8d53', '1e04dd5a-323f-4695-8892-ec8802314f36', '11.928');
INSERT INTO `device_extend_values` VALUES ('4305189a-3759-448c-8c39-4aa03d094357', '06a1cc4c-9de5-4e05-9c63-5d868889fbfd', '78a68ad2-8760-48af-bb5c-a78141ea8d53', '81990ca4-033d-4948-b026-86fc948fc4e0', '标准UM71');
INSERT INTO `device_extend_values` VALUES ('433915dd-7d15-4f63-8a55-34931a582ed4', 'd5f28991-eafe-472c-b25d-33e6720320fd', '78a68ad2-8760-48af-bb5c-a78141ea8d53', '4a9912a5-2b50-4937-970a-70f4a7e61731', '自闭');
INSERT INTO `device_extend_values` VALUES ('4362c2b9-6a80-4383-88eb-d5aee4784fb6', '180f5a84-169b-4b93-922c-5ada48d52d2f', '78a68ad2-8760-48af-bb5c-a78141ea8d53', '2e1b83ec-19f3-4e11-b3fa-a0b14bebe2eb', 'ZPW-2000A/K型无绝缘');
INSERT INTO `device_extend_values` VALUES ('43894a87-ed29-4ea0-9278-e38a39661690', '66390bfd-9f3c-41e1-bb6a-f281dd9953f3', '78a68ad2-8760-48af-bb5c-a78141ea8d53', '45580131-ba36-4694-bb13-08b99e8cabf3', '上');
INSERT INTO `device_extend_values` VALUES ('43e5e662-4c7b-44d8-8e81-72f0969aa344', 'f6b7e1d3-e167-4872-9e6a-0f8bd729f4cc', '78a68ad2-8760-48af-bb5c-a78141ea8d53', '0fb930b5-bb64-43e0-8e22-ba4b556a29c1', '1.799');
INSERT INTO `device_extend_values` VALUES ('440360c0-631a-48e9-80f1-3daae4582ab5', '2f11ce25-0826-4c32-8d90-bf2b140923ef', '78a68ad2-8760-48af-bb5c-a78141ea8d53', 'ae3a2bc9-b16d-4ce7-b9a1-7f4dc48f8ed3', '2000');
INSERT INTO `device_extend_values` VALUES ('440eca85-eae9-4ffa-b203-bc48ec8b05b1', '06a1cc4c-9de5-4e05-9c63-5d868889fbfd', '78a68ad2-8760-48af-bb5c-a78141ea8d53', '05be799d-c5d5-4a62-90fd-8e7179af7341', '标准UM71');
INSERT INTO `device_extend_values` VALUES ('44209f33-0f01-4c5a-9517-9854c1f06890', 'd5f28991-eafe-472c-b25d-33e6720320fd', '78a68ad2-8760-48af-bb5c-a78141ea8d53', 'f9b244ab-1a55-49ea-adee-9d1dddf17cd7', '半自闭');
INSERT INTO `device_extend_values` VALUES ('442dd1aa-7966-42ba-b683-6de9dc84c038', '06a1cc4c-9de5-4e05-9c63-5d868889fbfd', '78a68ad2-8760-48af-bb5c-a78141ea8d53', '9e6a448b-4fb5-4d05-a41c-808eb79e88d7', '标准UM71');
INSERT INTO `device_extend_values` VALUES ('443e4913-7e4a-49c7-89b8-0a638846053f', 'd5f28991-eafe-472c-b25d-33e6720320fd', '78a68ad2-8760-48af-bb5c-a78141ea8d53', '8eb8e125-909a-40ba-844a-5c12527fb596', '半自闭');
INSERT INTO `device_extend_values` VALUES ('445ad9ec-417e-4cff-864e-888b54976c96', 'd5f28991-eafe-472c-b25d-33e6720320fd', '78a68ad2-8760-48af-bb5c-a78141ea8d53', '4bbc4641-ec1a-470b-b7e1-be3d9f2e041d', '半自闭');
INSERT INTO `device_extend_values` VALUES ('44990b75-db6f-4c9d-98f6-ee357cf15117', '06a1cc4c-9de5-4e05-9c63-5d868889fbfd', '78a68ad2-8760-48af-bb5c-a78141ea8d53', 'e8f5e22b-55c0-4989-9ca6-1ae411cca356', '标准UM71');
INSERT INTO `device_extend_values` VALUES ('44c8ecf1-9958-4506-b829-be7e9c949cc5', '66390bfd-9f3c-41e1-bb6a-f281dd9953f3', '78a68ad2-8760-48af-bb5c-a78141ea8d53', 'd282a8d4-c2b5-4c18-a126-82fe9c8f1638', '上');
INSERT INTO `device_extend_values` VALUES ('44e4d59e-929e-48a8-ac2d-e6f96df341bd', '06a1cc4c-9de5-4e05-9c63-5d868889fbfd', '78a68ad2-8760-48af-bb5c-a78141ea8d53', 'ed57b781-b4d7-405d-9749-36a30685be25', '标准UM71');
INSERT INTO `device_extend_values` VALUES ('44e68566-9bc5-4e82-a564-98ff48b74fbb', 'f6b7e1d3-e167-4872-9e6a-0f8bd729f4cc', '78a68ad2-8760-48af-bb5c-a78141ea8d53', 'e2a30f88-9a87-468d-89c4-f087ef9c9c9d', '11.187');
INSERT INTO `device_extend_values` VALUES ('454c0c1e-58e4-40d8-9640-4e4122f070ab', '06a1cc4c-9de5-4e05-9c63-5d868889fbfd', '78a68ad2-8760-48af-bb5c-a78141ea8d53', '1f907f7f-ad95-4374-b915-8b081720b99c', '标准UM71');
INSERT INTO `device_extend_values` VALUES ('4583c5a5-f61b-484d-bfa7-5df285260977', '06a1cc4c-9de5-4e05-9c63-5d868889fbfd', '78a68ad2-8760-48af-bb5c-a78141ea8d53', '91bd64cb-d8de-4b3d-8d50-3453f5c8f063', '标准UM71');
INSERT INTO `device_extend_values` VALUES ('458462f4-9f3b-4b46-aab4-f89b3c6abb17', '66390bfd-9f3c-41e1-bb6a-f281dd9953f3', '78a68ad2-8760-48af-bb5c-a78141ea8d53', '0d16d176-d7fb-4cf9-846f-e1ded61f7cc4', '上');
INSERT INTO `device_extend_values` VALUES ('461ded01-8128-46d2-b7e9-ac42f59a9b8a', 'd5f28991-eafe-472c-b25d-33e6720320fd', '78a68ad2-8760-48af-bb5c-a78141ea8d53', '3ebda1ff-a823-4ac9-ad96-bd860ebf295e', '半自闭');
INSERT INTO `device_extend_values` VALUES ('4659d0ff-8d62-4cae-87f4-bfd7ad458c1c', '2f11ce25-0826-4c32-8d90-bf2b140923ef', '78a68ad2-8760-48af-bb5c-a78141ea8d53', '6ff19125-23f2-4546-a65b-797dfd9665c2', '2000');
INSERT INTO `device_extend_values` VALUES ('46847385-ff38-4644-b2a3-018064b18fec', 'f6b7e1d3-e167-4872-9e6a-0f8bd729f4cc', '78a68ad2-8760-48af-bb5c-a78141ea8d53', 'e06b4721-3eee-4ff6-848f-d7e0f7003fbc', '1.221');
INSERT INTO `device_extend_values` VALUES ('468c6fb7-f4e4-4ba3-929e-8d2615dc6283', 'd5f28991-eafe-472c-b25d-33e6720320fd', '78a68ad2-8760-48af-bb5c-a78141ea8d53', '8cb94080-97a5-47cd-a8be-602a748cd4a6', '半自闭');
INSERT INTO `device_extend_values` VALUES ('4694d9a0-9d47-44a1-8f53-1e91a4267f19', '66390bfd-9f3c-41e1-bb6a-f281dd9953f3', '78a68ad2-8760-48af-bb5c-a78141ea8d53', 'e29846c1-e0d5-46a6-80f0-67b55bb5cd84', '上');
INSERT INTO `device_extend_values` VALUES ('46c4d558-cce2-4c19-84fd-7377fc4048d3', '06a1cc4c-9de5-4e05-9c63-5d868889fbfd', '78a68ad2-8760-48af-bb5c-a78141ea8d53', 'f9841af1-781e-4a0a-b1f1-06147d7ffa57', '标准UM71');
INSERT INTO `device_extend_values` VALUES ('46ef38ea-8504-4d0b-9ee5-836506441204', 'f6b7e1d3-e167-4872-9e6a-0f8bd729f4cc', '78a68ad2-8760-48af-bb5c-a78141ea8d53', '0e2069c2-b8a7-40cd-9b4a-98a8a62a73da', '11.928');
INSERT INTO `device_extend_values` VALUES ('46f278c1-26d2-44fd-9b4b-2b734e2bbbba', '2f11ce25-0826-4c32-8d90-bf2b140923ef', '78a68ad2-8760-48af-bb5c-a78141ea8d53', '655de06c-e5ac-495a-87b2-4475fead91ca', '1700');
INSERT INTO `device_extend_values` VALUES ('474a97da-5911-411f-928e-f13d4f506125', 'd5f28991-eafe-472c-b25d-33e6720320fd', '78a68ad2-8760-48af-bb5c-a78141ea8d53', '821ca00c-07e8-4c41-845f-e3a13dd9d353', '半自闭');
INSERT INTO `device_extend_values` VALUES ('47627263-72d2-4c9f-910f-7fc245ab8d0f', 'a4936812-d3ef-442d-aaa3-c8a5d2b8f885', '78a68ad2-8760-48af-bb5c-a78141ea8d53', '122e3e36-b486-4b09-b8ba-723491abee09', '预告');
INSERT INTO `device_extend_values` VALUES ('4794ddaf-92f4-4e53-972c-85385502fea1', '2f11ce25-0826-4c32-8d90-bf2b140923ef', '78a68ad2-8760-48af-bb5c-a78141ea8d53', '48f31415-61d9-4ff8-a72f-639f3eeacbd7', '2000/2600');
INSERT INTO `device_extend_values` VALUES ('4814b2a9-8de2-46a9-982f-5453ad4880c3', '180f5a84-169b-4b93-922c-5ada48d52d2f', '78a68ad2-8760-48af-bb5c-a78141ea8d53', '17123df9-9d07-4924-846f-beb5f861423d', 'ZPW2000A型移频');
INSERT INTO `device_extend_values` VALUES ('4821c2a1-a749-4459-8404-69aa815aed19', '2f11ce25-0826-4c32-8d90-bf2b140923ef', '78a68ad2-8760-48af-bb5c-a78141ea8d53', '54e33d4f-87f5-44a3-8e13-319b19cbbd5e', '1700');
INSERT INTO `device_extend_values` VALUES ('482fea8a-01b3-4949-8b2d-02ac9d049cec', '180f5a84-169b-4b93-922c-5ada48d52d2f', '78a68ad2-8760-48af-bb5c-a78141ea8d53', '9311ec4c-9b65-4d2a-8bc9-2c0ce9b54b81', 'ZPW2000A型移频');
INSERT INTO `device_extend_values` VALUES ('4897f5d4-3830-4eee-bdb6-27d5f392f314', '06a1cc4c-9de5-4e05-9c63-5d868889fbfd', '78a68ad2-8760-48af-bb5c-a78141ea8d53', '58d4bfb2-aa62-4341-ab79-aff2d1091bb3', '标准UM71');
INSERT INTO `device_extend_values` VALUES ('48baade7-6097-4d0f-ab36-dec4cd82082e', 'a4936812-d3ef-442d-aaa3-c8a5d2b8f885', '78a68ad2-8760-48af-bb5c-a78141ea8d53', '3dd5586d-24ae-4e30-9c70-e14bd51215cc', '进站');
INSERT INTO `device_extend_values` VALUES ('48c2ceae-9d30-4654-ada4-c4a8b6fd8330', '2f11ce25-0826-4c32-8d90-bf2b140923ef', '78a68ad2-8760-48af-bb5c-a78141ea8d53', '56f521bb-a308-4100-b91a-d685e8f6c74d', '2600');
INSERT INTO `device_extend_values` VALUES ('48d38cee-d373-4efa-8884-18685048fb42', 'a4936812-d3ef-442d-aaa3-c8a5d2b8f885', '78a68ad2-8760-48af-bb5c-a78141ea8d53', '054af2f3-6e77-4540-b868-f44f6f27ccd5', '逆向进站');
INSERT INTO `device_extend_values` VALUES ('49146ebb-6c59-4638-bf59-4a9c31a2c700', '180f5a84-169b-4b93-922c-5ada48d52d2f', '78a68ad2-8760-48af-bb5c-a78141ea8d53', '58d4bfb2-aa62-4341-ab79-aff2d1091bb3', 'ZPW-2000A/K型无绝缘');
INSERT INTO `device_extend_values` VALUES ('49193a70-75ff-4b44-b3a5-c3d3b994191e', '2f11ce25-0826-4c32-8d90-bf2b140923ef', '78a68ad2-8760-48af-bb5c-a78141ea8d53', 'bf6c4faf-b8f6-469a-8aec-6abdc5d27450', '2000');
INSERT INTO `device_extend_values` VALUES ('49628e21-4746-426a-90fe-1f0ff7f9fbec', 'd5f28991-eafe-472c-b25d-33e6720320fd', '78a68ad2-8760-48af-bb5c-a78141ea8d53', 'f3fe5f36-6f3d-430b-8fc0-79236633be1d', '自闭');
INSERT INTO `device_extend_values` VALUES ('496c4caa-e220-4f24-857e-e6b4346928cb', '06a1cc4c-9de5-4e05-9c63-5d868889fbfd', '78a68ad2-8760-48af-bb5c-a78141ea8d53', '2dc5d2c3-828f-4982-9708-a9738120c24a', '标准UM71');
INSERT INTO `device_extend_values` VALUES ('4973abde-02a1-4fc6-bc85-ab86794d831f', 'f6b7e1d3-e167-4872-9e6a-0f8bd729f4cc', '78a68ad2-8760-48af-bb5c-a78141ea8d53', 'd282a8d4-c2b5-4c18-a126-82fe9c8f1638', '1.026');
INSERT INTO `device_extend_values` VALUES ('49b52eaa-1d77-4ec4-b7c1-23ec6d5441fc', 'a4936812-d3ef-442d-aaa3-c8a5d2b8f885', '78a68ad2-8760-48af-bb5c-a78141ea8d53', 'e06b4721-3eee-4ff6-848f-d7e0f7003fbc', '出站');
INSERT INTO `device_extend_values` VALUES ('49c21a18-8dda-480e-8574-5bd04db32ace', '66390bfd-9f3c-41e1-bb6a-f281dd9953f3', '78a68ad2-8760-48af-bb5c-a78141ea8d53', 'd8cd384d-903b-403a-b10b-5a2103da5d91', '上');
INSERT INTO `device_extend_values` VALUES ('49d35a33-1147-4f3e-a8af-3b9e9cf0868b', '06a1cc4c-9de5-4e05-9c63-5d868889fbfd', '78a68ad2-8760-48af-bb5c-a78141ea8d53', '250f4332-7ebc-4bb6-8baf-c72878ee0c95', '标准UM71');
INSERT INTO `device_extend_values` VALUES ('4a807013-c195-4597-9e58-4ae420b739ca', '2f11ce25-0826-4c32-8d90-bf2b140923ef', '78a68ad2-8760-48af-bb5c-a78141ea8d53', 'fff9af65-bd8c-4a48-b24c-c13b8b5ab4b5', '2600');
INSERT INTO `device_extend_values` VALUES ('4a99089e-ec76-432f-9357-eaff49b6f5eb', 'd5f28991-eafe-472c-b25d-33e6720320fd', '78a68ad2-8760-48af-bb5c-a78141ea8d53', '1f907f7f-ad95-4374-b915-8b081720b99c', '半自闭');
INSERT INTO `device_extend_values` VALUES ('4abd293a-4f5d-4ff8-be36-e5534e709e1b', 'a4936812-d3ef-442d-aaa3-c8a5d2b8f885', '78a68ad2-8760-48af-bb5c-a78141ea8d53', '9ae9a19d-3ab3-4354-849e-43a515843a30', '出站');
INSERT INTO `device_extend_values` VALUES ('4ac3b13b-0e4b-44c4-9876-4e2fbaec1688', '180f5a84-169b-4b93-922c-5ada48d52d2f', '78a68ad2-8760-48af-bb5c-a78141ea8d53', '4b6d5bb0-1dd4-4c89-b118-a1a162297690', 'ZPW-2000A/K型无绝缘');
INSERT INTO `device_extend_values` VALUES ('4b018dc4-6e3a-4bac-b17d-7693da1ac17b', 'f6b7e1d3-e167-4872-9e6a-0f8bd729f4cc', '78a68ad2-8760-48af-bb5c-a78141ea8d53', '274012ba-77dc-47b8-817d-3dc10b322862', '0.379');
INSERT INTO `device_extend_values` VALUES ('4b0223eb-b354-45eb-991b-adcf7388df67', 'a4936812-d3ef-442d-aaa3-c8a5d2b8f885', '78a68ad2-8760-48af-bb5c-a78141ea8d53', '5c8bb850-e3d7-40e7-996c-83abc2251195', '出站');
INSERT INTO `device_extend_values` VALUES ('4b0f2225-62ae-41f6-b07a-7570c6f79e82', 'a4936812-d3ef-442d-aaa3-c8a5d2b8f885', '78a68ad2-8760-48af-bb5c-a78141ea8d53', 'f3b137e8-9e57-410c-a862-e8079e03da99', '进站');
INSERT INTO `device_extend_values` VALUES ('4b51058d-a8aa-4b5a-8136-9fd9bb6cbf46', 'a4936812-d3ef-442d-aaa3-c8a5d2b8f885', '78a68ad2-8760-48af-bb5c-a78141ea8d53', '8f8e6f68-232d-4024-aebe-f399bcb2baad', '逆向进站');
INSERT INTO `device_extend_values` VALUES ('4c1c88b7-0ba4-4101-894e-d76299de2432', 'a4936812-d3ef-442d-aaa3-c8a5d2b8f885', '78a68ad2-8760-48af-bb5c-a78141ea8d53', '47bc9c79-f29f-4964-8661-6381700b8a43', '通过');
INSERT INTO `device_extend_values` VALUES ('4c259c16-081f-48c6-a3ad-958943a83cb1', 'd5f28991-eafe-472c-b25d-33e6720320fd', '78a68ad2-8760-48af-bb5c-a78141ea8d53', 'f1b6cf95-401d-4e1a-9234-e63f2f614d6e', '半自闭');
INSERT INTO `device_extend_values` VALUES ('4c26e3c3-bbf2-4c52-a87e-f40e43d248d3', '2f11ce25-0826-4c32-8d90-bf2b140923ef', '78a68ad2-8760-48af-bb5c-a78141ea8d53', '61cd497a-481e-49b9-819a-6fbd172dc6e5', '2600');
INSERT INTO `device_extend_values` VALUES ('4c68fb30-442a-4c4b-886b-ea539e2a8e5c', '308ae10e-b62f-498b-b348-63ec93645ca7', '85ee69e1-947c-460a-ba02-df060abe1e03', 'c0e876c0-7122-452a-a0f5-1ee8780513bb', '2');
INSERT INTO `device_extend_values` VALUES ('4c6db4ff-752f-4908-8ec3-208703f55e79', 'f6b7e1d3-e167-4872-9e6a-0f8bd729f4cc', '78a68ad2-8760-48af-bb5c-a78141ea8d53', 'a6e29ef4-f0a1-4b11-83df-bc9771ae6765', '4.906');
INSERT INTO `device_extend_values` VALUES ('4c735327-6bc9-4221-9757-a2003abd6f20', 'a4936812-d3ef-442d-aaa3-c8a5d2b8f885', '78a68ad2-8760-48af-bb5c-a78141ea8d53', '1c8da941-5438-48c3-8555-facf8f684636', '进站');
INSERT INTO `device_extend_values` VALUES ('4c74191d-a9dd-457e-b8a4-65f58df5a2ca', 'a4936812-d3ef-442d-aaa3-c8a5d2b8f885', '78a68ad2-8760-48af-bb5c-a78141ea8d53', 'ed9cb541-0d5d-4327-bf05-2c8116e2beab', '逆向进站');
INSERT INTO `device_extend_values` VALUES ('4c801a43-1d84-455a-a0aa-7b0297f9916f', 'd5f28991-eafe-472c-b25d-33e6720320fd', '78a68ad2-8760-48af-bb5c-a78141ea8d53', '9e6a448b-4fb5-4d05-a41c-808eb79e88d7', '半自闭');
INSERT INTO `device_extend_values` VALUES ('4c8fd5e3-7aff-4a0d-91d6-2a84b7c96231', '06a1cc4c-9de5-4e05-9c63-5d868889fbfd', '78a68ad2-8760-48af-bb5c-a78141ea8d53', '47bc9c79-f29f-4964-8661-6381700b8a43', '标准UM71');
INSERT INTO `device_extend_values` VALUES ('4ca9c5d3-ba42-45ba-b889-241838b76053', 'f6b7e1d3-e167-4872-9e6a-0f8bd729f4cc', '78a68ad2-8760-48af-bb5c-a78141ea8d53', 'ed9cb541-0d5d-4327-bf05-2c8116e2beab', '11.928');
INSERT INTO `device_extend_values` VALUES ('4cc3340f-8d86-4916-a8fa-c582353d3f48', 'f6b7e1d3-e167-4872-9e6a-0f8bd729f4cc', '78a68ad2-8760-48af-bb5c-a78141ea8d53', '5555741e-d2ed-4757-9889-0e674cfc43a7', '0.376');
INSERT INTO `device_extend_values` VALUES ('4d0b9dfa-5d2b-4404-86c1-a40ecf4add1b', '180f5a84-169b-4b93-922c-5ada48d52d2f', '78a68ad2-8760-48af-bb5c-a78141ea8d53', 'c72461ee-e988-40ae-aa84-72c8bd761f56', 'ZPW-2000A/K型无绝缘');
INSERT INTO `device_extend_values` VALUES ('4d0f6fa0-eb8f-4a36-98d3-60b113d6bc73', '2f11ce25-0826-4c32-8d90-bf2b140923ef', '78a68ad2-8760-48af-bb5c-a78141ea8d53', 'a53dc08f-a51e-4769-8632-3a2bbff33584', '1700');
INSERT INTO `device_extend_values` VALUES ('4d407c0b-c2db-48cb-88d6-0dc1e4244358', 'f6b7e1d3-e167-4872-9e6a-0f8bd729f4cc', '78a68ad2-8760-48af-bb5c-a78141ea8d53', '952dc180-af55-41bf-8688-368fd168ddee', '1.221');
INSERT INTO `device_extend_values` VALUES ('4d7f3f35-0564-4fda-8ec9-18e74d16610e', 'f6b7e1d3-e167-4872-9e6a-0f8bd729f4cc', '78a68ad2-8760-48af-bb5c-a78141ea8d53', 'cfb6b2aa-416a-4917-a6bc-544d889c1c1f', '0.379');
INSERT INTO `device_extend_values` VALUES ('4db855eb-b64d-4545-9a9f-6acb66fca12d', '2f11ce25-0826-4c32-8d90-bf2b140923ef', '78a68ad2-8760-48af-bb5c-a78141ea8d53', '005868dd-4e4a-4be4-8921-41853e6973a8', '2600');
INSERT INTO `device_extend_values` VALUES ('4dc03eeb-af86-4a8a-a47b-43ad65d7c9b1', '180f5a84-169b-4b93-922c-5ada48d52d2f', '78a68ad2-8760-48af-bb5c-a78141ea8d53', 'ec2c1faa-257a-44cb-be54-77579548e467', 'ZPW-2000A/K型无绝缘');
INSERT INTO `device_extend_values` VALUES ('4e05e16e-4823-4801-96ea-7ee02e7f76d9', 'a4936812-d3ef-442d-aaa3-c8a5d2b8f885', '78a68ad2-8760-48af-bb5c-a78141ea8d53', '3bc2e90d-bab8-4826-9f8e-ce0eff25d386', '通过');
INSERT INTO `device_extend_values` VALUES ('4e107d2d-ac81-4d75-8f1c-e807969dc9ca', 'd5f28991-eafe-472c-b25d-33e6720320fd', '78a68ad2-8760-48af-bb5c-a78141ea8d53', 'e646486e-8aa6-4855-9b41-e7e5cca33bc5', '半自闭');
INSERT INTO `device_extend_values` VALUES ('4e143aed-d219-46f7-a31e-2a4d29589a60', '06a1cc4c-9de5-4e05-9c63-5d868889fbfd', '78a68ad2-8760-48af-bb5c-a78141ea8d53', '52ca609a-1265-4f80-9911-70b93a363c1f', '标准UM71');
INSERT INTO `device_extend_values` VALUES ('4e2edf1d-1d02-46bf-95b8-3e5e4e261b1f', '180f5a84-169b-4b93-922c-5ada48d52d2f', '78a68ad2-8760-48af-bb5c-a78141ea8d53', '054af2f3-6e77-4540-b868-f44f6f27ccd5', 'ZPW2000A型移频');
INSERT INTO `device_extend_values` VALUES ('4e63f877-0b6b-4b29-a447-8e05a8d05b06', '06a1cc4c-9de5-4e05-9c63-5d868889fbfd', '78a68ad2-8760-48af-bb5c-a78141ea8d53', '40609f38-5bda-47d4-a864-5abc14edec16', '标准UM71');
INSERT INTO `device_extend_values` VALUES ('4e67bda9-39dd-47f9-b3ae-b10e53812a22', '66390bfd-9f3c-41e1-bb6a-f281dd9953f3', '78a68ad2-8760-48af-bb5c-a78141ea8d53', '890dd5d0-e8ba-4b31-9cf6-3be52172bfc9', '下');
INSERT INTO `device_extend_values` VALUES ('4e8cad14-1581-41ce-8103-513bdcdb89a5', '180f5a84-169b-4b93-922c-5ada48d52d2f', '78a68ad2-8760-48af-bb5c-a78141ea8d53', 'eeee548d-b7ed-46d8-a5fb-1f9b84d24ba4', 'ZPW2000A型移频');
INSERT INTO `device_extend_values` VALUES ('4ea38bf0-dabe-4b40-bd72-ac19cdead690', 'd5f28991-eafe-472c-b25d-33e6720320fd', '78a68ad2-8760-48af-bb5c-a78141ea8d53', '808840e8-cb94-47c3-b8a2-00f7a0400eba', '半自闭');
INSERT INTO `device_extend_values` VALUES ('4ed44b8d-bee7-414c-9fac-1c7158ff5162', '180f5a84-169b-4b93-922c-5ada48d52d2f', '78a68ad2-8760-48af-bb5c-a78141ea8d53', '6ff19125-23f2-4546-a65b-797dfd9665c2', 'ZPW2000A型移频');
INSERT INTO `device_extend_values` VALUES ('4f292326-1d5c-4894-9e2a-4e19d3a14605', '66390bfd-9f3c-41e1-bb6a-f281dd9953f3', '78a68ad2-8760-48af-bb5c-a78141ea8d53', 'dd321c34-2861-4c8b-af10-7984e8a79dc3', '下');
INSERT INTO `device_extend_values` VALUES ('4f32bc6e-5bd7-44b2-b6af-dfe4df074756', 'f6b7e1d3-e167-4872-9e6a-0f8bd729f4cc', '78a68ad2-8760-48af-bb5c-a78141ea8d53', 'bcaf4a73-62f2-4705-8650-15d385528791', '11.928');
INSERT INTO `device_extend_values` VALUES ('4f641a81-5c20-4750-b293-6041a0b05956', 'd5f28991-eafe-472c-b25d-33e6720320fd', '78a68ad2-8760-48af-bb5c-a78141ea8d53', 'a7eee9f3-fcfb-4f06-8005-e7817730204a', '自闭');
INSERT INTO `device_extend_values` VALUES ('4f919684-1dbc-4efc-a464-55124a26751a', 'a4936812-d3ef-442d-aaa3-c8a5d2b8f885', '78a68ad2-8760-48af-bb5c-a78141ea8d53', '325897ba-6f9a-4441-bb7b-849e9ba4acb5', '出站');
INSERT INTO `device_extend_values` VALUES ('4fe9a004-535a-4d10-83d5-e8acb72b1e7c', '180f5a84-169b-4b93-922c-5ada48d52d2f', '78a68ad2-8760-48af-bb5c-a78141ea8d53', '61d14973-d344-46dc-a551-af1bf260cd4f', 'ZPW2000A型移频');
INSERT INTO `device_extend_values` VALUES ('502e5934-1a21-425d-90b5-5601226abb42', '180f5a84-169b-4b93-922c-5ada48d52d2f', '78a68ad2-8760-48af-bb5c-a78141ea8d53', '258bb62c-18a1-479b-b8f6-d36760bf8dc5', 'ZPW-2000A/K型无绝缘');
INSERT INTO `device_extend_values` VALUES ('50395b20-cd9c-475f-8ec0-c61b931e2998', 'a4936812-d3ef-442d-aaa3-c8a5d2b8f885', '78a68ad2-8760-48af-bb5c-a78141ea8d53', '655de06c-e5ac-495a-87b2-4475fead91ca', '进站');
INSERT INTO `device_extend_values` VALUES ('506a609f-224d-4e3a-990b-342c20218ce8', '06a1cc4c-9de5-4e05-9c63-5d868889fbfd', '78a68ad2-8760-48af-bb5c-a78141ea8d53', '274012ba-77dc-47b8-817d-3dc10b322862', '标准UM71');
INSERT INTO `device_extend_values` VALUES ('50d1334a-ba2b-472f-ba3b-19ee70baa643', 'a4936812-d3ef-442d-aaa3-c8a5d2b8f885', '78a68ad2-8760-48af-bb5c-a78141ea8d53', '250ff211-be54-4975-8862-95afe1e40621', '出站');
INSERT INTO `device_extend_values` VALUES ('50fa6954-2d89-4b71-82a4-4570401d1189', '2f11ce25-0826-4c32-8d90-bf2b140923ef', '78a68ad2-8760-48af-bb5c-a78141ea8d53', '1414cf63-8a76-4c81-a3f0-187ed1c6cd12', '2600');
INSERT INTO `device_extend_values` VALUES ('512b4e1b-5b4a-4bd4-9f36-faeb18ef0f80', '06a1cc4c-9de5-4e05-9c63-5d868889fbfd', '78a68ad2-8760-48af-bb5c-a78141ea8d53', '4bad2b72-5169-40b2-80a4-08c9e38af43a', '标准UM71');
INSERT INTO `device_extend_values` VALUES ('5133a1af-4fcb-4c43-a524-b05681a368f5', 'a4936812-d3ef-442d-aaa3-c8a5d2b8f885', '78a68ad2-8760-48af-bb5c-a78141ea8d53', 'ac7bc05b-3d8b-4953-8c93-62c2968831bc', '出站');
INSERT INTO `device_extend_values` VALUES ('51507c4c-4d63-4562-846d-17f21176cc82', '06a1cc4c-9de5-4e05-9c63-5d868889fbfd', '78a68ad2-8760-48af-bb5c-a78141ea8d53', 'd1d9e6a8-aa7a-4f80-a831-e7c1040903f3', '标准UM71');
INSERT INTO `device_extend_values` VALUES ('51517f44-428c-4f3c-8dca-af6b07a24d54', 'd5f28991-eafe-472c-b25d-33e6720320fd', '78a68ad2-8760-48af-bb5c-a78141ea8d53', '854a3509-e185-4d2b-9aa3-1299afb30913', '自闭');
INSERT INTO `device_extend_values` VALUES ('525041c5-5f82-455f-873d-255365e424c0', '66390bfd-9f3c-41e1-bb6a-f281dd9953f3', '78a68ad2-8760-48af-bb5c-a78141ea8d53', 'b9e7e97d-3d33-428f-a8b0-444a5c7eb40d', '下');
INSERT INTO `device_extend_values` VALUES ('525bf24b-730d-4b7d-a3e3-76d46167eb3f', '66390bfd-9f3c-41e1-bb6a-f281dd9953f3', '78a68ad2-8760-48af-bb5c-a78141ea8d53', 'e6570b28-9f24-4447-8641-3158f7c4bcec', '上');
INSERT INTO `device_extend_values` VALUES ('5264063c-cee8-4833-bbda-fc40136df782', 'd5f28991-eafe-472c-b25d-33e6720320fd', '78a68ad2-8760-48af-bb5c-a78141ea8d53', 'e29846c1-e0d5-46a6-80f0-67b55bb5cd84', '自闭');
INSERT INTO `device_extend_values` VALUES ('526ffc11-58f1-4ef8-b35a-4030b291f4ba', 'f6b7e1d3-e167-4872-9e6a-0f8bd729f4cc', '78a68ad2-8760-48af-bb5c-a78141ea8d53', '66910858-bf06-4378-bebb-1806d2214db6', '11.928');
INSERT INTO `device_extend_values` VALUES ('52a49dcc-6fb8-47e0-896c-7f35acd653e8', '06a1cc4c-9de5-4e05-9c63-5d868889fbfd', '78a68ad2-8760-48af-bb5c-a78141ea8d53', '808840e8-cb94-47c3-b8a2-00f7a0400eba', '标准UM71');
INSERT INTO `device_extend_values` VALUES ('52cc4bb1-cad4-47cd-b273-120986252fa5', '2f11ce25-0826-4c32-8d90-bf2b140923ef', '78a68ad2-8760-48af-bb5c-a78141ea8d53', '250ff211-be54-4975-8862-95afe1e40621', '2300');
INSERT INTO `device_extend_values` VALUES ('52d492b6-1796-498e-b940-6dc88e39f7a3', '2f11ce25-0826-4c32-8d90-bf2b140923ef', '78a68ad2-8760-48af-bb5c-a78141ea8d53', '854a3509-e185-4d2b-9aa3-1299afb30913', '2000/2600');
INSERT INTO `device_extend_values` VALUES ('52eef50f-fec9-4678-9545-5c556022235a', 'd5f28991-eafe-472c-b25d-33e6720320fd', '78a68ad2-8760-48af-bb5c-a78141ea8d53', 'a4cd9c8d-b684-4ca1-a24a-f6de08ea6d3e', '自闭');
INSERT INTO `device_extend_values` VALUES ('52f6eff6-af06-4efb-9557-b6637e24b560', '180f5a84-169b-4b93-922c-5ada48d52d2f', '78a68ad2-8760-48af-bb5c-a78141ea8d53', '4bad2b72-5169-40b2-80a4-08c9e38af43a', 'ZPW2000A型移频');
INSERT INTO `device_extend_values` VALUES ('5349bb55-c347-4a8c-b752-2add242166dd', 'a4936812-d3ef-442d-aaa3-c8a5d2b8f885', '78a68ad2-8760-48af-bb5c-a78141ea8d53', '952dc180-af55-41bf-8688-368fd168ddee', '出站');
INSERT INTO `device_extend_values` VALUES ('5367008e-c369-465e-b859-541193324be3', '2f11ce25-0826-4c32-8d90-bf2b140923ef', '78a68ad2-8760-48af-bb5c-a78141ea8d53', '122e3e36-b486-4b09-b8ba-723491abee09', '1700');
INSERT INTO `device_extend_values` VALUES ('53a874cb-3c11-45fb-ba95-42ec8c1fe3d0', '180f5a84-169b-4b93-922c-5ada48d52d2f', '78a68ad2-8760-48af-bb5c-a78141ea8d53', '1454384e-bcb5-4759-a637-5f0a4c97500a', 'ZPW-2000A/K型无绝缘');
INSERT INTO `device_extend_values` VALUES ('53acb3ea-0ed1-42e1-b769-19297540b158', '66390bfd-9f3c-41e1-bb6a-f281dd9953f3', '78a68ad2-8760-48af-bb5c-a78141ea8d53', '453cc174-242a-4ec4-9fee-86db8a78069e', '上');
INSERT INTO `device_extend_values` VALUES ('53bb41be-5b5c-4e92-82d3-ccf79913bfeb', 'a4936812-d3ef-442d-aaa3-c8a5d2b8f885', '78a68ad2-8760-48af-bb5c-a78141ea8d53', 'ec2c1faa-257a-44cb-be54-77579548e467', '通过');
INSERT INTO `device_extend_values` VALUES ('53da6300-4182-43eb-a190-824c56eb4ea3', '2f11ce25-0826-4c32-8d90-bf2b140923ef', '78a68ad2-8760-48af-bb5c-a78141ea8d53', 'f03d11a6-702c-4b0e-8849-7676a2355789', '2600/2000/2600/ 2000');
INSERT INTO `device_extend_values` VALUES ('541fc201-1f1b-47f6-8827-45df7d13a4d4', '2f11ce25-0826-4c32-8d90-bf2b140923ef', '78a68ad2-8760-48af-bb5c-a78141ea8d53', '5cc7d002-4a62-4d15-9a20-2d8ca0884c20', '1700');
INSERT INTO `device_extend_values` VALUES ('54282580-a005-4a56-99be-d5814d164e81', '2f11ce25-0826-4c32-8d90-bf2b140923ef', '78a68ad2-8760-48af-bb5c-a78141ea8d53', '33131992-6c8c-469f-82b6-307532e3d1d3', '1700/2300/1700/ 2300/1700');
INSERT INTO `device_extend_values` VALUES ('546c7981-2c77-43b7-82fd-0c88b1ff5aca', '66390bfd-9f3c-41e1-bb6a-f281dd9953f3', '78a68ad2-8760-48af-bb5c-a78141ea8d53', '5a42ba2f-7e3d-4117-a8b8-e50a5311b8a0', '下');
INSERT INTO `device_extend_values` VALUES ('54756ce1-932a-4e99-95fd-b244f4c82dfd', 'd5f28991-eafe-472c-b25d-33e6720320fd', '78a68ad2-8760-48af-bb5c-a78141ea8d53', '17cdce6a-92aa-4239-89fa-cc19515d4826', '自闭');
INSERT INTO `device_extend_values` VALUES ('54ca45ab-a673-420c-9b71-fe30d4c77387', '66390bfd-9f3c-41e1-bb6a-f281dd9953f3', '78a68ad2-8760-48af-bb5c-a78141ea8d53', '9abd0a3c-e655-4105-85c7-38aec93787d3', '下');
INSERT INTO `device_extend_values` VALUES ('54dbaa01-af65-4fe5-99da-736de5f55c2d', '66390bfd-9f3c-41e1-bb6a-f281dd9953f3', '78a68ad2-8760-48af-bb5c-a78141ea8d53', '1e04dd5a-323f-4695-8892-ec8802314f36', '下');
INSERT INTO `device_extend_values` VALUES ('54e24eac-dd06-4b44-a8ed-86cd16e0c4ab', 'a4936812-d3ef-442d-aaa3-c8a5d2b8f885', '78a68ad2-8760-48af-bb5c-a78141ea8d53', '521a7fd8-e091-4362-83ed-bc7db58b027a', '预告');
INSERT INTO `device_extend_values` VALUES ('55097cb2-59f7-4f81-9efc-d198cb0bd9c2', '180f5a84-169b-4b93-922c-5ada48d52d2f', '78a68ad2-8760-48af-bb5c-a78141ea8d53', 'bf68632a-d9ae-45d8-a1ad-162aa750c785', 'ZPW-2000A/K型无绝缘');
INSERT INTO `device_extend_values` VALUES ('5514854d-b6f1-4f58-99cc-1d3dba721387', '180f5a84-169b-4b93-922c-5ada48d52d2f', '78a68ad2-8760-48af-bb5c-a78141ea8d53', '525a403c-fb78-4b80-b32e-e08026d50ce1', 'ZPW-2000A/K型无绝缘');
INSERT INTO `device_extend_values` VALUES ('55288265-7129-420c-afef-149642b8844f', '06a1cc4c-9de5-4e05-9c63-5d868889fbfd', '78a68ad2-8760-48af-bb5c-a78141ea8d53', 'bf68632a-d9ae-45d8-a1ad-162aa750c785', '标准UM71');
INSERT INTO `device_extend_values` VALUES ('552febf7-a514-4d0f-b37d-b97656de45a6', '66390bfd-9f3c-41e1-bb6a-f281dd9953f3', '78a68ad2-8760-48af-bb5c-a78141ea8d53', 'ec2c1faa-257a-44cb-be54-77579548e467', '上');
INSERT INTO `device_extend_values` VALUES ('556f01e9-94d3-46e8-a3ab-9373caaab856', '66390bfd-9f3c-41e1-bb6a-f281dd9953f3', '78a68ad2-8760-48af-bb5c-a78141ea8d53', 'e296a261-ffa3-493d-b298-9ca93bcb426e', '上');
INSERT INTO `device_extend_values` VALUES ('55811a88-4fcf-4829-9627-ac0f31d86002', '06a1cc4c-9de5-4e05-9c63-5d868889fbfd', '78a68ad2-8760-48af-bb5c-a78141ea8d53', '23883b20-b4dc-486a-8ece-1e3e0e8abb18', '标准UM71');
INSERT INTO `device_extend_values` VALUES ('559ebaef-4c56-4b38-8dc7-ce938d382c22', 'a4936812-d3ef-442d-aaa3-c8a5d2b8f885', '78a68ad2-8760-48af-bb5c-a78141ea8d53', '1f907f7f-ad95-4374-b915-8b081720b99c', '通过');
INSERT INTO `device_extend_values` VALUES ('55a617fc-ea98-404f-bcc5-341c91245d3a', '66390bfd-9f3c-41e1-bb6a-f281dd9953f3', '78a68ad2-8760-48af-bb5c-a78141ea8d53', '061fd1ff-3733-4d09-b17c-4b63407b8ac3', '上');
INSERT INTO `device_extend_values` VALUES ('55b5d566-4ded-447a-bff0-3c672ae63e1f', 'a4936812-d3ef-442d-aaa3-c8a5d2b8f885', '78a68ad2-8760-48af-bb5c-a78141ea8d53', 'e02eaa13-e38d-449a-aa83-1acd7148d167', '通过');
INSERT INTO `device_extend_values` VALUES ('55c98884-9995-4a6d-bb82-39779bea5d4f', '2f11ce25-0826-4c32-8d90-bf2b140923ef', '78a68ad2-8760-48af-bb5c-a78141ea8d53', '52ca609a-1265-4f80-9911-70b93a363c1f', '1700/2300/1700/ 2300/1700');
INSERT INTO `device_extend_values` VALUES ('55cd1e00-c7d3-4b2e-bd56-a6cf292c2360', '180f5a84-169b-4b93-922c-5ada48d52d2f', '78a68ad2-8760-48af-bb5c-a78141ea8d53', '48f31415-61d9-4ff8-a72f-639f3eeacbd7', 'ZPW-2000A/K型无绝缘');
INSERT INTO `device_extend_values` VALUES ('5634ef39-3e33-474a-a889-bc2bdd293a23', '66390bfd-9f3c-41e1-bb6a-f281dd9953f3', '78a68ad2-8760-48af-bb5c-a78141ea8d53', 'acdb18c4-0e24-45b0-b0de-622b8c73f300', '上');
INSERT INTO `device_extend_values` VALUES ('567eff93-6699-4dad-bbb5-c6f7c148d051', 'a4936812-d3ef-442d-aaa3-c8a5d2b8f885', '78a68ad2-8760-48af-bb5c-a78141ea8d53', 'e6570b28-9f24-4447-8641-3158f7c4bcec', '通过');
INSERT INTO `device_extend_values` VALUES ('56d4aab1-bc2b-4930-894b-92ec8278dd98', '06a1cc4c-9de5-4e05-9c63-5d868889fbfd', '78a68ad2-8760-48af-bb5c-a78141ea8d53', '61cd497a-481e-49b9-819a-6fbd172dc6e5', '标准UM71');
INSERT INTO `device_extend_values` VALUES ('57023be8-fe83-4155-a36f-cc89135e2d2b', '180f5a84-169b-4b93-922c-5ada48d52d2f', '78a68ad2-8760-48af-bb5c-a78141ea8d53', '3e8f2687-402a-43c7-9cb6-48bf2a0dd5ca', 'ZPW-2000A/K型无绝缘');
INSERT INTO `device_extend_values` VALUES ('57200b73-84fb-4bbc-82f2-19d106f708e9', 'f6b7e1d3-e167-4872-9e6a-0f8bd729f4cc', '78a68ad2-8760-48af-bb5c-a78141ea8d53', '3b8ba5b1-05ca-4b0e-b0c4-ee5405c460a9', '1.026');
INSERT INTO `device_extend_values` VALUES ('572893ca-6a10-4e4a-9f3f-e2357a2aadbd', 'a4936812-d3ef-442d-aaa3-c8a5d2b8f885', '78a68ad2-8760-48af-bb5c-a78141ea8d53', 'fff9af65-bd8c-4a48-b24c-c13b8b5ab4b5', '出站');
INSERT INTO `device_extend_values` VALUES ('574e2303-dbd9-4c41-aa81-6ca25a5426e6', 'f6b7e1d3-e167-4872-9e6a-0f8bd729f4cc', '78a68ad2-8760-48af-bb5c-a78141ea8d53', '081168f0-b382-4613-8575-904330c6112d', '1.799');
INSERT INTO `device_extend_values` VALUES ('57af783f-db3e-4f26-ae27-7def8c9c6c0a', '180f5a84-169b-4b93-922c-5ada48d52d2f', '78a68ad2-8760-48af-bb5c-a78141ea8d53', 'b81f9e2f-37cf-4f28-80fb-b4d56e57c03b', 'ZPW-2000A/K型无绝缘');
INSERT INTO `device_extend_values` VALUES ('57cf18fc-38b4-4d9e-ac63-6a107d78b09c', '180f5a84-169b-4b93-922c-5ada48d52d2f', '78a68ad2-8760-48af-bb5c-a78141ea8d53', '3bc2e90d-bab8-4826-9f8e-ce0eff25d386', 'ZPW-2000A/K型无绝缘');
INSERT INTO `device_extend_values` VALUES ('5805bccd-71b7-42ec-a35c-00686447e373', '06a1cc4c-9de5-4e05-9c63-5d868889fbfd', '78a68ad2-8760-48af-bb5c-a78141ea8d53', '17123df9-9d07-4924-846f-beb5f861423d', '标准UM71');
INSERT INTO `device_extend_values` VALUES ('58448869-3c50-4bf4-bcc0-4c77b528e8a5', 'a4936812-d3ef-442d-aaa3-c8a5d2b8f885', '78a68ad2-8760-48af-bb5c-a78141ea8d53', '4eb9b18f-271f-4d32-8611-f478afe738bf', '出站');
INSERT INTO `device_extend_values` VALUES ('5871ee0a-0fdc-4afb-afa4-393c67a52e25', '180f5a84-169b-4b93-922c-5ada48d52d2f', '78a68ad2-8760-48af-bb5c-a78141ea8d53', '126bf284-6d56-4185-8d8d-c922d0478491', 'ZPW2000A型移频');
INSERT INTO `device_extend_values` VALUES ('58897120-06b3-46d2-aaf4-b1d631d5c272', 'f6b7e1d3-e167-4872-9e6a-0f8bd729f4cc', '78a68ad2-8760-48af-bb5c-a78141ea8d53', '6e860d74-20e2-42a7-8027-046544da24ff', '11.928');
INSERT INTO `device_extend_values` VALUES ('58aca263-1266-4a71-8b08-8762cb8e5a0c', '180f5a84-169b-4b93-922c-5ada48d52d2f', '78a68ad2-8760-48af-bb5c-a78141ea8d53', 'd1d9e6a8-aa7a-4f80-a831-e7c1040903f3', 'ZPW-2000A/K型无绝缘');
INSERT INTO `device_extend_values` VALUES ('58bb312e-99cf-428c-b07c-511514fca877', '180f5a84-169b-4b93-922c-5ada48d52d2f', '78a68ad2-8760-48af-bb5c-a78141ea8d53', 'd49cb9a4-c450-4461-b6f2-282bf0d50e80', 'ZPW-2000A/K型无绝缘');
INSERT INTO `device_extend_values` VALUES ('58dc24a3-2af9-441c-b37b-07b1e19f5c44', '180f5a84-169b-4b93-922c-5ada48d52d2f', '78a68ad2-8760-48af-bb5c-a78141ea8d53', '92e11cec-ff2d-4851-a73b-dccb41aca49f', 'ZPW2000A型移频');
INSERT INTO `device_extend_values` VALUES ('58f9110b-d72f-41f9-a80d-5b55edb22fbc', 'd5f28991-eafe-472c-b25d-33e6720320fd', '78a68ad2-8760-48af-bb5c-a78141ea8d53', '58d4bfb2-aa62-4341-ab79-aff2d1091bb3', '半自闭');
INSERT INTO `device_extend_values` VALUES ('58fa77f5-142b-4eee-ba86-1dd68c3fd646', 'd5f28991-eafe-472c-b25d-33e6720320fd', '78a68ad2-8760-48af-bb5c-a78141ea8d53', '0d16d176-d7fb-4cf9-846f-e1ded61f7cc4', '自闭');
INSERT INTO `device_extend_values` VALUES ('595a54e7-bd66-41d6-be8b-4163c11f67f3', '66390bfd-9f3c-41e1-bb6a-f281dd9953f3', '78a68ad2-8760-48af-bb5c-a78141ea8d53', 'e9fc05ab-70f6-42da-a14e-b88f9823a97f', '下');
INSERT INTO `device_extend_values` VALUES ('598cf700-15b8-4ae1-a52f-c91d19b81e98', '06a1cc4c-9de5-4e05-9c63-5d868889fbfd', '78a68ad2-8760-48af-bb5c-a78141ea8d53', '3bc2e90d-bab8-4826-9f8e-ce0eff25d386', '标准UM71');
INSERT INTO `device_extend_values` VALUES ('59a9e227-c978-4a10-96dd-f8b2ac152cbd', '66390bfd-9f3c-41e1-bb6a-f281dd9953f3', '78a68ad2-8760-48af-bb5c-a78141ea8d53', '6ff19125-23f2-4546-a65b-797dfd9665c2', '上');
INSERT INTO `device_extend_values` VALUES ('59fd76a0-25c5-4267-8b25-8322d9718719', '66390bfd-9f3c-41e1-bb6a-f281dd9953f3', '78a68ad2-8760-48af-bb5c-a78141ea8d53', 'c159f448-7c07-45a6-97fa-26a8b0d7ebf7', '上');
INSERT INTO `device_extend_values` VALUES ('5a06282f-bbc4-4cba-ae32-e4a576bfe808', '2f11ce25-0826-4c32-8d90-bf2b140923ef', '78a68ad2-8760-48af-bb5c-a78141ea8d53', 'f6443d74-20fb-46cc-bd4d-8638912d8702', '2600');
INSERT INTO `device_extend_values` VALUES ('5a0ca0d5-deec-4210-9022-145155cf13b0', '2f11ce25-0826-4c32-8d90-bf2b140923ef', '78a68ad2-8760-48af-bb5c-a78141ea8d53', '952dc180-af55-41bf-8688-368fd168ddee', '1700');
INSERT INTO `device_extend_values` VALUES ('5a4ae894-4077-49d1-8ca0-d5d5e403a930', '180f5a84-169b-4b93-922c-5ada48d52d2f', '78a68ad2-8760-48af-bb5c-a78141ea8d53', '55baaa24-655e-4e35-b104-8c86c6b68f5b', 'ZPW2000A型无绝缘');
INSERT INTO `device_extend_values` VALUES ('5a5ffa6d-a6bb-4149-97dd-8dc187b91285', 'd5f28991-eafe-472c-b25d-33e6720320fd', '78a68ad2-8760-48af-bb5c-a78141ea8d53', '9ed2e72e-19b4-40f5-b2be-5bd0458c85ed', '半自闭');
INSERT INTO `device_extend_values` VALUES ('5a7b657d-f0d6-4e86-86f9-14e94d6121ff', '180f5a84-169b-4b93-922c-5ada48d52d2f', '78a68ad2-8760-48af-bb5c-a78141ea8d53', '731ac4f4-c4fa-41fe-915b-0ea34bf14ac6', 'ZPW-2000A/K型无绝缘');
INSERT INTO `device_extend_values` VALUES ('5a8ab29e-9e70-46a9-b403-76a14fc3f32f', 'f6b7e1d3-e167-4872-9e6a-0f8bd729f4cc', '78a68ad2-8760-48af-bb5c-a78141ea8d53', '30bb6a0b-db8f-47fa-9819-b1fce0a26ff7', '1.799');
INSERT INTO `device_extend_values` VALUES ('5b1f1d3d-6710-4660-a798-c77814479b76', 'a4936812-d3ef-442d-aaa3-c8a5d2b8f885', '78a68ad2-8760-48af-bb5c-a78141ea8d53', '92746a2a-a2b5-45ae-afe1-2256d8364d34', '出站');
INSERT INTO `device_extend_values` VALUES ('5b375d8a-c2cf-48c9-8580-63b67c40d1d0', 'a4936812-d3ef-442d-aaa3-c8a5d2b8f885', '78a68ad2-8760-48af-bb5c-a78141ea8d53', '1e04dd5a-323f-4695-8892-ec8802314f36', '进站');
INSERT INTO `device_extend_values` VALUES ('5b70898b-2ac0-4887-8151-271aa86a7d59', 'a4936812-d3ef-442d-aaa3-c8a5d2b8f885', '78a68ad2-8760-48af-bb5c-a78141ea8d53', '64ddf142-3925-4d19-8510-3463ac3e9119', '出站');
INSERT INTO `device_extend_values` VALUES ('5b71c049-abed-47c9-965a-751735eb7ddf', '66390bfd-9f3c-41e1-bb6a-f281dd9953f3', '78a68ad2-8760-48af-bb5c-a78141ea8d53', '736b6c1b-7cab-4b4c-ac1b-0ebacbb0385b', '下');
INSERT INTO `device_extend_values` VALUES ('5c1a9d31-0a24-4536-b403-b24eae3e06b8', 'd5f28991-eafe-472c-b25d-33e6720320fd', '78a68ad2-8760-48af-bb5c-a78141ea8d53', '5c8bb850-e3d7-40e7-996c-83abc2251195', '半自闭');
INSERT INTO `device_extend_values` VALUES ('5c246f2e-3b2c-42ef-8685-df4bd03b3d40', '66390bfd-9f3c-41e1-bb6a-f281dd9953f3', '78a68ad2-8760-48af-bb5c-a78141ea8d53', '122e3e36-b486-4b09-b8ba-723491abee09', '下');
INSERT INTO `device_extend_values` VALUES ('5c5c05f7-71e3-4f86-bd90-d4bda89d0fad', '2f11ce25-0826-4c32-8d90-bf2b140923ef', '78a68ad2-8760-48af-bb5c-a78141ea8d53', 'b2c08127-b6c9-42f8-a2b1-1488b45e8fe4', '2600');
INSERT INTO `device_extend_values` VALUES ('5c8c9be7-6344-46ad-a4d7-8e845e5b11cb', 'd5f28991-eafe-472c-b25d-33e6720320fd', '78a68ad2-8760-48af-bb5c-a78141ea8d53', 'd4ba96fc-264d-467b-ad73-32e14404c089', '自闭');
INSERT INTO `device_extend_values` VALUES ('5ca72a36-8183-41e3-b90d-66850bc4a2fe', '2f11ce25-0826-4c32-8d90-bf2b140923ef', '78a68ad2-8760-48af-bb5c-a78141ea8d53', '274012ba-77dc-47b8-817d-3dc10b322862', '2300');
INSERT INTO `device_extend_values` VALUES ('5cc8cfd1-cc34-4945-8c9e-5189a80ea6ba', '2f11ce25-0826-4c32-8d90-bf2b140923ef', '78a68ad2-8760-48af-bb5c-a78141ea8d53', 'c159f448-7c07-45a6-97fa-26a8b0d7ebf7', '2600/2000/2600/ 2000');
INSERT INTO `device_extend_values` VALUES ('5cce4877-0b1c-4f43-ab02-57b8246b636e', '180f5a84-169b-4b93-922c-5ada48d52d2f', '78a68ad2-8760-48af-bb5c-a78141ea8d53', '36884235-9005-4fd2-8de4-f5f8d214f35c', 'ZPW2000A型移频');
INSERT INTO `device_extend_values` VALUES ('5cd14af7-a2df-4e1e-895b-4d785c513eee', 'a4936812-d3ef-442d-aaa3-c8a5d2b8f885', '78a68ad2-8760-48af-bb5c-a78141ea8d53', 'f3fe5f36-6f3d-430b-8fc0-79236633be1d', '出站');
INSERT INTO `device_extend_values` VALUES ('5ce75fa2-34f0-4554-a8b6-9c170b5eef59', 'a4936812-d3ef-442d-aaa3-c8a5d2b8f885', '78a68ad2-8760-48af-bb5c-a78141ea8d53', 'a53dc08f-a51e-4769-8632-3a2bbff33584', '进站');
INSERT INTO `device_extend_values` VALUES ('5cf5fc9b-d6ed-4b2a-a641-a41f6bf25e18', 'd5f28991-eafe-472c-b25d-33e6720320fd', '78a68ad2-8760-48af-bb5c-a78141ea8d53', '061fd1ff-3733-4d09-b17c-4b63407b8ac3', '半自闭');
INSERT INTO `device_extend_values` VALUES ('5d285d22-fd51-4b40-84e6-60613762237a', 'a4936812-d3ef-442d-aaa3-c8a5d2b8f885', '78a68ad2-8760-48af-bb5c-a78141ea8d53', 'c0fa99e5-d669-457f-b107-02fbb1d76044', '通过');
INSERT INTO `device_extend_values` VALUES ('5d428702-11f9-4e61-8b45-1e5aec9597bc', '66390bfd-9f3c-41e1-bb6a-f281dd9953f3', '78a68ad2-8760-48af-bb5c-a78141ea8d53', 'dff71780-cc2a-4a8e-b4b2-7cca4c82d2c1', '下');
INSERT INTO `device_extend_values` VALUES ('5d92ac19-28be-4945-bf11-ed0c003bbce9', '180f5a84-169b-4b93-922c-5ada48d52d2f', '78a68ad2-8760-48af-bb5c-a78141ea8d53', '91bd64cb-d8de-4b3d-8d50-3453f5c8f063', 'ZPW-2000A/K型无绝缘');
INSERT INTO `device_extend_values` VALUES ('5e15697c-345f-4b1f-9d5b-14aa2e740920', 'a4936812-d3ef-442d-aaa3-c8a5d2b8f885', '78a68ad2-8760-48af-bb5c-a78141ea8d53', 'e9fc05ab-70f6-42da-a14e-b88f9823a97f', '出站');
INSERT INTO `device_extend_values` VALUES ('5e8ab778-a3ca-4277-9cb6-4c5f9e301f97', '2f11ce25-0826-4c32-8d90-bf2b140923ef', '78a68ad2-8760-48af-bb5c-a78141ea8d53', '66910858-bf06-4378-bebb-1806d2214db6', '2000');
INSERT INTO `device_extend_values` VALUES ('5e8f98d0-9028-4eed-899b-bbbd74dce410', '2f11ce25-0826-4c32-8d90-bf2b140923ef', '78a68ad2-8760-48af-bb5c-a78141ea8d53', '8be15105-2cdd-4789-bcf9-10b681f1af20', '2000');
INSERT INTO `device_extend_values` VALUES ('5ec45990-d9d4-4a2d-bc50-33c425c09332', '2f11ce25-0826-4c32-8d90-bf2b140923ef', '78a68ad2-8760-48af-bb5c-a78141ea8d53', '97ce1be3-db66-423f-b699-3be2e5644307', '2000/2600');
INSERT INTO `device_extend_values` VALUES ('5eeb7922-177b-4ec8-aabd-fae2c5de4d79', '2f11ce25-0826-4c32-8d90-bf2b140923ef', '78a68ad2-8760-48af-bb5c-a78141ea8d53', '36a18d9b-4bd4-4a9d-b6c4-144bc5dcae47', '1700');
INSERT INTO `device_extend_values` VALUES ('5eeb9318-ca09-4efc-94ae-3e3daed0ea3b', 'd5f28991-eafe-472c-b25d-33e6720320fd', '78a68ad2-8760-48af-bb5c-a78141ea8d53', 'dd9996a5-32c9-4089-9e19-18feccd340e8', '半自闭');
INSERT INTO `device_extend_values` VALUES ('5f3567d4-8aeb-4454-963e-fb66f566b9a5', '2f11ce25-0826-4c32-8d90-bf2b140923ef', '78a68ad2-8760-48af-bb5c-a78141ea8d53', 'cabebf63-9109-4811-9b5b-26a38873bee6', '2000/2600');
INSERT INTO `device_extend_values` VALUES ('5f429cbf-e170-4604-a033-4043e9224744', 'd5f28991-eafe-472c-b25d-33e6720320fd', '78a68ad2-8760-48af-bb5c-a78141ea8d53', '054af2f3-6e77-4540-b868-f44f6f27ccd5', '半自闭');
INSERT INTO `device_extend_values` VALUES ('5f7f301a-38d4-4ec4-b639-9f7573162d8a', '66390bfd-9f3c-41e1-bb6a-f281dd9953f3', '78a68ad2-8760-48af-bb5c-a78141ea8d53', '47bc9c79-f29f-4964-8661-6381700b8a43', '上');
INSERT INTO `device_extend_values` VALUES ('5fb84145-052f-4230-8891-a23639888fa0', '2f11ce25-0826-4c32-8d90-bf2b140923ef', '78a68ad2-8760-48af-bb5c-a78141ea8d53', '19657327-9c16-4000-9581-13561e81969f', '2600');
INSERT INTO `device_extend_values` VALUES ('5fba367d-fd75-4314-ad88-c28b1d0e1822', '180f5a84-169b-4b93-922c-5ada48d52d2f', '78a68ad2-8760-48af-bb5c-a78141ea8d53', 'c579b1ba-fce1-4900-b84b-7b42d35d5da9', 'ZPW2000A型无绝缘');
INSERT INTO `device_extend_values` VALUES ('601b05e8-7213-4845-9707-498ce986e3e3', 'f6b7e1d3-e167-4872-9e6a-0f8bd729f4cc', '78a68ad2-8760-48af-bb5c-a78141ea8d53', 'ae3a2bc9-b16d-4ce7-b9a1-7f4dc48f8ed3', '11.928');
INSERT INTO `device_extend_values` VALUES ('602f4a10-dcb3-4d6d-8174-d670d6f837ef', '2f11ce25-0826-4c32-8d90-bf2b140923ef', '78a68ad2-8760-48af-bb5c-a78141ea8d53', 'b2720066-2cb0-4050-890e-42777b396318', '1700');
INSERT INTO `device_extend_values` VALUES ('605c448a-b274-4911-9269-0ca64f962146', '66390bfd-9f3c-41e1-bb6a-f281dd9953f3', '78a68ad2-8760-48af-bb5c-a78141ea8d53', '5efff686-f6a8-474d-996c-648a22499e9c', '下');
INSERT INTO `device_extend_values` VALUES ('60636335-f65f-4489-8b07-fda89fc74c5b', '66390bfd-9f3c-41e1-bb6a-f281dd9953f3', '78a68ad2-8760-48af-bb5c-a78141ea8d53', '14efa133-c3f7-4df4-a503-0bf6d07eeca3', '上');
INSERT INTO `device_extend_values` VALUES ('60699c3a-e54a-4623-912f-c5ee91e95521', '180f5a84-169b-4b93-922c-5ada48d52d2f', '78a68ad2-8760-48af-bb5c-a78141ea8d53', 'f6443d74-20fb-46cc-bd4d-8638912d8702', 'ZPW-2000A/K型无绝缘');
INSERT INTO `device_extend_values` VALUES ('60c85d1b-4c3b-46ef-9f31-f93d67995141', 'd5f28991-eafe-472c-b25d-33e6720320fd', '78a68ad2-8760-48af-bb5c-a78141ea8d53', '40609f38-5bda-47d4-a864-5abc14edec16', '自闭');
INSERT INTO `device_extend_values` VALUES ('60edac06-a342-42c5-95dd-3bf11877e1ed', '06a1cc4c-9de5-4e05-9c63-5d868889fbfd', '78a68ad2-8760-48af-bb5c-a78141ea8d53', '48f31415-61d9-4ff8-a72f-639f3eeacbd7', '标准UM71');
INSERT INTO `device_extend_values` VALUES ('616361b5-6452-4ab5-bda6-b18165678629', '180f5a84-169b-4b93-922c-5ada48d52d2f', '78a68ad2-8760-48af-bb5c-a78141ea8d53', 'e439b451-d489-4d8e-bffa-f39acca4c81b', 'ZPW-2000A/K型无绝缘');
INSERT INTO `device_extend_values` VALUES ('61a3c2a8-8072-444b-b80a-b5aceb70ebb0', '06a1cc4c-9de5-4e05-9c63-5d868889fbfd', '78a68ad2-8760-48af-bb5c-a78141ea8d53', '0d16d176-d7fb-4cf9-846f-e1ded61f7cc4', '标准UM71');
INSERT INTO `device_extend_values` VALUES ('61ca8761-b421-46c3-b95c-4c83426af020', 'd5f28991-eafe-472c-b25d-33e6720320fd', '78a68ad2-8760-48af-bb5c-a78141ea8d53', '5fc4150b-56b1-4994-82c4-f011001e0f11', '半自闭');
INSERT INTO `device_extend_values` VALUES ('61e7229f-2837-41f2-9ab5-c863525a8eb9', 'd5f28991-eafe-472c-b25d-33e6720320fd', '78a68ad2-8760-48af-bb5c-a78141ea8d53', '2210df73-0242-4d73-bc0b-ad09513224c6', '半自闭');
INSERT INTO `device_extend_values` VALUES ('61ff8a7e-cb09-4173-a761-034e426682a9', '66390bfd-9f3c-41e1-bb6a-f281dd9953f3', '78a68ad2-8760-48af-bb5c-a78141ea8d53', 'f11ea74f-3bf3-4494-8578-987a00a6f8bd', '上');
INSERT INTO `device_extend_values` VALUES ('621970f5-d1ed-4a6e-8aeb-3e1bdb3cb46b', 'a4936812-d3ef-442d-aaa3-c8a5d2b8f885', '78a68ad2-8760-48af-bb5c-a78141ea8d53', '2e36c22f-08ec-4efd-ab7a-c5f95a2bc9f6', '出站');
INSERT INTO `device_extend_values` VALUES ('6229d7b5-eb9c-4f63-89b1-8b3d7f06739f', '06a1cc4c-9de5-4e05-9c63-5d868889fbfd', '78a68ad2-8760-48af-bb5c-a78141ea8d53', 'c579b1ba-fce1-4900-b84b-7b42d35d5da9', '标准UM71');
INSERT INTO `device_extend_values` VALUES ('622b3bef-410a-4d1f-be2a-a6b30adb9d7c', '180f5a84-169b-4b93-922c-5ada48d52d2f', '78a68ad2-8760-48af-bb5c-a78141ea8d53', 'a6688969-c417-46a9-ae54-46f6f27401b1', 'ZPW2000A型移频');
INSERT INTO `device_extend_values` VALUES ('6230dbb6-0d43-4bb1-a96e-047157ea154e', 'f6b7e1d3-e167-4872-9e6a-0f8bd729f4cc', '78a68ad2-8760-48af-bb5c-a78141ea8d53', '6ff19125-23f2-4546-a65b-797dfd9665c2', '11.928');
INSERT INTO `device_extend_values` VALUES ('62499438-fcf8-441e-8549-28e56c975422', '2f11ce25-0826-4c32-8d90-bf2b140923ef', '78a68ad2-8760-48af-bb5c-a78141ea8d53', '5efff686-f6a8-474d-996c-648a22499e9c', '1700');
INSERT INTO `device_extend_values` VALUES ('62728712-7e94-40ac-aa17-11287f4fca56', 'd5f28991-eafe-472c-b25d-33e6720320fd', '78a68ad2-8760-48af-bb5c-a78141ea8d53', '6a69cded-a7ca-4571-a765-1e0f292d9529', '自闭');
INSERT INTO `device_extend_values` VALUES ('62c95f3c-1aa2-46d8-ab45-0f8d5ca90031', '66390bfd-9f3c-41e1-bb6a-f281dd9953f3', '78a68ad2-8760-48af-bb5c-a78141ea8d53', 'e8c7b057-2007-4dc3-8fd9-4d691ab3f3b5', '上');
INSERT INTO `device_extend_values` VALUES ('631fb67a-b6ef-45cf-9fc7-f4a9a68f1e2d', 'a4936812-d3ef-442d-aaa3-c8a5d2b8f885', '78a68ad2-8760-48af-bb5c-a78141ea8d53', 'e646486e-8aa6-4855-9b41-e7e5cca33bc5', '出站');
INSERT INTO `device_extend_values` VALUES ('632ccc91-f993-4d38-9c84-19e4f3ddd0a7', 'f6b7e1d3-e167-4872-9e6a-0f8bd729f4cc', '78a68ad2-8760-48af-bb5c-a78141ea8d53', '3ea9710a-a46a-42f7-b4f0-23e38ffff0a0', '1.799');
INSERT INTO `device_extend_values` VALUES ('632f9c13-7acd-4907-88d3-1b3721a3b5dd', '06a1cc4c-9de5-4e05-9c63-5d868889fbfd', '78a68ad2-8760-48af-bb5c-a78141ea8d53', '5118ce20-f3e8-4355-9647-7464fa7bdb2f', '标准UM71');
INSERT INTO `device_extend_values` VALUES ('633298b9-ecd1-4a8a-a616-3b2764c30fcf', 'f6b7e1d3-e167-4872-9e6a-0f8bd729f4cc', '78a68ad2-8760-48af-bb5c-a78141ea8d53', 'c159f448-7c07-45a6-97fa-26a8b0d7ebf7', '4.906');
INSERT INTO `device_extend_values` VALUES ('633d7628-51e3-464e-ab1e-711c85da8912', '06a1cc4c-9de5-4e05-9c63-5d868889fbfd', '78a68ad2-8760-48af-bb5c-a78141ea8d53', 'faa07116-d09a-46aa-912d-edc4f4dd9016', '标准UM71');
INSERT INTO `device_extend_values` VALUES ('63627b2c-5329-420f-bf04-35a892d89a68', 'a4936812-d3ef-442d-aaa3-c8a5d2b8f885', '78a68ad2-8760-48af-bb5c-a78141ea8d53', 'e13a0b02-7251-45c1-acab-b6fe330fbbcb', '预告');
INSERT INTO `device_extend_values` VALUES ('636b81c1-737e-4f0b-bc44-e621565d8737', 'a4936812-d3ef-442d-aaa3-c8a5d2b8f885', '78a68ad2-8760-48af-bb5c-a78141ea8d53', '1ca83586-c149-4db5-97e9-727f8b6f0d35', '预告');
INSERT INTO `device_extend_values` VALUES ('63d56e35-763e-480f-ab3a-0625370922ab', 'd5f28991-eafe-472c-b25d-33e6720320fd', '78a68ad2-8760-48af-bb5c-a78141ea8d53', '7d9d4989-4bcf-4148-8cff-e10a7094186e', '自闭');
INSERT INTO `device_extend_values` VALUES ('641d5458-6447-4c44-a717-fceea83ac53b', 'f6b7e1d3-e167-4872-9e6a-0f8bd729f4cc', '78a68ad2-8760-48af-bb5c-a78141ea8d53', '56f521bb-a308-4100-b91a-d685e8f6c74d', '1.026');
INSERT INTO `device_extend_values` VALUES ('641de2d0-db33-4fb0-b7b8-28803771bc9f', '06a1cc4c-9de5-4e05-9c63-5d868889fbfd', '78a68ad2-8760-48af-bb5c-a78141ea8d53', '1e04dd5a-323f-4695-8892-ec8802314f36', '标准UM71');
INSERT INTO `device_extend_values` VALUES ('642c12c5-8b9c-41af-8233-687ade38b993', 'f6b7e1d3-e167-4872-9e6a-0f8bd729f4cc', '78a68ad2-8760-48af-bb5c-a78141ea8d53', 'b81f9e2f-37cf-4f28-80fb-b4d56e57c03b', '0.379');
INSERT INTO `device_extend_values` VALUES ('64754851-3da3-4bf4-bf5b-d9bf79769f5c', '180f5a84-169b-4b93-922c-5ada48d52d2f', '78a68ad2-8760-48af-bb5c-a78141ea8d53', 'e29846c1-e0d5-46a6-80f0-67b55bb5cd84', 'ZPW-2000A/K型无绝缘');
INSERT INTO `device_extend_values` VALUES ('649c2902-c8cf-4a46-b481-d9d29174dea9', '180f5a84-169b-4b93-922c-5ada48d52d2f', '78a68ad2-8760-48af-bb5c-a78141ea8d53', 'c226bb5a-c50b-489d-abb3-16dd95e393f7', 'ZPW2000A型移频');
INSERT INTO `device_extend_values` VALUES ('64d421f7-1ab7-4dce-85cf-6995f6441359', '66390bfd-9f3c-41e1-bb6a-f281dd9953f3', '78a68ad2-8760-48af-bb5c-a78141ea8d53', '3ebda1ff-a823-4ac9-ad96-bd860ebf295e', '下');
INSERT INTO `device_extend_values` VALUES ('64da0076-6301-4246-979a-15e3608dd6cf', 'd5f28991-eafe-472c-b25d-33e6720320fd', '78a68ad2-8760-48af-bb5c-a78141ea8d53', '6ff19125-23f2-4546-a65b-797dfd9665c2', '半自闭');
INSERT INTO `device_extend_values` VALUES ('650b2b22-0a35-4885-87d0-4e0c19ef9f5f', 'a4936812-d3ef-442d-aaa3-c8a5d2b8f885', '78a68ad2-8760-48af-bb5c-a78141ea8d53', '0e01d7fe-7f53-4935-8542-c681101abe93', '出站');
INSERT INTO `device_extend_values` VALUES ('651017d1-c33c-4e03-866b-b9a1ecdcef91', '180f5a84-169b-4b93-922c-5ada48d52d2f', '78a68ad2-8760-48af-bb5c-a78141ea8d53', 'e6899422-c6fb-4e02-b0f6-3637a6773a42', 'ZPW2000A型无绝缘');
INSERT INTO `device_extend_values` VALUES ('655907e9-8589-4754-972d-db2c0e9611af', '06a1cc4c-9de5-4e05-9c63-5d868889fbfd', '78a68ad2-8760-48af-bb5c-a78141ea8d53', '5efff686-f6a8-474d-996c-648a22499e9c', '标准UM71');
INSERT INTO `device_extend_values` VALUES ('655f5ac2-e476-46c7-8f52-9e4dfecf314a', '66390bfd-9f3c-41e1-bb6a-f281dd9953f3', '78a68ad2-8760-48af-bb5c-a78141ea8d53', 'be5d4d23-5dc2-436e-afc3-049254013efd', '下');
INSERT INTO `device_extend_values` VALUES ('657d18f1-277e-4899-be26-f7a48fb6b3ec', '06a1cc4c-9de5-4e05-9c63-5d868889fbfd', '78a68ad2-8760-48af-bb5c-a78141ea8d53', 'eeee548d-b7ed-46d8-a5fb-1f9b84d24ba4', '标准UM71');
INSERT INTO `device_extend_values` VALUES ('659c6e52-9309-46e8-8f82-08bffaeddb25', 'd5f28991-eafe-472c-b25d-33e6720320fd', '78a68ad2-8760-48af-bb5c-a78141ea8d53', '685eb5f5-f9ce-4dca-ad23-e2b6d45a7dff', '半自闭');
INSERT INTO `device_extend_values` VALUES ('65f128da-7475-4e61-a8ad-b2ae68c53a5a', '180f5a84-169b-4b93-922c-5ada48d52d2f', '78a68ad2-8760-48af-bb5c-a78141ea8d53', '005868dd-4e4a-4be4-8921-41853e6973a8', 'ZPW-2000A/K型无绝缘');
INSERT INTO `device_extend_values` VALUES ('6672a697-209d-4ff4-87ba-fca1a13b1d25', '66390bfd-9f3c-41e1-bb6a-f281dd9953f3', '78a68ad2-8760-48af-bb5c-a78141ea8d53', '250f4332-7ebc-4bb6-8baf-c72878ee0c95', '上');
INSERT INTO `device_extend_values` VALUES ('667957c3-205b-4cc0-96d6-33e4fe2ba32d', 'd5f28991-eafe-472c-b25d-33e6720320fd', '78a68ad2-8760-48af-bb5c-a78141ea8d53', 'c51cc472-5484-4f82-8c8a-8f56c09e02d4', '半自闭');
INSERT INTO `device_extend_values` VALUES ('667cfc3b-9678-4a13-901f-cffd4bcd8657', 'd5f28991-eafe-472c-b25d-33e6720320fd', '78a68ad2-8760-48af-bb5c-a78141ea8d53', 'b64ecf61-9139-48a7-abd5-5ed1cee8cfe7', '半自闭');
INSERT INTO `device_extend_values` VALUES ('66b017c7-7333-4448-9d0b-a51e24bfb289', '06a1cc4c-9de5-4e05-9c63-5d868889fbfd', '78a68ad2-8760-48af-bb5c-a78141ea8d53', '61d14973-d344-46dc-a551-af1bf260cd4f', '标准UM71');
INSERT INTO `device_extend_values` VALUES ('66c26138-b069-4951-b83c-7a5bb3fce784', '180f5a84-169b-4b93-922c-5ada48d52d2f', '78a68ad2-8760-48af-bb5c-a78141ea8d53', 'faa07116-d09a-46aa-912d-edc4f4dd9016', 'ZPW-2000A/K型无绝缘');
INSERT INTO `device_extend_values` VALUES ('671fd4dc-da03-4aae-8a77-7ab06720b0cb', '06a1cc4c-9de5-4e05-9c63-5d868889fbfd', '78a68ad2-8760-48af-bb5c-a78141ea8d53', '1ca83586-c149-4db5-97e9-727f8b6f0d35', '标准UM71');
INSERT INTO `device_extend_values` VALUES ('67845698-8fd3-4f90-b4fd-e72a6f7a5199', 'd5f28991-eafe-472c-b25d-33e6720320fd', '78a68ad2-8760-48af-bb5c-a78141ea8d53', '8be15105-2cdd-4789-bcf9-10b681f1af20', '自闭');
INSERT INTO `device_extend_values` VALUES ('67d11faa-ed97-4da5-890b-833d6902f5f4', 'd5f28991-eafe-472c-b25d-33e6720320fd', '78a68ad2-8760-48af-bb5c-a78141ea8d53', '6e860d74-20e2-42a7-8027-046544da24ff', '自闭');
INSERT INTO `device_extend_values` VALUES ('67dda7cb-bd22-44a2-9a2d-0d560c152927', 'f6b7e1d3-e167-4872-9e6a-0f8bd729f4cc', '78a68ad2-8760-48af-bb5c-a78141ea8d53', 'dff71780-cc2a-4a8e-b4b2-7cca4c82d2c1', '0.376');
INSERT INTO `device_extend_values` VALUES ('67f61ebc-7610-49ba-94ca-7ba6dfd05a44', '2f11ce25-0826-4c32-8d90-bf2b140923ef', '78a68ad2-8760-48af-bb5c-a78141ea8d53', '1f907f7f-ad95-4374-b915-8b081720b99c', '2600/2000/2600/ 2000');
INSERT INTO `device_extend_values` VALUES ('67fd1187-653f-47e8-9e76-e65941d5e04b', '180f5a84-169b-4b93-922c-5ada48d52d2f', '78a68ad2-8760-48af-bb5c-a78141ea8d53', '5cc7d002-4a62-4d15-9a20-2d8ca0884c20', 'ZPW2000A型移频');
INSERT INTO `device_extend_values` VALUES ('683b7466-4178-488b-915e-e89800b646bf', '06a1cc4c-9de5-4e05-9c63-5d868889fbfd', '78a68ad2-8760-48af-bb5c-a78141ea8d53', '19657327-9c16-4000-9581-13561e81969f', '标准UM71');
INSERT INTO `device_extend_values` VALUES ('68555b7e-ef4e-4013-99c7-5a409c2c7ea8', '2f11ce25-0826-4c32-8d90-bf2b140923ef', '78a68ad2-8760-48af-bb5c-a78141ea8d53', 'e8c7b057-2007-4dc3-8fd9-4d691ab3f3b5', '2000/2600');
INSERT INTO `device_extend_values` VALUES ('68ea990d-be90-477e-ad5f-f99b3af993fd', '180f5a84-169b-4b93-922c-5ada48d52d2f', '78a68ad2-8760-48af-bb5c-a78141ea8d53', 'b2c08127-b6c9-42f8-a2b1-1488b45e8fe4', 'ZPW-2000A/K型无绝缘');
INSERT INTO `device_extend_values` VALUES ('6941e163-4b48-47ef-a5b1-823497611381', '06a1cc4c-9de5-4e05-9c63-5d868889fbfd', '78a68ad2-8760-48af-bb5c-a78141ea8d53', '17cdce6a-92aa-4239-89fa-cc19515d4826', '标准UM71');
INSERT INTO `device_extend_values` VALUES ('696f0a7a-a720-40f9-adf5-d026dfc26c19', '2f11ce25-0826-4c32-8d90-bf2b140923ef', '78a68ad2-8760-48af-bb5c-a78141ea8d53', 'be5d4d23-5dc2-436e-afc3-049254013efd', '2300');
INSERT INTO `device_extend_values` VALUES ('6999008d-9477-4e9a-861f-8751c5ecae87', 'd5f28991-eafe-472c-b25d-33e6720320fd', '78a68ad2-8760-48af-bb5c-a78141ea8d53', 'fff9af65-bd8c-4a48-b24c-c13b8b5ab4b5', '半自闭');
INSERT INTO `device_extend_values` VALUES ('6a075da0-7b9c-447f-918e-dbb212cb7cbe', '66390bfd-9f3c-41e1-bb6a-f281dd9953f3', '78a68ad2-8760-48af-bb5c-a78141ea8d53', 'c0fa99e5-d669-457f-b107-02fbb1d76044', '下');
INSERT INTO `device_extend_values` VALUES ('6a17f25c-4d73-482a-831c-bbbc3460c27d', 'd5f28991-eafe-472c-b25d-33e6720320fd', '78a68ad2-8760-48af-bb5c-a78141ea8d53', '573ebb30-a05a-47fc-ba26-e332cc7f91b0', '半自闭');
INSERT INTO `device_extend_values` VALUES ('6a53bc44-1241-4852-8a66-7573a45b3a87', '06a1cc4c-9de5-4e05-9c63-5d868889fbfd', '78a68ad2-8760-48af-bb5c-a78141ea8d53', '9fc85db7-a26e-4f02-b144-68aca2e74063', '标准UM71');
INSERT INTO `device_extend_values` VALUES ('6a8421ee-5fc6-4798-9516-59d47d08a0a5', '66390bfd-9f3c-41e1-bb6a-f281dd9953f3', '78a68ad2-8760-48af-bb5c-a78141ea8d53', '2e1b83ec-19f3-4e11-b3fa-a0b14bebe2eb', '下');
INSERT INTO `device_extend_values` VALUES ('6ae4f717-c0b7-45dd-a94d-5b4222825166', '66390bfd-9f3c-41e1-bb6a-f281dd9953f3', '78a68ad2-8760-48af-bb5c-a78141ea8d53', 'e02eaa13-e38d-449a-aa83-1acd7148d167', '上');
INSERT INTO `device_extend_values` VALUES ('6b415bed-5412-4401-ac41-bc7313571fff', '180f5a84-169b-4b93-922c-5ada48d52d2f', '78a68ad2-8760-48af-bb5c-a78141ea8d53', '61cd497a-481e-49b9-819a-6fbd172dc6e5', 'ZPW-2000A/K型无绝缘');
INSERT INTO `device_extend_values` VALUES ('6b49768b-d5c5-4e57-bcfc-78d6a08fdaf9', '66390bfd-9f3c-41e1-bb6a-f281dd9953f3', '78a68ad2-8760-48af-bb5c-a78141ea8d53', '7c1af819-d9cd-4a79-a750-ec83690f52f0', '下');
INSERT INTO `device_extend_values` VALUES ('6b73e0c2-8724-4350-a21e-5f5bfe014cc9', '2f11ce25-0826-4c32-8d90-bf2b140923ef', '78a68ad2-8760-48af-bb5c-a78141ea8d53', 'f3b137e8-9e57-410c-a862-e8079e03da99', '1700/2300/1700/ 2300/1700');
INSERT INTO `device_extend_values` VALUES ('6b759166-1bbe-4a12-81af-029c8c6c8b88', '06a1cc4c-9de5-4e05-9c63-5d868889fbfd', '78a68ad2-8760-48af-bb5c-a78141ea8d53', 'e646486e-8aa6-4855-9b41-e7e5cca33bc5', '标准UM71');
INSERT INTO `device_extend_values` VALUES ('6b969ea5-1eaf-4c9a-b7f1-75fcd73c7ba8', 'd5f28991-eafe-472c-b25d-33e6720320fd', '78a68ad2-8760-48af-bb5c-a78141ea8d53', '39c96f39-b707-44d6-91f6-2fa9d3a3c852', '自闭');
INSERT INTO `device_extend_values` VALUES ('6b9fa57e-2ae4-4a3e-bc44-2e3df1ff152a', '180f5a84-169b-4b93-922c-5ada48d52d2f', '78a68ad2-8760-48af-bb5c-a78141ea8d53', '8eb8e125-909a-40ba-844a-5c12527fb596', 'ZPW-2000A/K型无绝缘');
INSERT INTO `device_extend_values` VALUES ('6ba10e45-e0b4-4669-8512-838238990272', '180f5a84-169b-4b93-922c-5ada48d52d2f', '78a68ad2-8760-48af-bb5c-a78141ea8d53', 'e820f557-75c6-4467-b692-1c4345bb7556', 'ZPW-2000A/K型无绝缘');
INSERT INTO `device_extend_values` VALUES ('6bbd40b1-983e-4c31-a98d-339b1c649845', 'd5f28991-eafe-472c-b25d-33e6720320fd', '78a68ad2-8760-48af-bb5c-a78141ea8d53', '2e1b83ec-19f3-4e11-b3fa-a0b14bebe2eb', '半自闭');
INSERT INTO `device_extend_values` VALUES ('6bc33966-413f-491f-ae80-5e52f214cf86', 'f6b7e1d3-e167-4872-9e6a-0f8bd729f4cc', '78a68ad2-8760-48af-bb5c-a78141ea8d53', '9bdab589-c0c4-4f7f-b761-971867784221', '4.906');
INSERT INTO `device_extend_values` VALUES ('6bffdc1c-0d9d-4170-a30a-fec83f9f1d16', '66390bfd-9f3c-41e1-bb6a-f281dd9953f3', '78a68ad2-8760-48af-bb5c-a78141ea8d53', '808840e8-cb94-47c3-b8a2-00f7a0400eba', '下');
INSERT INTO `device_extend_values` VALUES ('6c5f07b7-5d9d-414a-b72c-5dc7bc651e49', 'a4936812-d3ef-442d-aaa3-c8a5d2b8f885', '78a68ad2-8760-48af-bb5c-a78141ea8d53', '54e33d4f-87f5-44a3-8e13-319b19cbbd5e', '通过');
INSERT INTO `device_extend_values` VALUES ('6c9c4cfc-bba3-4b23-841b-59654a9ae798', 'd5f28991-eafe-472c-b25d-33e6720320fd', '78a68ad2-8760-48af-bb5c-a78141ea8d53', 'b9f84491-f89f-4b40-a193-531304484c0a', '半自闭');
INSERT INTO `device_extend_values` VALUES ('6cd74245-754c-41ca-a86e-cf3033cd76f6', 'd5f28991-eafe-472c-b25d-33e6720320fd', '78a68ad2-8760-48af-bb5c-a78141ea8d53', 'faa07116-d09a-46aa-912d-edc4f4dd9016', '自闭');
INSERT INTO `device_extend_values` VALUES ('6d7545f8-6d68-4ccc-96c0-ff2694ed0c4a', '2f11ce25-0826-4c32-8d90-bf2b140923ef', '78a68ad2-8760-48af-bb5c-a78141ea8d53', 'bcaf4a73-62f2-4705-8650-15d385528791', '2000');
INSERT INTO `device_extend_values` VALUES ('6d7ad700-9f7f-40fb-b338-3752b8229ff9', 'f6b7e1d3-e167-4872-9e6a-0f8bd729f4cc', '78a68ad2-8760-48af-bb5c-a78141ea8d53', '39c96f39-b707-44d6-91f6-2fa9d3a3c852', '3.035');
INSERT INTO `device_extend_values` VALUES ('6d83a507-4d39-4623-bca3-678654749f16', 'f6b7e1d3-e167-4872-9e6a-0f8bd729f4cc', '78a68ad2-8760-48af-bb5c-a78141ea8d53', '88b7e356-3a01-4b60-9a4a-15cfcfb79672', '2.06');
INSERT INTO `device_extend_values` VALUES ('6dbe2248-8655-43a3-a611-72ca93915ff1', '66390bfd-9f3c-41e1-bb6a-f281dd9953f3', '78a68ad2-8760-48af-bb5c-a78141ea8d53', 'e646486e-8aa6-4855-9b41-e7e5cca33bc5', '上');
INSERT INTO `device_extend_values` VALUES ('6dc98b44-d025-4dd2-bc39-4090711efaaf', 'a4936812-d3ef-442d-aaa3-c8a5d2b8f885', '78a68ad2-8760-48af-bb5c-a78141ea8d53', '57da45e9-07cd-47e1-a4e0-b679a9edaacc', '进站');
INSERT INTO `device_extend_values` VALUES ('6dd9bbc2-51d4-4b4c-ba75-6f499ae316e7', 'd5f28991-eafe-472c-b25d-33e6720320fd', '78a68ad2-8760-48af-bb5c-a78141ea8d53', 'a6e29ef4-f0a1-4b11-83df-bc9771ae6765', '半自闭');
INSERT INTO `device_extend_values` VALUES ('6e187381-5055-4a75-8f45-a777f2700975', '66390bfd-9f3c-41e1-bb6a-f281dd9953f3', '78a68ad2-8760-48af-bb5c-a78141ea8d53', 'ccead67c-6dcd-4333-8222-212943d25c87', '下');
INSERT INTO `device_extend_values` VALUES ('6e4680af-56fb-4055-9656-65628fffa15b', '180f5a84-169b-4b93-922c-5ada48d52d2f', '78a68ad2-8760-48af-bb5c-a78141ea8d53', '9e6a448b-4fb5-4d05-a41c-808eb79e88d7', 'ZPW2000A型移频');
INSERT INTO `device_extend_values` VALUES ('6e66f979-636a-4a85-a626-466139c6b03d', 'f6b7e1d3-e167-4872-9e6a-0f8bd729f4cc', '78a68ad2-8760-48af-bb5c-a78141ea8d53', '1f907f7f-ad95-4374-b915-8b081720b99c', '4.906');
INSERT INTO `device_extend_values` VALUES ('6eadd1c4-e357-442a-8416-a3bd6d0613bf', 'd5f28991-eafe-472c-b25d-33e6720320fd', '78a68ad2-8760-48af-bb5c-a78141ea8d53', 'cf6f18a7-5b83-40b7-87b4-f6d5ed5ebf97', '自闭');
INSERT INTO `device_extend_values` VALUES ('6eb8a619-dd95-4eed-9633-c9e5c22c7ac5', 'f6b7e1d3-e167-4872-9e6a-0f8bd729f4cc', '78a68ad2-8760-48af-bb5c-a78141ea8d53', '36a18d9b-4bd4-4a9d-b6c4-144bc5dcae47', '11.928');
INSERT INTO `device_extend_values` VALUES ('6ed3a332-0ec2-4269-9748-792d1e021f58', '2f11ce25-0826-4c32-8d90-bf2b140923ef', '78a68ad2-8760-48af-bb5c-a78141ea8d53', '19db4474-2e09-4988-9710-d805dd622318', '2000');
INSERT INTO `device_extend_values` VALUES ('6ee6fff2-4572-485f-a1f8-c34f10c8327d', '2f11ce25-0826-4c32-8d90-bf2b140923ef', '78a68ad2-8760-48af-bb5c-a78141ea8d53', '3dd5586d-24ae-4e30-9c70-e14bd51215cc', '1700');
INSERT INTO `device_extend_values` VALUES ('6f451289-8fdd-4679-83f5-fccdabde4973', '06a1cc4c-9de5-4e05-9c63-5d868889fbfd', '78a68ad2-8760-48af-bb5c-a78141ea8d53', '61f66f8e-1a00-4ee9-82ba-37eac1aa836d', '标准UM71');
INSERT INTO `device_extend_values` VALUES ('6f751d86-2094-464f-813e-564b8441c91b', '66390bfd-9f3c-41e1-bb6a-f281dd9953f3', '78a68ad2-8760-48af-bb5c-a78141ea8d53', '25abcc7f-cfb7-4b8a-8964-1239de3aa5d2', '下');
INSERT INTO `device_extend_values` VALUES ('6fb9b49e-5552-4d33-94c5-cfd89d07591e', 'f6b7e1d3-e167-4872-9e6a-0f8bd729f4cc', '78a68ad2-8760-48af-bb5c-a78141ea8d53', '4eb9b18f-271f-4d32-8611-f478afe738bf', '0.376');
INSERT INTO `device_extend_values` VALUES ('6fe19e29-02c3-4df1-8e33-5068d7470c92', '2f11ce25-0826-4c32-8d90-bf2b140923ef', '78a68ad2-8760-48af-bb5c-a78141ea8d53', '8f8e6f68-232d-4024-aebe-f399bcb2baad', '2000');
INSERT INTO `device_extend_values` VALUES ('6fe7e0ba-e4d7-4d46-b651-6ba1010b2841', '06a1cc4c-9de5-4e05-9c63-5d868889fbfd', '78a68ad2-8760-48af-bb5c-a78141ea8d53', '6ff19125-23f2-4546-a65b-797dfd9665c2', '标准UM71');
INSERT INTO `device_extend_values` VALUES ('6fea662c-6edf-4191-ae02-07d84649888a', 'a4936812-d3ef-442d-aaa3-c8a5d2b8f885', '78a68ad2-8760-48af-bb5c-a78141ea8d53', 'd49cb9a4-c450-4461-b6f2-282bf0d50e80', '通过');
INSERT INTO `device_extend_values` VALUES ('6ff01094-c90e-4a95-a353-43ff52241a83', 'f6b7e1d3-e167-4872-9e6a-0f8bd729f4cc', '78a68ad2-8760-48af-bb5c-a78141ea8d53', '5118ce20-f3e8-4355-9647-7464fa7bdb2f', '11.928');
INSERT INTO `device_extend_values` VALUES ('7000db3c-f897-42ce-85b3-aaa24416360b', 'd5f28991-eafe-472c-b25d-33e6720320fd', '78a68ad2-8760-48af-bb5c-a78141ea8d53', '05be799d-c5d5-4a62-90fd-8e7179af7341', '自闭');
INSERT INTO `device_extend_values` VALUES ('7017a6b4-058e-4a5a-aa36-0fd17d9d6f18', '180f5a84-169b-4b93-922c-5ada48d52d2f', '78a68ad2-8760-48af-bb5c-a78141ea8d53', '05be799d-c5d5-4a62-90fd-8e7179af7341', 'ZPW2000A型移频');
INSERT INTO `device_extend_values` VALUES ('7021beda-962a-4a8a-9261-c8825a4c575c', 'f6b7e1d3-e167-4872-9e6a-0f8bd729f4cc', '78a68ad2-8760-48af-bb5c-a78141ea8d53', '1414cf63-8a76-4c81-a3f0-187ed1c6cd12', '0.379');
INSERT INTO `device_extend_values` VALUES ('702364ef-7d71-43d0-a1fe-36813113703c', '66390bfd-9f3c-41e1-bb6a-f281dd9953f3', '78a68ad2-8760-48af-bb5c-a78141ea8d53', 'f3fe5f36-6f3d-430b-8fc0-79236633be1d', '下');
INSERT INTO `device_extend_values` VALUES ('704c66a1-3057-4202-9e08-ca351aa122a6', '06a1cc4c-9de5-4e05-9c63-5d868889fbfd', '78a68ad2-8760-48af-bb5c-a78141ea8d53', 'c226bb5a-c50b-489d-abb3-16dd95e393f7', '标准UM71');
INSERT INTO `device_extend_values` VALUES ('704fd23e-0341-4993-bafc-aff29d9f79dc', '66390bfd-9f3c-41e1-bb6a-f281dd9953f3', '78a68ad2-8760-48af-bb5c-a78141ea8d53', '26ccbed6-8414-4852-a130-233bc18c533c', '上');
INSERT INTO `device_extend_values` VALUES ('70781543-906c-4105-b009-4d57b95bcdf0', '66390bfd-9f3c-41e1-bb6a-f281dd9953f3', '78a68ad2-8760-48af-bb5c-a78141ea8d53', '0e01d7fe-7f53-4935-8542-c681101abe93', '下');
INSERT INTO `device_extend_values` VALUES ('70a9fdff-6757-4ef3-81d9-eb57b0850ed2', '66390bfd-9f3c-41e1-bb6a-f281dd9953f3', '78a68ad2-8760-48af-bb5c-a78141ea8d53', '033d85c5-3e29-4f9d-b331-266a87993085', '上');
INSERT INTO `device_extend_values` VALUES ('710f55f5-da49-458b-85a3-9203c4ef84f5', 'a4936812-d3ef-442d-aaa3-c8a5d2b8f885', '78a68ad2-8760-48af-bb5c-a78141ea8d53', '3ea9710a-a46a-42f7-b4f0-23e38ffff0a0', '进站');
INSERT INTO `device_extend_values` VALUES ('711ce2fe-b121-43ec-95b9-7c94f5ae87ed', '2f11ce25-0826-4c32-8d90-bf2b140923ef', '78a68ad2-8760-48af-bb5c-a78141ea8d53', '1385f7f6-0393-492c-9f91-ea5488824ead', '2300');
INSERT INTO `device_extend_values` VALUES ('7125d0ee-cd46-440e-9909-3d02403ddd6a', '180f5a84-169b-4b93-922c-5ada48d52d2f', '78a68ad2-8760-48af-bb5c-a78141ea8d53', '8be15105-2cdd-4789-bcf9-10b681f1af20', 'ZPW2000A型无绝缘');
INSERT INTO `device_extend_values` VALUES ('7130d794-7fd0-4ad9-a0b5-c1c8dd16320f', '180f5a84-169b-4b93-922c-5ada48d52d2f', '78a68ad2-8760-48af-bb5c-a78141ea8d53', 'e13a0b02-7251-45c1-acab-b6fe330fbbcb', 'ZPW2000A型移频');
INSERT INTO `device_extend_values` VALUES ('719ecc86-cbeb-4621-a9bf-fddfc16a6d24', '180f5a84-169b-4b93-922c-5ada48d52d2f', '78a68ad2-8760-48af-bb5c-a78141ea8d53', '64ddf142-3925-4d19-8510-3463ac3e9119', 'ZPW-2000A/K型无绝缘');
INSERT INTO `device_extend_values` VALUES ('71c7daf5-9688-4463-882c-1b12856548b5', '180f5a84-169b-4b93-922c-5ada48d52d2f', '78a68ad2-8760-48af-bb5c-a78141ea8d53', 'd282a8d4-c2b5-4c18-a126-82fe9c8f1638', 'ZPW-2000A/K型无绝缘');
INSERT INTO `device_extend_values` VALUES ('71e1e3f0-604e-4046-a669-402bd136d0b9', '06a1cc4c-9de5-4e05-9c63-5d868889fbfd', '78a68ad2-8760-48af-bb5c-a78141ea8d53', '2e1b83ec-19f3-4e11-b3fa-a0b14bebe2eb', '标准UM71');
INSERT INTO `device_extend_values` VALUES ('722afe91-f8a1-497b-9905-bd821f3b0a8b', 'f6b7e1d3-e167-4872-9e6a-0f8bd729f4cc', '78a68ad2-8760-48af-bb5c-a78141ea8d53', '05be799d-c5d5-4a62-90fd-8e7179af7341', '11.928');
INSERT INTO `device_extend_values` VALUES ('722bd779-7669-47a5-befb-940874dbde1b', 'd5f28991-eafe-472c-b25d-33e6720320fd', '78a68ad2-8760-48af-bb5c-a78141ea8d53', 'ccead67c-6dcd-4333-8222-212943d25c87', '半自闭');
INSERT INTO `device_extend_values` VALUES ('72468849-d866-4abe-8959-a4566ab4ac3e', '2f11ce25-0826-4c32-8d90-bf2b140923ef', '78a68ad2-8760-48af-bb5c-a78141ea8d53', 'e29846c1-e0d5-46a6-80f0-67b55bb5cd84', '2000/2600');
INSERT INTO `device_extend_values` VALUES ('7276b7d8-5a36-44f8-94be-b9ba53a456f1', '66390bfd-9f3c-41e1-bb6a-f281dd9953f3', '78a68ad2-8760-48af-bb5c-a78141ea8d53', 'ee020b32-cb8d-4a79-84c0-1fc9230414b2', '下');
INSERT INTO `device_extend_values` VALUES ('727b93a4-50a7-4f25-bee3-2fba9b189d04', 'd5f28991-eafe-472c-b25d-33e6720320fd', '78a68ad2-8760-48af-bb5c-a78141ea8d53', '9abd0a3c-e655-4105-85c7-38aec93787d3', '自闭');
INSERT INTO `device_extend_values` VALUES ('7286013d-601f-4f4e-90f4-ffdd0a24fb74', 'f6b7e1d3-e167-4872-9e6a-0f8bd729f4cc', '78a68ad2-8760-48af-bb5c-a78141ea8d53', 'e6899422-c6fb-4e02-b0f6-3637a6773a42', '11.187');
INSERT INTO `device_extend_values` VALUES ('72e77f2a-c9a3-43cb-878d-b52363a1768e', 'a4936812-d3ef-442d-aaa3-c8a5d2b8f885', '78a68ad2-8760-48af-bb5c-a78141ea8d53', 'c72461ee-e988-40ae-aa84-72c8bd761f56', '出站');
INSERT INTO `device_extend_values` VALUES ('72f35c0b-626f-486c-b485-c65d711794b1', '06a1cc4c-9de5-4e05-9c63-5d868889fbfd', '78a68ad2-8760-48af-bb5c-a78141ea8d53', 'a6688969-c417-46a9-ae54-46f6f27401b1', '标准UM71');
INSERT INTO `device_extend_values` VALUES ('7314c35f-31ca-4408-a51f-9d8c09a3f022', 'a4936812-d3ef-442d-aaa3-c8a5d2b8f885', '78a68ad2-8760-48af-bb5c-a78141ea8d53', '5f429cbf-b55a-40c7-8e51-0ff657b0d7b1', '出站');
INSERT INTO `device_extend_values` VALUES ('73733519-1902-4513-82f1-261f045e720a', 'a4936812-d3ef-442d-aaa3-c8a5d2b8f885', '78a68ad2-8760-48af-bb5c-a78141ea8d53', 'ee020b32-cb8d-4a79-84c0-1fc9230414b2', '通过');
INSERT INTO `device_extend_values` VALUES ('739772b1-2917-4390-b451-870ff6d7dcc2', 'a4936812-d3ef-442d-aaa3-c8a5d2b8f885', '78a68ad2-8760-48af-bb5c-a78141ea8d53', 'fab9ebca-d93c-4761-880a-3bc6454ffc8d', '通过');
INSERT INTO `device_extend_values` VALUES ('73a5f7d7-dca0-4f90-9033-1035796940df', 'f6b7e1d3-e167-4872-9e6a-0f8bd729f4cc', '78a68ad2-8760-48af-bb5c-a78141ea8d53', 'e439b451-d489-4d8e-bffa-f39acca4c81b', '4.906');
INSERT INTO `device_extend_values` VALUES ('740469cf-2e30-4d05-a57f-ef113dc20cf8', 'a4936812-d3ef-442d-aaa3-c8a5d2b8f885', '78a68ad2-8760-48af-bb5c-a78141ea8d53', 'c10448e0-7873-4193-86eb-897da8a6893d', '通过');
INSERT INTO `device_extend_values` VALUES ('7464951b-f838-4df5-9d33-35a17e2f5d64', '66390bfd-9f3c-41e1-bb6a-f281dd9953f3', '78a68ad2-8760-48af-bb5c-a78141ea8d53', '731ac4f4-c4fa-41fe-915b-0ea34bf14ac6', '下');
INSERT INTO `device_extend_values` VALUES ('74734ff8-dc42-41f3-918f-2e47f3472795', '2f11ce25-0826-4c32-8d90-bf2b140923ef', '78a68ad2-8760-48af-bb5c-a78141ea8d53', '1c2a4f22-b2a6-4f45-b609-8e53a8e2cb6b', '2600');
INSERT INTO `device_extend_values` VALUES ('74c7befa-3840-4569-85f9-a342747517c0', 'f6b7e1d3-e167-4872-9e6a-0f8bd729f4cc', '78a68ad2-8760-48af-bb5c-a78141ea8d53', '655de06c-e5ac-495a-87b2-4475fead91ca', '11.928');
INSERT INTO `device_extend_values` VALUES ('7501675d-5368-45b1-a79d-f622164f0cc4', '66390bfd-9f3c-41e1-bb6a-f281dd9953f3', '78a68ad2-8760-48af-bb5c-a78141ea8d53', 'a53dc08f-a51e-4769-8632-3a2bbff33584', '下');
INSERT INTO `device_extend_values` VALUES ('7501ed84-a27f-42c2-b9ed-ffc0abcc4383', 'f6b7e1d3-e167-4872-9e6a-0f8bd729f4cc', '78a68ad2-8760-48af-bb5c-a78141ea8d53', '19db4474-2e09-4988-9710-d805dd622318', '1.231');
INSERT INTO `device_extend_values` VALUES ('75211c49-e48e-4727-9f10-352622e07b68', 'a4936812-d3ef-442d-aaa3-c8a5d2b8f885', '78a68ad2-8760-48af-bb5c-a78141ea8d53', 'bcaf4a73-62f2-4705-8650-15d385528791', '逆向进站');
INSERT INTO `device_extend_values` VALUES ('7525fa3d-d996-4a1a-a09d-78ea5ba5cf81', 'd5f28991-eafe-472c-b25d-33e6720320fd', '78a68ad2-8760-48af-bb5c-a78141ea8d53', 'd7419e22-2e1b-4b54-bc6a-4f8140fd41fa', '半自闭');
INSERT INTO `device_extend_values` VALUES ('757f040e-f2b8-4c24-80b2-24b25392a21d', 'a4936812-d3ef-442d-aaa3-c8a5d2b8f885', '78a68ad2-8760-48af-bb5c-a78141ea8d53', 'c51cc472-5484-4f82-8c8a-8f56c09e02d4', '进站');
INSERT INTO `device_extend_values` VALUES ('759510b3-70d3-4b80-bdcf-b305c4d52d4b', '2f11ce25-0826-4c32-8d90-bf2b140923ef', '78a68ad2-8760-48af-bb5c-a78141ea8d53', 'd4ba96fc-264d-467b-ad73-32e14404c089', '2600');
INSERT INTO `device_extend_values` VALUES ('75f3574e-d799-4be1-b8ed-3b54c2c08709', '06a1cc4c-9de5-4e05-9c63-5d868889fbfd', '78a68ad2-8760-48af-bb5c-a78141ea8d53', '36a18d9b-4bd4-4a9d-b6c4-144bc5dcae47', '标准UM71');
INSERT INTO `device_extend_values` VALUES ('761709cc-60f3-4c67-bffe-faca940af498', 'f6b7e1d3-e167-4872-9e6a-0f8bd729f4cc', '78a68ad2-8760-48af-bb5c-a78141ea8d53', '7954e2f0-8d96-4964-951d-7c20d0f10656', '2.06');
INSERT INTO `device_extend_values` VALUES ('76618197-cd9b-477c-875b-3502cc6ec06e', 'd5f28991-eafe-472c-b25d-33e6720320fd', '78a68ad2-8760-48af-bb5c-a78141ea8d53', '26ccbed6-8414-4852-a130-233bc18c533c', '自闭');
INSERT INTO `device_extend_values` VALUES ('766f6579-6907-4d2c-bede-b8963107ed36', '2f11ce25-0826-4c32-8d90-bf2b140923ef', '78a68ad2-8760-48af-bb5c-a78141ea8d53', 'b9e7e97d-3d33-428f-a8b0-444a5c7eb40d', '1700');
INSERT INTO `device_extend_values` VALUES ('76715129-43a5-4f10-b2bc-5b6e1a78e8b5', '66390bfd-9f3c-41e1-bb6a-f281dd9953f3', '78a68ad2-8760-48af-bb5c-a78141ea8d53', 'e06b4721-3eee-4ff6-848f-d7e0f7003fbc', '上');
INSERT INTO `device_extend_values` VALUES ('76b0698a-ef78-4be7-98b3-7c39bf2432f1', '06a1cc4c-9de5-4e05-9c63-5d868889fbfd', '78a68ad2-8760-48af-bb5c-a78141ea8d53', 'dff71780-cc2a-4a8e-b4b2-7cca4c82d2c1', '标准UM71');
INSERT INTO `device_extend_values` VALUES ('76c0efc8-b0f8-4c34-9b04-81f1e095aeeb', 'd5f28991-eafe-472c-b25d-33e6720320fd', '78a68ad2-8760-48af-bb5c-a78141ea8d53', '53a37501-f2ad-4aaa-b35b-461b3609ff0f', '自闭');
INSERT INTO `device_extend_values` VALUES ('775b6e2f-6e36-4922-9228-fb5668816fb0', '06a1cc4c-9de5-4e05-9c63-5d868889fbfd', '78a68ad2-8760-48af-bb5c-a78141ea8d53', 'b2c08127-b6c9-42f8-a2b1-1488b45e8fe4', '标准UM71');
INSERT INTO `device_extend_values` VALUES ('77a3317d-a91a-4e30-b862-ca5a61c60d2c', 'd5f28991-eafe-472c-b25d-33e6720320fd', '78a68ad2-8760-48af-bb5c-a78141ea8d53', '66910858-bf06-4378-bebb-1806d2214db6', '半自闭');
INSERT INTO `device_extend_values` VALUES ('77beb6e9-0aa3-4008-989c-920bdd7b7a75', 'a4936812-d3ef-442d-aaa3-c8a5d2b8f885', '78a68ad2-8760-48af-bb5c-a78141ea8d53', '53447c49-df5e-430d-9a8f-094086fcb6bb', '出站');
INSERT INTO `device_extend_values` VALUES ('77bf8945-2ba6-46d1-9957-c8a7b90baedb', 'a4936812-d3ef-442d-aaa3-c8a5d2b8f885', '78a68ad2-8760-48af-bb5c-a78141ea8d53', '605ce0e7-14a8-4cab-a8ff-cbfd42c79f94', '通过');
INSERT INTO `device_extend_values` VALUES ('77faddfa-68ab-4b68-9c0c-b3ece6e68e8c', 'f6b7e1d3-e167-4872-9e6a-0f8bd729f4cc', '78a68ad2-8760-48af-bb5c-a78141ea8d53', 'd8cd384d-903b-403a-b10b-5a2103da5d91', '1.799');
INSERT INTO `device_extend_values` VALUES ('78013f2f-3885-45e9-91dc-8e171002c1b2', '06a1cc4c-9de5-4e05-9c63-5d868889fbfd', '78a68ad2-8760-48af-bb5c-a78141ea8d53', 'ed9cb541-0d5d-4327-bf05-2c8116e2beab', '标准UM71');
INSERT INTO `device_extend_values` VALUES ('783d5387-50ba-4452-8580-63b361abd1c2', '180f5a84-169b-4b93-922c-5ada48d52d2f', '78a68ad2-8760-48af-bb5c-a78141ea8d53', '0fb930b5-bb64-43e0-8e22-ba4b556a29c1', 'ZPW-2000A/K型无绝缘');
INSERT INTO `device_extend_values` VALUES ('78c074cc-1810-49a1-a690-5581d0ec5bf4', '180f5a84-169b-4b93-922c-5ada48d52d2f', '78a68ad2-8760-48af-bb5c-a78141ea8d53', '2210df73-0242-4d73-bc0b-ad09513224c6', 'ZPW-2000A/K型无绝缘');
INSERT INTO `device_extend_values` VALUES ('790bfd88-6ee2-4c0d-9592-490bf5a9428e', 'd5f28991-eafe-472c-b25d-33e6720320fd', '78a68ad2-8760-48af-bb5c-a78141ea8d53', '3ea9710a-a46a-42f7-b4f0-23e38ffff0a0', '自闭');
INSERT INTO `device_extend_values` VALUES ('795e3203-3439-4f3f-b60f-1a18bbdb107d', '66390bfd-9f3c-41e1-bb6a-f281dd9953f3', '78a68ad2-8760-48af-bb5c-a78141ea8d53', '2e36c22f-08ec-4efd-ab7a-c5f95a2bc9f6', '下');
INSERT INTO `device_extend_values` VALUES ('79e32d4d-6432-4ff3-b61b-038f688b862c', 'f6b7e1d3-e167-4872-9e6a-0f8bd729f4cc', '78a68ad2-8760-48af-bb5c-a78141ea8d53', '9ed2e72e-19b4-40f5-b2be-5bd0458c85ed', '0.379');
INSERT INTO `device_extend_values` VALUES ('7a691410-7c6f-4e08-8a9f-4aff191e4ffd', 'a4936812-d3ef-442d-aaa3-c8a5d2b8f885', '78a68ad2-8760-48af-bb5c-a78141ea8d53', '33131992-6c8c-469f-82b6-307532e3d1d3', '进站');
INSERT INTO `device_extend_values` VALUES ('7a7e7275-bcb0-426c-8e4a-b19e568e64e7', 'f6b7e1d3-e167-4872-9e6a-0f8bd729f4cc', '78a68ad2-8760-48af-bb5c-a78141ea8d53', 'a53dc08f-a51e-4769-8632-3a2bbff33584', '11.928');
INSERT INTO `device_extend_values` VALUES ('7a9da359-e8b3-4b3c-9065-2d4a9f3d6a54', 'd5f28991-eafe-472c-b25d-33e6720320fd', '78a68ad2-8760-48af-bb5c-a78141ea8d53', '3b8ba5b1-05ca-4b0e-b0c4-ee5405c460a9', '自闭');
INSERT INTO `device_extend_values` VALUES ('7ac7109e-5aa1-4a4d-87da-b4c59f2617e0', 'a4936812-d3ef-442d-aaa3-c8a5d2b8f885', '78a68ad2-8760-48af-bb5c-a78141ea8d53', '05be799d-c5d5-4a62-90fd-8e7179af7341', '进站');
INSERT INTO `device_extend_values` VALUES ('7b058c17-186b-4632-a992-12c2cd73187c', '2f11ce25-0826-4c32-8d90-bf2b140923ef', '78a68ad2-8760-48af-bb5c-a78141ea8d53', '0fb930b5-bb64-43e0-8e22-ba4b556a29c1', '2000/2600');
INSERT INTO `device_extend_values` VALUES ('7b6559f0-adba-41b3-9d35-9bbb8318b12c', '66390bfd-9f3c-41e1-bb6a-f281dd9953f3', '78a68ad2-8760-48af-bb5c-a78141ea8d53', 'e2a30f88-9a87-468d-89c4-f087ef9c9c9d', '上');
INSERT INTO `device_extend_values` VALUES ('7b8a949f-b720-4695-b73d-971f753c15dc', '180f5a84-169b-4b93-922c-5ada48d52d2f', '78a68ad2-8760-48af-bb5c-a78141ea8d53', '1ca83586-c149-4db5-97e9-727f8b6f0d35', 'ZPW2000A型移频');
INSERT INTO `device_extend_values` VALUES ('7b95f0d7-a4f7-4626-9221-b41af087f994', '06a1cc4c-9de5-4e05-9c63-5d868889fbfd', '78a68ad2-8760-48af-bb5c-a78141ea8d53', '27a8e7b4-a6da-4eca-89a0-e973a8ad1ddf', '标准UM71');
INSERT INTO `device_extend_values` VALUES ('7ba94408-ee36-49da-b96d-54174954f386', '06a1cc4c-9de5-4e05-9c63-5d868889fbfd', '78a68ad2-8760-48af-bb5c-a78141ea8d53', 'cfb6b2aa-416a-4917-a6bc-544d889c1c1f', '标准UM71');
INSERT INTO `device_extend_values` VALUES ('7bef2b2c-1df4-4a4f-8647-dc6cc3b4cb30', '2f11ce25-0826-4c32-8d90-bf2b140923ef', '78a68ad2-8760-48af-bb5c-a78141ea8d53', '7ad27dbd-fedd-4b20-a6e4-11e75b978f98', '2000');
INSERT INTO `device_extend_values` VALUES ('7c0f99ca-d6f7-457b-8228-0534be5810b8', '66390bfd-9f3c-41e1-bb6a-f281dd9953f3', '78a68ad2-8760-48af-bb5c-a78141ea8d53', 'ae3a2bc9-b16d-4ce7-b9a1-7f4dc48f8ed3', '上');
INSERT INTO `device_extend_values` VALUES ('7c5b5f44-2eff-4076-8642-b5f90425cf90', 'f6b7e1d3-e167-4872-9e6a-0f8bd729f4cc', '78a68ad2-8760-48af-bb5c-a78141ea8d53', '2210df73-0242-4d73-bc0b-ad09513224c6', '4.906');
INSERT INTO `device_extend_values` VALUES ('7c6fee89-0da3-4c05-ab7a-b575fa428d24', 'a4936812-d3ef-442d-aaa3-c8a5d2b8f885', '78a68ad2-8760-48af-bb5c-a78141ea8d53', 'e296a261-ffa3-493d-b298-9ca93bcb426e', '逆向进站');
INSERT INTO `device_extend_values` VALUES ('7cac7735-d2bf-425a-9c06-405f4fffdee3', 'a4936812-d3ef-442d-aaa3-c8a5d2b8f885', '78a68ad2-8760-48af-bb5c-a78141ea8d53', 'e8c7b057-2007-4dc3-8fd9-4d691ab3f3b5', '进站');
INSERT INTO `device_extend_values` VALUES ('7cc8df14-b10a-421d-bdcb-d519a7aa85d9', '180f5a84-169b-4b93-922c-5ada48d52d2f', '78a68ad2-8760-48af-bb5c-a78141ea8d53', '453cc174-242a-4ec4-9fee-86db8a78069e', 'ZPW-2000A/K型无绝缘');
INSERT INTO `device_extend_values` VALUES ('7cf081bd-ede7-449d-a9ee-527ae60fa3f8', '06a1cc4c-9de5-4e05-9c63-5d868889fbfd', '78a68ad2-8760-48af-bb5c-a78141ea8d53', '54e33d4f-87f5-44a3-8e13-319b19cbbd5e', '标准UM71');
INSERT INTO `device_extend_values` VALUES ('7cfb6ecc-8fb7-4165-bc33-c3c6564c5108', '06a1cc4c-9de5-4e05-9c63-5d868889fbfd', '78a68ad2-8760-48af-bb5c-a78141ea8d53', '43bbcb26-8be3-42a5-a889-4554f31eaeab', '标准UM71');
INSERT INTO `device_extend_values` VALUES ('7d153cc7-1d0b-490c-9416-367eb49efd8b', 'a4936812-d3ef-442d-aaa3-c8a5d2b8f885', '78a68ad2-8760-48af-bb5c-a78141ea8d53', '41986435-f62b-4dec-adef-ee3777604bc7', '通过');
INSERT INTO `device_extend_values` VALUES ('7d251eb7-d7dc-4219-b9fa-8b17c712668d', 'd5f28991-eafe-472c-b25d-33e6720320fd', '78a68ad2-8760-48af-bb5c-a78141ea8d53', '36884235-9005-4fd2-8de4-f5f8d214f35c', '自闭');
INSERT INTO `device_extend_values` VALUES ('7d63123d-1969-477c-acb5-1c260b936904', 'd5f28991-eafe-472c-b25d-33e6720320fd', '78a68ad2-8760-48af-bb5c-a78141ea8d53', 'd7def4c6-9878-4616-af7e-5eb29f9197bd', '自闭');
INSERT INTO `device_extend_values` VALUES ('7e12a600-fafb-464f-96be-10124a4305b3', '180f5a84-169b-4b93-922c-5ada48d52d2f', '78a68ad2-8760-48af-bb5c-a78141ea8d53', '890dd5d0-e8ba-4b31-9cf6-3be52172bfc9', 'ZPW2000A型移频');
INSERT INTO `device_extend_values` VALUES ('7e16063e-d941-460c-bd38-dfec9027aa7d', '06a1cc4c-9de5-4e05-9c63-5d868889fbfd', '78a68ad2-8760-48af-bb5c-a78141ea8d53', '0aae4978-a20f-4c7a-ad87-92c34b9c06f7', '标准UM71');
INSERT INTO `device_extend_values` VALUES ('7e163e1b-979b-499d-a0b2-828fb75884d7', 'f6b7e1d3-e167-4872-9e6a-0f8bd729f4cc', '78a68ad2-8760-48af-bb5c-a78141ea8d53', '23883b20-b4dc-486a-8ece-1e3e0e8abb18', '1.221');
INSERT INTO `device_extend_values` VALUES ('7e841b1a-41d8-43ad-8d78-1b73c9f99cdb', 'd5f28991-eafe-472c-b25d-33e6720320fd', '78a68ad2-8760-48af-bb5c-a78141ea8d53', 'e6899422-c6fb-4e02-b0f6-3637a6773a42', '自闭');
INSERT INTO `device_extend_values` VALUES ('7e8c2e0d-f7e2-42dd-8b02-4261baa25474', '66390bfd-9f3c-41e1-bb6a-f281dd9953f3', '78a68ad2-8760-48af-bb5c-a78141ea8d53', '250ff211-be54-4975-8862-95afe1e40621', '下');
INSERT INTO `device_extend_values` VALUES ('7e8de587-e5fb-4ec7-afca-703efae797ab', '06a1cc4c-9de5-4e05-9c63-5d868889fbfd', '78a68ad2-8760-48af-bb5c-a78141ea8d53', '72fd7dab-593b-44f9-8645-976c3c336252', '标准UM71');
INSERT INTO `device_extend_values` VALUES ('7e925f88-bf5d-43c3-b225-28acb52b1a36', '180f5a84-169b-4b93-922c-5ada48d52d2f', '78a68ad2-8760-48af-bb5c-a78141ea8d53', 'e6570b28-9f24-4447-8641-3158f7c4bcec', 'ZPW2000A型无绝缘');
INSERT INTO `device_extend_values` VALUES ('7ecc2b48-4eff-462e-b43d-f61160bcccf3', '2f11ce25-0826-4c32-8d90-bf2b140923ef', '78a68ad2-8760-48af-bb5c-a78141ea8d53', '2c7a2e58-8b2d-41ef-813b-4f8be24a7be8', '1700');
INSERT INTO `device_extend_values` VALUES ('7f21a32c-49d7-4d5c-8674-ce84dabc876a', '66390bfd-9f3c-41e1-bb6a-f281dd9953f3', '78a68ad2-8760-48af-bb5c-a78141ea8d53', 'fe9e1f02-7db8-473e-97c6-ba77e92a0718', '下');
INSERT INTO `device_extend_values` VALUES ('7f5c81dd-c34e-415f-84ed-663762561e6b', 'a4936812-d3ef-442d-aaa3-c8a5d2b8f885', '78a68ad2-8760-48af-bb5c-a78141ea8d53', 'e8e00ab6-3777-44b9-a142-692975c3b999', '预告');
INSERT INTO `device_extend_values` VALUES ('7f6d2184-0e56-466b-bce8-b3c896d59d65', '06a1cc4c-9de5-4e05-9c63-5d868889fbfd', '78a68ad2-8760-48af-bb5c-a78141ea8d53', '2e36c22f-08ec-4efd-ab7a-c5f95a2bc9f6', '标准UM71');
INSERT INTO `device_extend_values` VALUES ('7fe4bd87-bbed-4026-8ddf-174d2454c52a', 'f6b7e1d3-e167-4872-9e6a-0f8bd729f4cc', '78a68ad2-8760-48af-bb5c-a78141ea8d53', 'ec2c1faa-257a-44cb-be54-77579548e467', '4.906');
INSERT INTO `device_extend_values` VALUES ('801fcc5b-f556-4129-9b8d-e4a4ad391081', 'a4936812-d3ef-442d-aaa3-c8a5d2b8f885', '78a68ad2-8760-48af-bb5c-a78141ea8d53', '5555741e-d2ed-4757-9889-0e674cfc43a7', '出站');
INSERT INTO `device_extend_values` VALUES ('803efcdc-1b73-4165-8be9-1e2d88f9ad4b', '06a1cc4c-9de5-4e05-9c63-5d868889fbfd', '78a68ad2-8760-48af-bb5c-a78141ea8d53', 'e8c7b057-2007-4dc3-8fd9-4d691ab3f3b5', '标准UM71');
INSERT INTO `device_extend_values` VALUES ('8055ffad-ac48-4968-aef9-da846a51e74d', 'f6b7e1d3-e167-4872-9e6a-0f8bd729f4cc', '78a68ad2-8760-48af-bb5c-a78141ea8d53', '854a3509-e185-4d2b-9aa3-1299afb30913', '1.799');
INSERT INTO `device_extend_values` VALUES ('806e85f8-6a74-42a8-a2a9-c84fdad2ce37', 'f6b7e1d3-e167-4872-9e6a-0f8bd729f4cc', '78a68ad2-8760-48af-bb5c-a78141ea8d53', '250f4332-7ebc-4bb6-8baf-c72878ee0c95', '1.231');
INSERT INTO `device_extend_values` VALUES ('80b26ee9-1b3b-4c94-9b5e-41e2ef24439a', '180f5a84-169b-4b93-922c-5ada48d52d2f', '78a68ad2-8760-48af-bb5c-a78141ea8d53', '43bbcb26-8be3-42a5-a889-4554f31eaeab', 'ZPW2000A型移频');
INSERT INTO `device_extend_values` VALUES ('812c51cf-4199-4bdd-bf29-ef1df7d0bb68', 'f6b7e1d3-e167-4872-9e6a-0f8bd729f4cc', '78a68ad2-8760-48af-bb5c-a78141ea8d53', '325897ba-6f9a-4441-bb7b-849e9ba4acb5', '0.379');
INSERT INTO `device_extend_values` VALUES ('815025fb-c886-4a1b-8c6c-82bfff063a3a', 'f6b7e1d3-e167-4872-9e6a-0f8bd729f4cc', '78a68ad2-8760-48af-bb5c-a78141ea8d53', 'e8c7b057-2007-4dc3-8fd9-4d691ab3f3b5', '1.799');
INSERT INTO `device_extend_values` VALUES ('8153a530-3fbc-4651-b5ef-84593ee151a3', '180f5a84-169b-4b93-922c-5ada48d52d2f', '78a68ad2-8760-48af-bb5c-a78141ea8d53', '808840e8-cb94-47c3-b8a2-00f7a0400eba', 'ZPW-2000A/K型无绝缘');
INSERT INTO `device_extend_values` VALUES ('815587a7-fb58-4a83-a3b5-8c59b4e87fdd', '180f5a84-169b-4b93-922c-5ada48d52d2f', '78a68ad2-8760-48af-bb5c-a78141ea8d53', '0f2c71e1-7734-4053-8af7-4398b9cdd526', 'ZPW-2000A/K型无绝缘');
INSERT INTO `device_extend_values` VALUES ('817e19e6-2a7f-4280-aff7-70247c8f4670', '06a1cc4c-9de5-4e05-9c63-5d868889fbfd', '78a68ad2-8760-48af-bb5c-a78141ea8d53', 'af3a08d9-87eb-49f1-8aad-3f2d37286eb7', '标准UM71');
INSERT INTO `device_extend_values` VALUES ('81b3cabc-956e-46e1-b5b5-d8dbf6d693b4', '06a1cc4c-9de5-4e05-9c63-5d868889fbfd', '78a68ad2-8760-48af-bb5c-a78141ea8d53', 'e855f980-0b33-498e-8cca-da028fd09829', '标准UM71');
INSERT INTO `device_extend_values` VALUES ('81b6fab5-14bd-4822-bc97-9dd3e0f59686', '180f5a84-169b-4b93-922c-5ada48d52d2f', '78a68ad2-8760-48af-bb5c-a78141ea8d53', 'd8cd384d-903b-403a-b10b-5a2103da5d91', 'ZPW-2000A/K型无绝缘');
INSERT INTO `device_extend_values` VALUES ('81e3b6d6-400c-424c-9d47-da00137df334', '180f5a84-169b-4b93-922c-5ada48d52d2f', '78a68ad2-8760-48af-bb5c-a78141ea8d53', '61f66f8e-1a00-4ee9-82ba-37eac1aa836d', 'ZPW-2000A/K型无绝缘');
INSERT INTO `device_extend_values` VALUES ('81eb60b3-a405-4104-9621-e0587f802435', '2f11ce25-0826-4c32-8d90-bf2b140923ef', '78a68ad2-8760-48af-bb5c-a78141ea8d53', '43bbcb26-8be3-42a5-a889-4554f31eaeab', '1700');
INSERT INTO `device_extend_values` VALUES ('81ef001a-c947-4c1c-9a9f-f7ae1a8d7a18', '180f5a84-169b-4b93-922c-5ada48d52d2f', '78a68ad2-8760-48af-bb5c-a78141ea8d53', '83a16f2b-de7e-4ca2-b83d-915536f35f42', 'ZPW-2000A/K型无绝缘');
INSERT INTO `device_extend_values` VALUES ('81f193d4-922e-4e41-87be-3ee5f6ae4fa8', 'a4936812-d3ef-442d-aaa3-c8a5d2b8f885', '78a68ad2-8760-48af-bb5c-a78141ea8d53', '26ccbed6-8414-4852-a130-233bc18c533c', '进站');
INSERT INTO `device_extend_values` VALUES ('820a9ddf-0fb4-40ad-9c57-3da55b77a2e8', 'd5f28991-eafe-472c-b25d-33e6720320fd', '78a68ad2-8760-48af-bb5c-a78141ea8d53', 'c0fa99e5-d669-457f-b107-02fbb1d76044', '自闭');
INSERT INTO `device_extend_values` VALUES ('8226c2d2-8db8-4a3e-85b7-7bb8013b49f6', 'f6b7e1d3-e167-4872-9e6a-0f8bd729f4cc', '78a68ad2-8760-48af-bb5c-a78141ea8d53', '5a42ba2f-7e3d-4117-a8b8-e50a5311b8a0', '11.928');
INSERT INTO `device_extend_values` VALUES ('82740372-f2c8-4b31-b73b-2f38ed3f46e5', 'f6b7e1d3-e167-4872-9e6a-0f8bd729f4cc', '78a68ad2-8760-48af-bb5c-a78141ea8d53', '8cb94080-97a5-47cd-a8be-602a748cd4a6', '1.026');
INSERT INTO `device_extend_values` VALUES ('829df4ad-4e1b-4acf-8b50-b944bcb132f8', '66390bfd-9f3c-41e1-bb6a-f281dd9953f3', '78a68ad2-8760-48af-bb5c-a78141ea8d53', 'bcaf4a73-62f2-4705-8650-15d385528791', '上');
INSERT INTO `device_extend_values` VALUES ('82c24f31-6abb-4c84-a99d-6820d3b83193', '66390bfd-9f3c-41e1-bb6a-f281dd9953f3', '78a68ad2-8760-48af-bb5c-a78141ea8d53', '6c9b8732-dc41-4dd0-a00f-08dd613ab8e7', '下');
INSERT INTO `device_extend_values` VALUES ('837eccce-45f1-408a-8eab-745a01645daa', 'f6b7e1d3-e167-4872-9e6a-0f8bd729f4cc', '78a68ad2-8760-48af-bb5c-a78141ea8d53', '9fc85db7-a26e-4f02-b144-68aca2e74063', '2.06');
INSERT INTO `device_extend_values` VALUES ('838cabb5-3d1c-4fd7-89d0-eaa863b59a03', 'd5f28991-eafe-472c-b25d-33e6720320fd', '78a68ad2-8760-48af-bb5c-a78141ea8d53', 'eeee548d-b7ed-46d8-a5fb-1f9b84d24ba4', '自闭');
INSERT INTO `device_extend_values` VALUES ('83cae224-530e-4c8d-813e-49a37b360a36', 'f6b7e1d3-e167-4872-9e6a-0f8bd729f4cc', '78a68ad2-8760-48af-bb5c-a78141ea8d53', '0f2c71e1-7734-4053-8af7-4398b9cdd526', '3.035');
INSERT INTO `device_extend_values` VALUES ('83f4dda2-c611-492a-a9b1-2eb7938095ee', '06a1cc4c-9de5-4e05-9c63-5d868889fbfd', '78a68ad2-8760-48af-bb5c-a78141ea8d53', 'e439b451-d489-4d8e-bffa-f39acca4c81b', '标准UM71');
INSERT INTO `device_extend_values` VALUES ('83f9b1a5-c98c-4aaf-906c-b7bd703bbbad', '66390bfd-9f3c-41e1-bb6a-f281dd9953f3', '78a68ad2-8760-48af-bb5c-a78141ea8d53', '54e33d4f-87f5-44a3-8e13-319b19cbbd5e', '下');
INSERT INTO `device_extend_values` VALUES ('84215251-0879-4387-9eee-238019751f4e', 'd5f28991-eafe-472c-b25d-33e6720320fd', '78a68ad2-8760-48af-bb5c-a78141ea8d53', 'e8f5e22b-55c0-4989-9ca6-1ae411cca356', '半自闭');
INSERT INTO `device_extend_values` VALUES ('84533c07-9cd5-4550-8887-4ee0fc6b80e2', '66390bfd-9f3c-41e1-bb6a-f281dd9953f3', '78a68ad2-8760-48af-bb5c-a78141ea8d53', '97ce1be3-db66-423f-b699-3be2e5644307', '上');
INSERT INTO `device_extend_values` VALUES ('846b59e8-b397-46b4-a0fd-dbfbe8e56dbd', '06a1cc4c-9de5-4e05-9c63-5d868889fbfd', '78a68ad2-8760-48af-bb5c-a78141ea8d53', 'b9e7e97d-3d33-428f-a8b0-444a5c7eb40d', '标准UM71');
INSERT INTO `device_extend_values` VALUES ('84b2e95d-1c47-4ef5-abbb-4e1d9ddfead0', '66390bfd-9f3c-41e1-bb6a-f281dd9953f3', '78a68ad2-8760-48af-bb5c-a78141ea8d53', '5555741e-d2ed-4757-9889-0e674cfc43a7', '上');
INSERT INTO `device_extend_values` VALUES ('84b99cab-e731-4380-b2ff-de52a01f90d9', '66390bfd-9f3c-41e1-bb6a-f281dd9953f3', '78a68ad2-8760-48af-bb5c-a78141ea8d53', '5a9cc0e0-b0ce-4c1c-857e-849630593ade', '下');
INSERT INTO `device_extend_values` VALUES ('84e1ef35-29e2-41e5-a06b-737519a4f3f8', '66390bfd-9f3c-41e1-bb6a-f281dd9953f3', '78a68ad2-8760-48af-bb5c-a78141ea8d53', '9e6a448b-4fb5-4d05-a41c-808eb79e88d7', '上');
INSERT INTO `device_extend_values` VALUES ('84e8fe30-1e63-43f5-8dde-082e40b23a72', 'a4936812-d3ef-442d-aaa3-c8a5d2b8f885', '78a68ad2-8760-48af-bb5c-a78141ea8d53', 'e68e7ce0-a7c0-4617-8f37-d75e0e01a85c', '出站');
INSERT INTO `device_extend_values` VALUES ('84f5299a-a1b4-4ff5-88da-d621bf3367bf', '180f5a84-169b-4b93-922c-5ada48d52d2f', '78a68ad2-8760-48af-bb5c-a78141ea8d53', '3c3efd88-fc3d-4969-b4de-47582a9b9755', 'ZPW2000A型移频');
INSERT INTO `device_extend_values` VALUES ('85323deb-cada-42ce-a301-53e3336e27af', '2f11ce25-0826-4c32-8d90-bf2b140923ef', '78a68ad2-8760-48af-bb5c-a78141ea8d53', 'e06b4721-3eee-4ff6-848f-d7e0f7003fbc', '1700');
INSERT INTO `device_extend_values` VALUES ('856478cc-ba3d-4a3b-948b-0c84a10984ea', '2f11ce25-0826-4c32-8d90-bf2b140923ef', '78a68ad2-8760-48af-bb5c-a78141ea8d53', 'ec2c1faa-257a-44cb-be54-77579548e467', '2600/2000/2600/ 2000');
INSERT INTO `device_extend_values` VALUES ('8576151f-fe76-406d-ab97-f23cef1c5828', 'f6b7e1d3-e167-4872-9e6a-0f8bd729f4cc', '78a68ad2-8760-48af-bb5c-a78141ea8d53', '2c7a2e58-8b2d-41ef-813b-4f8be24a7be8', '11.928');
INSERT INTO `device_extend_values` VALUES ('8576e7ba-f625-4eeb-b11a-861d2ca7f8bf', '66390bfd-9f3c-41e1-bb6a-f281dd9953f3', '78a68ad2-8760-48af-bb5c-a78141ea8d53', '61f66f8e-1a00-4ee9-82ba-37eac1aa836d', '下');
INSERT INTO `device_extend_values` VALUES ('8584606b-0187-40e7-a63f-6a5dfb441221', 'a4936812-d3ef-442d-aaa3-c8a5d2b8f885', '78a68ad2-8760-48af-bb5c-a78141ea8d53', '9fc85db7-a26e-4f02-b144-68aca2e74063', '进站');
INSERT INTO `device_extend_values` VALUES ('85aea9f0-9f34-4923-a877-6ced829c6783', '06a1cc4c-9de5-4e05-9c63-5d868889fbfd', '78a68ad2-8760-48af-bb5c-a78141ea8d53', '5142074c-1dcb-4787-b56d-d9f845bac5b1', '标准UM71');
INSERT INTO `device_extend_values` VALUES ('85cfb4ca-2334-45e9-aa67-ec05373d3a70', 'd5f28991-eafe-472c-b25d-33e6720320fd', '78a68ad2-8760-48af-bb5c-a78141ea8d53', '7386032c-a652-407b-baa5-25ddefb08fe1', '半自闭');
INSERT INTO `device_extend_values` VALUES ('85d920ca-0056-42b3-a0cf-8a25a475ce45', '180f5a84-169b-4b93-922c-5ada48d52d2f', '78a68ad2-8760-48af-bb5c-a78141ea8d53', '250ff211-be54-4975-8862-95afe1e40621', 'ZPW2000A型移频');
INSERT INTO `device_extend_values` VALUES ('860df674-8dc5-4993-8e3a-bd477e872b5d', 'd5f28991-eafe-472c-b25d-33e6720320fd', '78a68ad2-8760-48af-bb5c-a78141ea8d53', '1454384e-bcb5-4759-a637-5f0a4c97500a', '半自闭');
INSERT INTO `device_extend_values` VALUES ('862d1765-4480-4a71-b849-e08c0dbec19c', '06a1cc4c-9de5-4e05-9c63-5d868889fbfd', '78a68ad2-8760-48af-bb5c-a78141ea8d53', 'b81f9e2f-37cf-4f28-80fb-b4d56e57c03b', '标准UM71');
INSERT INTO `device_extend_values` VALUES ('866ff46f-cabb-4c84-bdf6-400a7715219a', '2f11ce25-0826-4c32-8d90-bf2b140923ef', '78a68ad2-8760-48af-bb5c-a78141ea8d53', '53447c49-df5e-430d-9a8f-094086fcb6bb', '2000');
INSERT INTO `device_extend_values` VALUES ('8675607f-e8d6-40d5-b76f-aec373cdc719', '2f11ce25-0826-4c32-8d90-bf2b140923ef', '78a68ad2-8760-48af-bb5c-a78141ea8d53', '521a7fd8-e091-4362-83ed-bc7db58b027a', '1700');
INSERT INTO `device_extend_values` VALUES ('86c02178-7723-4b40-8b70-10b54f41094a', '2f11ce25-0826-4c32-8d90-bf2b140923ef', '78a68ad2-8760-48af-bb5c-a78141ea8d53', '5f429cbf-b55a-40c7-8e51-0ff657b0d7b1', '2600');
INSERT INTO `device_extend_values` VALUES ('86d350a3-f93e-4e39-857f-9803f5706608', '06a1cc4c-9de5-4e05-9c63-5d868889fbfd', '78a68ad2-8760-48af-bb5c-a78141ea8d53', 'a53dc08f-a51e-4769-8632-3a2bbff33584', '标准UM71');
INSERT INTO `device_extend_values` VALUES ('878e4c34-b09b-42fa-a38a-eea3130d52c4', '06a1cc4c-9de5-4e05-9c63-5d868889fbfd', '78a68ad2-8760-48af-bb5c-a78141ea8d53', 'fe9e1f02-7db8-473e-97c6-ba77e92a0718', '标准UM71');
INSERT INTO `device_extend_values` VALUES ('87cbf989-47fe-493e-93e9-c2cf0ca66dfd', 'f6b7e1d3-e167-4872-9e6a-0f8bd729f4cc', '78a68ad2-8760-48af-bb5c-a78141ea8d53', 'd1d9e6a8-aa7a-4f80-a831-e7c1040903f3', '1.799');
INSERT INTO `device_extend_values` VALUES ('87f6a619-5bfd-4c08-8adf-3eecfa3b89ca', '2f11ce25-0826-4c32-8d90-bf2b140923ef', '78a68ad2-8760-48af-bb5c-a78141ea8d53', '0992352d-545f-4d35-a25a-b83286464692', '1700');
INSERT INTO `device_extend_values` VALUES ('8804ed65-34f9-4f8f-af01-f140c18a97c5', '66390bfd-9f3c-41e1-bb6a-f281dd9953f3', '78a68ad2-8760-48af-bb5c-a78141ea8d53', 'd61866cb-938f-435c-abc0-b0bde46ff72f', '上');
INSERT INTO `device_extend_values` VALUES ('880b2908-a5a5-4490-a093-e745a09f8485', '06a1cc4c-9de5-4e05-9c63-5d868889fbfd', '78a68ad2-8760-48af-bb5c-a78141ea8d53', 'd61866cb-938f-435c-abc0-b0bde46ff72f', '标准UM71');
INSERT INTO `device_extend_values` VALUES ('880c771a-5c9d-4977-a2ba-25e77178d1f5', '180f5a84-169b-4b93-922c-5ada48d52d2f', '78a68ad2-8760-48af-bb5c-a78141ea8d53', '17cdce6a-92aa-4239-89fa-cc19515d4826', 'ZPW-2000A/K型无绝缘');
INSERT INTO `device_extend_values` VALUES ('8831d40a-6a1e-4494-a556-1679b25e50a6', 'a4936812-d3ef-442d-aaa3-c8a5d2b8f885', '78a68ad2-8760-48af-bb5c-a78141ea8d53', 'd7def4c6-9878-4616-af7e-5eb29f9197bd', '通过');
INSERT INTO `device_extend_values` VALUES ('8851348c-06d0-4f0f-ba25-b5d9fec1ea5c', '180f5a84-169b-4b93-922c-5ada48d52d2f', '78a68ad2-8760-48af-bb5c-a78141ea8d53', '0aae4978-a20f-4c7a-ad87-92c34b9c06f7', 'ZPW2000A型移频');
INSERT INTO `device_extend_values` VALUES ('886529da-f3e3-42a4-9f98-1d32c53e31fc', 'd5f28991-eafe-472c-b25d-33e6720320fd', '78a68ad2-8760-48af-bb5c-a78141ea8d53', '7954e2f0-8d96-4964-951d-7c20d0f10656', '半自闭');
INSERT INTO `device_extend_values` VALUES ('889e8be1-3249-437e-a0d4-319761f2f895', 'f6b7e1d3-e167-4872-9e6a-0f8bd729f4cc', '78a68ad2-8760-48af-bb5c-a78141ea8d53', '7ad27dbd-fedd-4b20-a6e4-11e75b978f98', '11.187');
INSERT INTO `device_extend_values` VALUES ('88b1ad19-c349-4507-97a6-eb63acc665c0', '2f11ce25-0826-4c32-8d90-bf2b140923ef', '78a68ad2-8760-48af-bb5c-a78141ea8d53', '88b7e356-3a01-4b60-9a4a-15cfcfb79672', '1700/2300/1700/ 2300/1700');
INSERT INTO `device_extend_values` VALUES ('88cee224-85f9-48ff-bbcc-24e47061e3b6', '180f5a84-169b-4b93-922c-5ada48d52d2f', '78a68ad2-8760-48af-bb5c-a78141ea8d53', 'e8c7b057-2007-4dc3-8fd9-4d691ab3f3b5', 'ZPW-2000A/K型无绝缘');
INSERT INTO `device_extend_values` VALUES ('88d56f4a-d048-4879-9b68-c9afe219b7de', '66390bfd-9f3c-41e1-bb6a-f281dd9953f3', '78a68ad2-8760-48af-bb5c-a78141ea8d53', '6e860d74-20e2-42a7-8027-046544da24ff', '下');
INSERT INTO `device_extend_values` VALUES ('895029df-b205-4467-810d-0b9b8b5ad7d7', 'd5f28991-eafe-472c-b25d-33e6720320fd', '78a68ad2-8760-48af-bb5c-a78141ea8d53', 'c10448e0-7873-4193-86eb-897da8a6893d', '半自闭');
INSERT INTO `device_extend_values` VALUES ('899e2740-5355-45f0-9e90-c44eb6c043ed', '66390bfd-9f3c-41e1-bb6a-f281dd9953f3', '78a68ad2-8760-48af-bb5c-a78141ea8d53', '4eb9b18f-271f-4d32-8611-f478afe738bf', '下');
INSERT INTO `device_extend_values` VALUES ('89eae79c-0c20-43bf-90ac-bb1c722740da', 'f6b7e1d3-e167-4872-9e6a-0f8bd729f4cc', '78a68ad2-8760-48af-bb5c-a78141ea8d53', 'a6688969-c417-46a9-ae54-46f6f27401b1', '1.026');
INSERT INTO `device_extend_values` VALUES ('8a247b34-0774-4902-a94a-0415908df4fd', 'f6b7e1d3-e167-4872-9e6a-0f8bd729f4cc', '78a68ad2-8760-48af-bb5c-a78141ea8d53', '0d16d176-d7fb-4cf9-846f-e1ded61f7cc4', '11.187');
INSERT INTO `device_extend_values` VALUES ('8a4287f6-ae4b-4294-b57d-7fe73a1234e1', '66390bfd-9f3c-41e1-bb6a-f281dd9953f3', '78a68ad2-8760-48af-bb5c-a78141ea8d53', '4bbc4641-ec1a-470b-b7e1-be3d9f2e041d', '下');
INSERT INTO `device_extend_values` VALUES ('8a6da36f-e880-453f-a290-ac67dce60840', 'd5f28991-eafe-472c-b25d-33e6720320fd', '78a68ad2-8760-48af-bb5c-a78141ea8d53', 'f4a1f9f2-c23e-4c64-a3c5-2b416c82e5ab', '自闭');
INSERT INTO `device_extend_values` VALUES ('8a957d5c-2a4f-4ad1-a5b5-aa515ab7dc1b', 'd5f28991-eafe-472c-b25d-33e6720320fd', '78a68ad2-8760-48af-bb5c-a78141ea8d53', 'b9e7e97d-3d33-428f-a8b0-444a5c7eb40d', '半自闭');
INSERT INTO `device_extend_values` VALUES ('8a9e550d-7f66-4ce9-bd2c-cd78980c7286', '06a1cc4c-9de5-4e05-9c63-5d868889fbfd', '78a68ad2-8760-48af-bb5c-a78141ea8d53', 'd8cd384d-903b-403a-b10b-5a2103da5d91', '标准UM71');
INSERT INTO `device_extend_values` VALUES ('8a9f9c8e-333f-4b39-aea9-e82cdf2a93a8', 'f6b7e1d3-e167-4872-9e6a-0f8bd729f4cc', '78a68ad2-8760-48af-bb5c-a78141ea8d53', 'd61866cb-938f-435c-abc0-b0bde46ff72f', '0.379');
INSERT INTO `device_extend_values` VALUES ('8b70b531-7d72-410a-a4f8-a8b3b139f8f9', '2f11ce25-0826-4c32-8d90-bf2b140923ef', '78a68ad2-8760-48af-bb5c-a78141ea8d53', '27a8e7b4-a6da-4eca-89a0-e973a8ad1ddf', '2600');
INSERT INTO `device_extend_values` VALUES ('8b9f0647-c1af-4c74-acb5-70f701a8dc03', 'f6b7e1d3-e167-4872-9e6a-0f8bd729f4cc', '78a68ad2-8760-48af-bb5c-a78141ea8d53', 'f1b6cf95-401d-4e1a-9234-e63f2f614d6e', '1.029');
INSERT INTO `device_extend_values` VALUES ('8baa6110-275c-4421-a295-a2446311bd2a', '66390bfd-9f3c-41e1-bb6a-f281dd9953f3', '78a68ad2-8760-48af-bb5c-a78141ea8d53', '53447c49-df5e-430d-9a8f-094086fcb6bb', '上');
INSERT INTO `device_extend_values` VALUES ('8c077019-7da9-4d23-87e1-3f86b3c0024d', '180f5a84-169b-4b93-922c-5ada48d52d2f', '78a68ad2-8760-48af-bb5c-a78141ea8d53', '685eb5f5-f9ce-4dca-ad23-e2b6d45a7dff', 'ZPW2000A型移频');
INSERT INTO `device_extend_values` VALUES ('8c0b79f9-3200-4b5c-98d0-f68504f29b4d', '66390bfd-9f3c-41e1-bb6a-f281dd9953f3', '78a68ad2-8760-48af-bb5c-a78141ea8d53', 'd4ba96fc-264d-467b-ad73-32e14404c089', '上');
INSERT INTO `device_extend_values` VALUES ('8c2721ca-7a51-4e61-8279-095182670066', 'd5f28991-eafe-472c-b25d-33e6720320fd', '78a68ad2-8760-48af-bb5c-a78141ea8d53', '92746a2a-a2b5-45ae-afe1-2256d8364d34', '半自闭');
INSERT INTO `device_extend_values` VALUES ('8c2b34a0-920a-46c3-aefb-f31363b62aee', 'f6b7e1d3-e167-4872-9e6a-0f8bd729f4cc', '78a68ad2-8760-48af-bb5c-a78141ea8d53', '97ce1be3-db66-423f-b699-3be2e5644307', '1.799');
INSERT INTO `device_extend_values` VALUES ('8c2df98e-0fc0-4269-a587-56157634edc0', '06a1cc4c-9de5-4e05-9c63-5d868889fbfd', '78a68ad2-8760-48af-bb5c-a78141ea8d53', '6f4cddaa-6ad7-4571-b784-a3cb62413a35', '标准UM71');
INSERT INTO `device_extend_values` VALUES ('8c4472a6-e699-4470-b3f2-22f22c4a0a23', 'a4936812-d3ef-442d-aaa3-c8a5d2b8f885', '78a68ad2-8760-48af-bb5c-a78141ea8d53', 'f9b244ab-1a55-49ea-adee-9d1dddf17cd7', '通过');
INSERT INTO `device_extend_values` VALUES ('8c747718-ffd5-4434-a02d-5199d3d30725', '2f11ce25-0826-4c32-8d90-bf2b140923ef', '78a68ad2-8760-48af-bb5c-a78141ea8d53', '808840e8-cb94-47c3-b8a2-00f7a0400eba', '1700/2300/1700/ 2300/1700');
INSERT INTO `device_extend_values` VALUES ('8c85f4a8-ce9f-4d80-8ed4-7a6b4fdc30c2', 'd5f28991-eafe-472c-b25d-33e6720320fd', '78a68ad2-8760-48af-bb5c-a78141ea8d53', '14efa133-c3f7-4df4-a503-0bf6d07eeca3', '自闭');
INSERT INTO `device_extend_values` VALUES ('8c9b7da4-53f7-4532-9475-7b67367123dd', 'd5f28991-eafe-472c-b25d-33e6720320fd', '78a68ad2-8760-48af-bb5c-a78141ea8d53', 'b2720066-2cb0-4050-890e-42777b396318', '自闭');
INSERT INTO `device_extend_values` VALUES ('8ce46457-0f1d-400c-873d-a263fdb218c1', '06a1cc4c-9de5-4e05-9c63-5d868889fbfd', '78a68ad2-8760-48af-bb5c-a78141ea8d53', 'bf6c4faf-b8f6-469a-8aec-6abdc5d27450', '标准UM71');
INSERT INTO `device_extend_values` VALUES ('8d0e42ad-a369-47e8-b489-83f8f2afe23b', '180f5a84-169b-4b93-922c-5ada48d52d2f', '78a68ad2-8760-48af-bb5c-a78141ea8d53', 'e8772c33-9231-4fbf-bdd4-0f67e0ef5da8', 'ZPW-2000A/K型无绝缘');
INSERT INTO `device_extend_values` VALUES ('8d12a5d0-fa2a-44ea-ba72-5ec6330c9f61', 'a4936812-d3ef-442d-aaa3-c8a5d2b8f885', '78a68ad2-8760-48af-bb5c-a78141ea8d53', '36884235-9005-4fd2-8de4-f5f8d214f35c', '进站');
INSERT INTO `device_extend_values` VALUES ('8d3db0eb-dd54-454c-98cd-6e68ea500047', '180f5a84-169b-4b93-922c-5ada48d52d2f', '78a68ad2-8760-48af-bb5c-a78141ea8d53', '2e36c22f-08ec-4efd-ab7a-c5f95a2bc9f6', 'ZPW-2000A/K型无绝缘');
INSERT INTO `device_extend_values` VALUES ('8d921d1b-ea3c-4c5a-a203-c41ab56c15b3', 'a4936812-d3ef-442d-aaa3-c8a5d2b8f885', '78a68ad2-8760-48af-bb5c-a78141ea8d53', '45580131-ba36-4694-bb13-08b99e8cabf3', '出站');
INSERT INTO `device_extend_values` VALUES ('8ddc2f2c-26a1-4707-aa17-6d06bd7eb3d9', '180f5a84-169b-4b93-922c-5ada48d52d2f', '78a68ad2-8760-48af-bb5c-a78141ea8d53', '325897ba-6f9a-4441-bb7b-849e9ba4acb5', 'ZPW-2000A/K型无绝缘');
INSERT INTO `device_extend_values` VALUES ('8e68e85f-498c-4150-bb51-e775c4439930', 'f6b7e1d3-e167-4872-9e6a-0f8bd729f4cc', '78a68ad2-8760-48af-bb5c-a78141ea8d53', '6c9b8732-dc41-4dd0-a00f-08dd613ab8e7', '3.035');
INSERT INTO `device_extend_values` VALUES ('8e802c1d-2624-408e-ae9a-8cdf9ba7ada0', 'd5f28991-eafe-472c-b25d-33e6720320fd', '78a68ad2-8760-48af-bb5c-a78141ea8d53', '4b6d5bb0-1dd4-4c89-b118-a1a162297690', '自闭');
INSERT INTO `device_extend_values` VALUES ('8e97ec38-cd92-4030-9d41-f3ca6be1bfd7', 'a4936812-d3ef-442d-aaa3-c8a5d2b8f885', '78a68ad2-8760-48af-bb5c-a78141ea8d53', '14050a25-427b-42c2-90dd-466df82fe217', '进站');
INSERT INTO `device_extend_values` VALUES ('8ea60e8a-cd8c-4440-b771-01f12ccfe3a0', 'd5f28991-eafe-472c-b25d-33e6720320fd', '78a68ad2-8760-48af-bb5c-a78141ea8d53', 'd8cd384d-903b-403a-b10b-5a2103da5d91', '自闭');
INSERT INTO `device_extend_values` VALUES ('8eb54237-1989-4294-8dab-271af354ebb0', '180f5a84-169b-4b93-922c-5ada48d52d2f', '78a68ad2-8760-48af-bb5c-a78141ea8d53', 'd0fe9754-2154-483b-84ba-bf1df766e400', 'ZPW-2000A/K型无绝缘');
INSERT INTO `device_extend_values` VALUES ('8ec353f4-6073-49ee-8d93-000aa7fdfa8e', '06a1cc4c-9de5-4e05-9c63-5d868889fbfd', '78a68ad2-8760-48af-bb5c-a78141ea8d53', 'ec2c1faa-257a-44cb-be54-77579548e467', '标准UM71');
INSERT INTO `device_extend_values` VALUES ('8ed74953-a123-41e0-a250-d3e398848f86', '66390bfd-9f3c-41e1-bb6a-f281dd9953f3', '78a68ad2-8760-48af-bb5c-a78141ea8d53', 'f9b244ab-1a55-49ea-adee-9d1dddf17cd7', '上');
INSERT INTO `device_extend_values` VALUES ('8f5c2f81-bc83-4684-b04a-299162c4ec47', '180f5a84-169b-4b93-922c-5ada48d52d2f', '78a68ad2-8760-48af-bb5c-a78141ea8d53', '14efa133-c3f7-4df4-a503-0bf6d07eeca3', 'ZPW-2000A/K型无绝缘');
INSERT INTO `device_extend_values` VALUES ('901fb304-e7d8-45ac-8170-23f5038b4a20', 'f6b7e1d3-e167-4872-9e6a-0f8bd729f4cc', '78a68ad2-8760-48af-bb5c-a78141ea8d53', '0992352d-545f-4d35-a25a-b83286464692', '11.928');
INSERT INTO `device_extend_values` VALUES ('90263a8c-8728-4bfb-8bbe-beea00326b9c', 'd5f28991-eafe-472c-b25d-33e6720320fd', '78a68ad2-8760-48af-bb5c-a78141ea8d53', 'a53dc08f-a51e-4769-8632-3a2bbff33584', '自闭');
INSERT INTO `device_extend_values` VALUES ('902a0ae1-51f5-4655-bf46-363dd1ae606f', 'd5f28991-eafe-472c-b25d-33e6720320fd', '78a68ad2-8760-48af-bb5c-a78141ea8d53', '1414cf63-8a76-4c81-a3f0-187ed1c6cd12', '自闭');
INSERT INTO `device_extend_values` VALUES ('905bf10f-5dfa-4f84-9580-d8806472241b', 'd5f28991-eafe-472c-b25d-33e6720320fd', '78a68ad2-8760-48af-bb5c-a78141ea8d53', 'e8c7b057-2007-4dc3-8fd9-4d691ab3f3b5', '自闭');
INSERT INTO `device_extend_values` VALUES ('908b9b50-d9e0-4eb6-b8df-b714ed94a0cd', 'd5f28991-eafe-472c-b25d-33e6720320fd', '78a68ad2-8760-48af-bb5c-a78141ea8d53', 'e9fc05ab-70f6-42da-a14e-b88f9823a97f', '半自闭');
INSERT INTO `device_extend_values` VALUES ('90bd7613-34fa-4cb0-88b5-a68118c71551', 'f6b7e1d3-e167-4872-9e6a-0f8bd729f4cc', '78a68ad2-8760-48af-bb5c-a78141ea8d53', '40609f38-5bda-47d4-a864-5abc14edec16', '1.799');
INSERT INTO `device_extend_values` VALUES ('90cb3209-d4dc-471d-b82c-10a94a4380a4', 'd5f28991-eafe-472c-b25d-33e6720320fd', '78a68ad2-8760-48af-bb5c-a78141ea8d53', '0aae4978-a20f-4c7a-ad87-92c34b9c06f7', '半自闭');
INSERT INTO `device_extend_values` VALUES ('90fac450-5bc8-44c5-b0ad-cb2baf3d050a', '66390bfd-9f3c-41e1-bb6a-f281dd9953f3', '78a68ad2-8760-48af-bb5c-a78141ea8d53', '7386032c-a652-407b-baa5-25ddefb08fe1', '下');
INSERT INTO `device_extend_values` VALUES ('9103ea8b-6661-4c19-85ea-6f980a06042c', '06a1cc4c-9de5-4e05-9c63-5d868889fbfd', '78a68ad2-8760-48af-bb5c-a78141ea8d53', 'e6899422-c6fb-4e02-b0f6-3637a6773a42', '标准UM71');
INSERT INTO `device_extend_values` VALUES ('914278f1-c138-479b-be67-c3577cb23861', '180f5a84-169b-4b93-922c-5ada48d52d2f', '78a68ad2-8760-48af-bb5c-a78141ea8d53', 'e296a261-ffa3-493d-b298-9ca93bcb426e', 'ZPW2000A型移频');
INSERT INTO `device_extend_values` VALUES ('91b6354e-2163-437b-9ef4-d58f26698591', 'd5f28991-eafe-472c-b25d-33e6720320fd', '78a68ad2-8760-48af-bb5c-a78141ea8d53', '4f40aad2-b49a-4ee5-ae7f-6eac2ec649ea', '半自闭');
INSERT INTO `device_extend_values` VALUES ('91f43294-ad92-4d9b-b0de-b1a99dedf07e', '180f5a84-169b-4b93-922c-5ada48d52d2f', '78a68ad2-8760-48af-bb5c-a78141ea8d53', 'fab9ebca-d93c-4761-880a-3bc6454ffc8d', 'ZPW-2000A/K型无绝缘');
INSERT INTO `device_extend_values` VALUES ('92273da2-f5a9-4535-990e-32aae7ab9b98', 'a4936812-d3ef-442d-aaa3-c8a5d2b8f885', '78a68ad2-8760-48af-bb5c-a78141ea8d53', 'ed57b781-b4d7-405d-9749-36a30685be25', '通过');
INSERT INTO `device_extend_values` VALUES ('923a3b5b-f588-4ef1-a4ff-31fefe24171d', 'a4936812-d3ef-442d-aaa3-c8a5d2b8f885', '78a68ad2-8760-48af-bb5c-a78141ea8d53', '9bdab589-c0c4-4f7f-b761-971867784221', '通过');
INSERT INTO `device_extend_values` VALUES ('928fcac7-7edd-43e1-85eb-ebf294e3f5fa', '66390bfd-9f3c-41e1-bb6a-f281dd9953f3', '78a68ad2-8760-48af-bb5c-a78141ea8d53', '61d21af0-e7b6-40d1-95eb-ebc0961889b3', '下');
INSERT INTO `device_extend_values` VALUES ('92aacda6-0207-42c8-9921-9bd18266108c', 'a4936812-d3ef-442d-aaa3-c8a5d2b8f885', '78a68ad2-8760-48af-bb5c-a78141ea8d53', '2a274fd7-bece-40bb-94fc-c278456d1b25', '出站');
INSERT INTO `device_extend_values` VALUES ('92c72500-751c-44e2-910d-c6d239f99a0d', 'f6b7e1d3-e167-4872-9e6a-0f8bd729f4cc', '78a68ad2-8760-48af-bb5c-a78141ea8d53', '9311ec4c-9b65-4d2a-8bc9-2c0ce9b54b81', '11.928');
INSERT INTO `device_extend_values` VALUES ('92de1e95-b3ec-4111-9611-a112713e2509', 'f6b7e1d3-e167-4872-9e6a-0f8bd729f4cc', '78a68ad2-8760-48af-bb5c-a78141ea8d53', '122e3e36-b486-4b09-b8ba-723491abee09', '11.928');
INSERT INTO `device_extend_values` VALUES ('9323dc34-8701-41c7-93d5-bba75021663b', '180f5a84-169b-4b93-922c-5ada48d52d2f', '78a68ad2-8760-48af-bb5c-a78141ea8d53', 'e8f5e22b-55c0-4989-9ca6-1ae411cca356', 'ZPW2000A型移频');
INSERT INTO `device_extend_values` VALUES ('932d8557-6b3d-4a5b-b08c-427b01e1b46e', 'f6b7e1d3-e167-4872-9e6a-0f8bd729f4cc', '78a68ad2-8760-48af-bb5c-a78141ea8d53', '54e33d4f-87f5-44a3-8e13-319b19cbbd5e', '3.035');
INSERT INTO `device_extend_values` VALUES ('9347a0e4-5b42-47a1-99da-e1a9fea29a2e', 'a4936812-d3ef-442d-aaa3-c8a5d2b8f885', '78a68ad2-8760-48af-bb5c-a78141ea8d53', 'e26ac8f5-692a-420f-929a-d6343aff7d0e', '出站');
INSERT INTO `device_extend_values` VALUES ('93578c09-e95b-41ba-8447-1c021eb2c3ef', '180f5a84-169b-4b93-922c-5ada48d52d2f', '78a68ad2-8760-48af-bb5c-a78141ea8d53', 'a6e29ef4-f0a1-4b11-83df-bc9771ae6765', 'ZPW-2000A/K型无绝缘');
INSERT INTO `device_extend_values` VALUES ('9357990c-f7fe-44c8-8382-9b7b2b5d1fcb', 'f6b7e1d3-e167-4872-9e6a-0f8bd729f4cc', '78a68ad2-8760-48af-bb5c-a78141ea8d53', '7386032c-a652-407b-baa5-25ddefb08fe1', '0.376');
INSERT INTO `device_extend_values` VALUES ('9395b582-0591-4810-b5d1-74ade7d8aff9', '180f5a84-169b-4b93-922c-5ada48d52d2f', '78a68ad2-8760-48af-bb5c-a78141ea8d53', 'dc2d324a-9444-4e8c-99b9-09868bcf8259', 'ZPW2000A型移频');
INSERT INTO `device_extend_values` VALUES ('93d44d6a-9743-4aaa-a5d7-245920a12669', 'f6b7e1d3-e167-4872-9e6a-0f8bd729f4cc', '78a68ad2-8760-48af-bb5c-a78141ea8d53', '5c21acab-72a6-4ffa-9d84-13e31b8ac771', '11.187');
INSERT INTO `device_extend_values` VALUES ('9400af35-d790-4068-bfc3-09732111efb1', '66390bfd-9f3c-41e1-bb6a-f281dd9953f3', '78a68ad2-8760-48af-bb5c-a78141ea8d53', '72fd7dab-593b-44f9-8645-976c3c336252', '下');
INSERT INTO `device_extend_values` VALUES ('94028520-1546-4092-85b6-a4fcc6dce129', 'a4936812-d3ef-442d-aaa3-c8a5d2b8f885', '78a68ad2-8760-48af-bb5c-a78141ea8d53', '7d9d4989-4bcf-4148-8cff-e10a7094186e', '进站');
INSERT INTO `device_extend_values` VALUES ('9413b9d3-4df8-4063-9ef2-a0dbac84ea66', '06a1cc4c-9de5-4e05-9c63-5d868889fbfd', '78a68ad2-8760-48af-bb5c-a78141ea8d53', 'c51cc472-5484-4f82-8c8a-8f56c09e02d4', '标准UM71');
INSERT INTO `device_extend_values` VALUES ('942a84bf-e657-4434-b106-4718da7cf158', 'f6b7e1d3-e167-4872-9e6a-0f8bd729f4cc', '78a68ad2-8760-48af-bb5c-a78141ea8d53', '7d9d4989-4bcf-4148-8cff-e10a7094186e', '11.928');
INSERT INTO `device_extend_values` VALUES ('945d3383-4ee4-4b61-b97c-300b421b4a62', 'f6b7e1d3-e167-4872-9e6a-0f8bd729f4cc', '78a68ad2-8760-48af-bb5c-a78141ea8d53', 'd4ba96fc-264d-467b-ad73-32e14404c089', '0.376');
INSERT INTO `device_extend_values` VALUES ('9498ba7e-9117-4afd-9282-599e8537c009', 'a4936812-d3ef-442d-aaa3-c8a5d2b8f885', '78a68ad2-8760-48af-bb5c-a78141ea8d53', '48f31415-61d9-4ff8-a72f-639f3eeacbd7', '进站');
INSERT INTO `device_extend_values` VALUES ('94e092f3-1065-41aa-8a06-0281f2d674da', 'd5f28991-eafe-472c-b25d-33e6720320fd', '78a68ad2-8760-48af-bb5c-a78141ea8d53', '081168f0-b382-4613-8575-904330c6112d', '自闭');
INSERT INTO `device_extend_values` VALUES ('94f92650-f206-4083-bc61-5c69b29ccb76', '06a1cc4c-9de5-4e05-9c63-5d868889fbfd', '78a68ad2-8760-48af-bb5c-a78141ea8d53', '9ed2e72e-19b4-40f5-b2be-5bd0458c85ed', '标准UM71');
INSERT INTO `device_extend_values` VALUES ('95102753-9eb9-4066-ae9d-4a2c459015e2', '66390bfd-9f3c-41e1-bb6a-f281dd9953f3', '78a68ad2-8760-48af-bb5c-a78141ea8d53', '2210df73-0242-4d73-bc0b-ad09513224c6', '上');
INSERT INTO `device_extend_values` VALUES ('952320f3-0354-4c3c-b546-88728a9ed7dd', '2f11ce25-0826-4c32-8d90-bf2b140923ef', '78a68ad2-8760-48af-bb5c-a78141ea8d53', '30bb6a0b-db8f-47fa-9819-b1fce0a26ff7', '2000/2600');
INSERT INTO `device_extend_values` VALUES ('953f1792-0a31-49c6-bd4d-982590950f40', '66390bfd-9f3c-41e1-bb6a-f281dd9953f3', '78a68ad2-8760-48af-bb5c-a78141ea8d53', '8cb94080-97a5-47cd-a8be-602a748cd4a6', '上');
INSERT INTO `device_extend_values` VALUES ('953f578a-73c8-4da8-8aad-282d768d99f6', 'a4936812-d3ef-442d-aaa3-c8a5d2b8f885', '78a68ad2-8760-48af-bb5c-a78141ea8d53', '8eb8e125-909a-40ba-844a-5c12527fb596', '进站');
INSERT INTO `device_extend_values` VALUES ('954739f0-5c23-4e26-8469-2209523da5a2', 'f6b7e1d3-e167-4872-9e6a-0f8bd729f4cc', '78a68ad2-8760-48af-bb5c-a78141ea8d53', 'c51cc472-5484-4f82-8c8a-8f56c09e02d4', '2.06');
INSERT INTO `device_extend_values` VALUES ('959093ee-d18f-4048-8f07-bb6ba27e580f', 'd5f28991-eafe-472c-b25d-33e6720320fd', '78a68ad2-8760-48af-bb5c-a78141ea8d53', 'ee020b32-cb8d-4a79-84c0-1fc9230414b2', '自闭');
INSERT INTO `device_extend_values` VALUES ('95a65f06-4a9e-4f42-b3a5-92e5fd7ac722', '2f11ce25-0826-4c32-8d90-bf2b140923ef', '78a68ad2-8760-48af-bb5c-a78141ea8d53', '5c21acab-72a6-4ffa-9d84-13e31b8ac771', '2000');
INSERT INTO `device_extend_values` VALUES ('95c69738-2df0-4ef6-a2c7-37b0a671db23', '06a1cc4c-9de5-4e05-9c63-5d868889fbfd', '78a68ad2-8760-48af-bb5c-a78141ea8d53', '258bb62c-18a1-479b-b8f6-d36760bf8dc5', '标准UM71');
INSERT INTO `device_extend_values` VALUES ('96834bd2-c6f3-4ece-bc6d-44136aa719fa', 'a4936812-d3ef-442d-aaa3-c8a5d2b8f885', '78a68ad2-8760-48af-bb5c-a78141ea8d53', 'cfb6b2aa-416a-4917-a6bc-544d889c1c1f', '出站');
INSERT INTO `device_extend_values` VALUES ('9683f139-1cc3-486a-a727-94b3a5ba25be', '66390bfd-9f3c-41e1-bb6a-f281dd9953f3', '78a68ad2-8760-48af-bb5c-a78141ea8d53', 'fab9ebca-d93c-4761-880a-3bc6454ffc8d', '下');
INSERT INTO `device_extend_values` VALUES ('96e120be-37ac-4fc5-96ee-8853c195cd07', 'd5f28991-eafe-472c-b25d-33e6720320fd', '78a68ad2-8760-48af-bb5c-a78141ea8d53', '61cd497a-481e-49b9-819a-6fbd172dc6e5', '半自闭');
INSERT INTO `device_extend_values` VALUES ('9732a8fe-4076-4a05-818d-a238ccd721f5', '66390bfd-9f3c-41e1-bb6a-f281dd9953f3', '78a68ad2-8760-48af-bb5c-a78141ea8d53', 'b2720066-2cb0-4050-890e-42777b396318', '下');
INSERT INTO `device_extend_values` VALUES ('9769ecfb-83aa-4c86-8497-3231cfe7939e', 'f6b7e1d3-e167-4872-9e6a-0f8bd729f4cc', '78a68ad2-8760-48af-bb5c-a78141ea8d53', 'b9f84491-f89f-4b40-a193-531304484c0a', '11.928');
INSERT INTO `device_extend_values` VALUES ('97706cc0-cbed-411c-a686-75aa5c83e00c', 'a4936812-d3ef-442d-aaa3-c8a5d2b8f885', '78a68ad2-8760-48af-bb5c-a78141ea8d53', '808840e8-cb94-47c3-b8a2-00f7a0400eba', '进站');
INSERT INTO `device_extend_values` VALUES ('977c41ac-cdb3-49db-be30-8e31ddec0021', '2f11ce25-0826-4c32-8d90-bf2b140923ef', '78a68ad2-8760-48af-bb5c-a78141ea8d53', 'f4a1f9f2-c23e-4c64-a3c5-2b416c82e5ab', '1700');
INSERT INTO `device_extend_values` VALUES ('977f9a6f-f986-4a16-99ec-2c04ab5eefa2', 'f6b7e1d3-e167-4872-9e6a-0f8bd729f4cc', '78a68ad2-8760-48af-bb5c-a78141ea8d53', '1454384e-bcb5-4759-a637-5f0a4c97500a', '2.06');
INSERT INTO `device_extend_values` VALUES ('9793c6e5-bf23-4ffd-b4f2-9c1f49067b09', 'f6b7e1d3-e167-4872-9e6a-0f8bd729f4cc', '78a68ad2-8760-48af-bb5c-a78141ea8d53', 'c72461ee-e988-40ae-aa84-72c8bd761f56', '0.379');
INSERT INTO `device_extend_values` VALUES ('97afb2e7-2036-4407-b49f-864e0c16e6f2', '2f11ce25-0826-4c32-8d90-bf2b140923ef', '78a68ad2-8760-48af-bb5c-a78141ea8d53', '0e01d7fe-7f53-4935-8542-c681101abe93', '2000');
INSERT INTO `device_extend_values` VALUES ('97c261a6-1be2-4852-b22e-3f6cabce748d', '2f11ce25-0826-4c32-8d90-bf2b140923ef', '78a68ad2-8760-48af-bb5c-a78141ea8d53', '8eb8e125-909a-40ba-844a-5c12527fb596', '1700/2300/1700/ 2300/1700');
INSERT INTO `device_extend_values` VALUES ('981af98b-445f-4445-96d4-998ef903d22c', '06a1cc4c-9de5-4e05-9c63-5d868889fbfd', '78a68ad2-8760-48af-bb5c-a78141ea8d53', '5b446ae2-aab3-4880-afd8-e02b36c1813c', '标准UM71');
INSERT INTO `device_extend_values` VALUES ('98452ec8-5882-4805-9ec3-712961c89172', 'f6b7e1d3-e167-4872-9e6a-0f8bd729f4cc', '78a68ad2-8760-48af-bb5c-a78141ea8d53', '83a16f2b-de7e-4ca2-b83d-915536f35f42', '0.376');
INSERT INTO `device_extend_values` VALUES ('98592717-9b23-47a9-a292-bba743bd54fe', '66390bfd-9f3c-41e1-bb6a-f281dd9953f3', '78a68ad2-8760-48af-bb5c-a78141ea8d53', '0992352d-545f-4d35-a25a-b83286464692', '下');
INSERT INTO `device_extend_values` VALUES ('98982c26-7712-4826-9cec-7629d4803690', '2f11ce25-0826-4c32-8d90-bf2b140923ef', '78a68ad2-8760-48af-bb5c-a78141ea8d53', '40609f38-5bda-47d4-a864-5abc14edec16', '2000/2600');
INSERT INTO `device_extend_values` VALUES ('98b1c3d3-c42d-4b2c-8289-365809af608c', '180f5a84-169b-4b93-922c-5ada48d52d2f', '78a68ad2-8760-48af-bb5c-a78141ea8d53', '19db4474-2e09-4988-9710-d805dd622318', 'ZPW-2000A/K型无绝缘');
INSERT INTO `device_extend_values` VALUES ('98c0c81b-5e2d-4905-8f9a-c0f80ff63c27', '66390bfd-9f3c-41e1-bb6a-f281dd9953f3', '78a68ad2-8760-48af-bb5c-a78141ea8d53', '30bb6a0b-db8f-47fa-9819-b1fce0a26ff7', '上');
INSERT INTO `device_extend_values` VALUES ('99674520-8f64-4fa6-87a5-9e9093f06804', 'f6b7e1d3-e167-4872-9e6a-0f8bd729f4cc', '78a68ad2-8760-48af-bb5c-a78141ea8d53', '4bad2b72-5169-40b2-80a4-08c9e38af43a', '11.928');
INSERT INTO `device_extend_values` VALUES ('99c63527-4d3b-442c-bf12-154ff6a349c6', '180f5a84-169b-4b93-922c-5ada48d52d2f', '78a68ad2-8760-48af-bb5c-a78141ea8d53', '7c1af819-d9cd-4a79-a750-ec83690f52f0', 'ZPW-2000A/K型无绝缘');
INSERT INTO `device_extend_values` VALUES ('99f6277f-7cc8-4af1-b3a2-31d2f452ecab', '66390bfd-9f3c-41e1-bb6a-f281dd9953f3', '78a68ad2-8760-48af-bb5c-a78141ea8d53', '3dd5586d-24ae-4e30-9c70-e14bd51215cc', '下');
INSERT INTO `device_extend_values` VALUES ('9a65c563-e08f-4662-b557-5c8ee5e72a1f', '2f11ce25-0826-4c32-8d90-bf2b140923ef', '78a68ad2-8760-48af-bb5c-a78141ea8d53', 'd61866cb-938f-435c-abc0-b0bde46ff72f', '2300');
INSERT INTO `device_extend_values` VALUES ('9a84d722-6510-45d2-a646-b52d071d7eb0', 'a4936812-d3ef-442d-aaa3-c8a5d2b8f885', '78a68ad2-8760-48af-bb5c-a78141ea8d53', 'a13b50ff-981e-488e-b9d7-4cab796d3545', '出站');
INSERT INTO `device_extend_values` VALUES ('9a949595-41eb-4954-895d-e06c83b2d224', 'f6b7e1d3-e167-4872-9e6a-0f8bd729f4cc', '78a68ad2-8760-48af-bb5c-a78141ea8d53', 'af3a08d9-87eb-49f1-8aad-3f2d37286eb7', '11.187');
INSERT INTO `device_extend_values` VALUES ('9abd28cc-6a9d-4ec4-8699-b28b9df58e3b', 'a4936812-d3ef-442d-aaa3-c8a5d2b8f885', '78a68ad2-8760-48af-bb5c-a78141ea8d53', '56f521bb-a308-4100-b91a-d685e8f6c74d', '出站');
INSERT INTO `device_extend_values` VALUES ('9ac8c583-ed93-4a9d-a265-5d5b83923f57', '66390bfd-9f3c-41e1-bb6a-f281dd9953f3', '78a68ad2-8760-48af-bb5c-a78141ea8d53', '274012ba-77dc-47b8-817d-3dc10b322862', '下');
INSERT INTO `device_extend_values` VALUES ('9ad5bec8-0022-469f-86fe-02856583b63d', 'd5f28991-eafe-472c-b25d-33e6720320fd', '78a68ad2-8760-48af-bb5c-a78141ea8d53', 'd776fa27-8026-41ef-9f8f-877035f5cdac', '自闭');
INSERT INTO `device_extend_values` VALUES ('9afdd719-ca08-41d4-9dec-6072f4b638e4', '180f5a84-169b-4b93-922c-5ada48d52d2f', '78a68ad2-8760-48af-bb5c-a78141ea8d53', '5efff686-f6a8-474d-996c-648a22499e9c', 'ZPW-2000A/K型无绝缘');
INSERT INTO `device_extend_values` VALUES ('9b1fdc69-e2bb-4589-a3b0-aa8833549e3c', '180f5a84-169b-4b93-922c-5ada48d52d2f', '78a68ad2-8760-48af-bb5c-a78141ea8d53', '27a8e7b4-a6da-4eca-89a0-e973a8ad1ddf', 'ZPW2000A型移频');
INSERT INTO `device_extend_values` VALUES ('9b83a893-d2c7-4e5c-bb6e-83574862dac4', 'a4936812-d3ef-442d-aaa3-c8a5d2b8f885', '78a68ad2-8760-48af-bb5c-a78141ea8d53', '061fd1ff-3733-4d09-b17c-4b63407b8ac3', '逆向进站');
INSERT INTO `device_extend_values` VALUES ('9b982bb5-beeb-4202-8a8f-add49f287f3e', '06a1cc4c-9de5-4e05-9c63-5d868889fbfd', '78a68ad2-8760-48af-bb5c-a78141ea8d53', 'd282a8d4-c2b5-4c18-a126-82fe9c8f1638', '标准UM71');
INSERT INTO `device_extend_values` VALUES ('9b99c9af-76d2-47b6-8924-db54878ecb88', '2f11ce25-0826-4c32-8d90-bf2b140923ef', '78a68ad2-8760-48af-bb5c-a78141ea8d53', 'd282a8d4-c2b5-4c18-a126-82fe9c8f1638', '2600');
INSERT INTO `device_extend_values` VALUES ('9b9ec100-7c37-4c7d-b181-b9366b37bfa7', 'f6b7e1d3-e167-4872-9e6a-0f8bd729f4cc', '78a68ad2-8760-48af-bb5c-a78141ea8d53', '5c8bb850-e3d7-40e7-996c-83abc2251195', '1.026');
INSERT INTO `device_extend_values` VALUES ('9bc56587-6d72-48da-a256-013863d1276d', 'd5f28991-eafe-472c-b25d-33e6720320fd', '78a68ad2-8760-48af-bb5c-a78141ea8d53', '2dc5d2c3-828f-4982-9708-a9738120c24a', '半自闭');
INSERT INTO `device_extend_values` VALUES ('9bf9daf7-08d8-43c3-9b12-c189d7c5ab26', 'a4936812-d3ef-442d-aaa3-c8a5d2b8f885', '78a68ad2-8760-48af-bb5c-a78141ea8d53', '857c0d01-ec75-4d60-8da9-bbf41fe15b83', '进站');
INSERT INTO `device_extend_values` VALUES ('9c10ea96-1116-4a52-a823-7a2a814a2884', '2f11ce25-0826-4c32-8d90-bf2b140923ef', '78a68ad2-8760-48af-bb5c-a78141ea8d53', '26ccbed6-8414-4852-a130-233bc18c533c', '2000/2600');
INSERT INTO `device_extend_values` VALUES ('9c112da5-4bdf-4156-852b-18a82fe2f018', '2f11ce25-0826-4c32-8d90-bf2b140923ef', '78a68ad2-8760-48af-bb5c-a78141ea8d53', '5b446ae2-aab3-4880-afd8-e02b36c1813c', '2600');
INSERT INTO `device_extend_values` VALUES ('9c1ece07-45b1-461d-9bc9-67afba611951', 'f6b7e1d3-e167-4872-9e6a-0f8bd729f4cc', '78a68ad2-8760-48af-bb5c-a78141ea8d53', 'd776fa27-8026-41ef-9f8f-877035f5cdac', '3.035');
INSERT INTO `device_extend_values` VALUES ('9c2ca4e4-2473-4b6a-af84-1706c743bb28', '06a1cc4c-9de5-4e05-9c63-5d868889fbfd', '78a68ad2-8760-48af-bb5c-a78141ea8d53', '88b7e356-3a01-4b60-9a4a-15cfcfb79672', '标准UM71');
INSERT INTO `device_extend_values` VALUES ('9c742ce2-e34b-442a-bd06-deed5fb3d14d', 'd5f28991-eafe-472c-b25d-33e6720320fd', '78a68ad2-8760-48af-bb5c-a78141ea8d53', 'd1d9e6a8-aa7a-4f80-a831-e7c1040903f3', '自闭');
INSERT INTO `device_extend_values` VALUES ('9c9d4c85-58ca-4515-bc1b-b6f60104e3a9', '180f5a84-169b-4b93-922c-5ada48d52d2f', '78a68ad2-8760-48af-bb5c-a78141ea8d53', '2a274fd7-bece-40bb-94fc-c278456d1b25', 'ZPW2000A型移频');
INSERT INTO `device_extend_values` VALUES ('9cbc1e94-a5f3-4f2d-84ae-7891576a30a1', '66390bfd-9f3c-41e1-bb6a-f281dd9953f3', '78a68ad2-8760-48af-bb5c-a78141ea8d53', '81990ca4-033d-4948-b026-86fc948fc4e0', '下');
INSERT INTO `device_extend_values` VALUES ('9cf1c609-d4de-4c58-b93c-80520bcbe41a', 'f6b7e1d3-e167-4872-9e6a-0f8bd729f4cc', '78a68ad2-8760-48af-bb5c-a78141ea8d53', '61cd497a-481e-49b9-819a-6fbd172dc6e5', '1.026');
INSERT INTO `device_extend_values` VALUES ('9d337eed-c580-4e16-bbc5-0dfb83cbff93', '66390bfd-9f3c-41e1-bb6a-f281dd9953f3', '78a68ad2-8760-48af-bb5c-a78141ea8d53', 'e8e00ab6-3777-44b9-a142-692975c3b999', '下');
INSERT INTO `device_extend_values` VALUES ('9d3e4d47-9352-492a-9f73-1e7ef4e5efe9', '66390bfd-9f3c-41e1-bb6a-f281dd9953f3', '78a68ad2-8760-48af-bb5c-a78141ea8d53', '4bad2b72-5169-40b2-80a4-08c9e38af43a', '下');
INSERT INTO `device_extend_values` VALUES ('9d679b0d-898f-49d3-a209-6b1b31a58550', 'f6b7e1d3-e167-4872-9e6a-0f8bd729f4cc', '78a68ad2-8760-48af-bb5c-a78141ea8d53', '36884235-9005-4fd2-8de4-f5f8d214f35c', '11.928');
INSERT INTO `device_extend_values` VALUES ('9d7beb15-bfff-4a2e-a50b-f40f19372f78', '06a1cc4c-9de5-4e05-9c63-5d868889fbfd', '78a68ad2-8760-48af-bb5c-a78141ea8d53', '55baaa24-655e-4e35-b104-8c86c6b68f5b', '标准UM71');
INSERT INTO `device_extend_values` VALUES ('9d8cd4bc-7e36-49a4-97fe-d6535f1cd7b0', 'a4936812-d3ef-442d-aaa3-c8a5d2b8f885', '78a68ad2-8760-48af-bb5c-a78141ea8d53', 'e855f980-0b33-498e-8cca-da028fd09829', '出站');
INSERT INTO `device_extend_values` VALUES ('9da8ac5b-bfcd-477f-b9ba-c7eb1420a5b4', 'a4936812-d3ef-442d-aaa3-c8a5d2b8f885', '78a68ad2-8760-48af-bb5c-a78141ea8d53', 'e29846c1-e0d5-46a6-80f0-67b55bb5cd84', '进站');
INSERT INTO `device_extend_values` VALUES ('9deae0ef-a77e-42ed-8916-b53055b1a7d9', 'd5f28991-eafe-472c-b25d-33e6720320fd', '78a68ad2-8760-48af-bb5c-a78141ea8d53', 'dc2d324a-9444-4e8c-99b9-09868bcf8259', '半自闭');
INSERT INTO `device_extend_values` VALUES ('9e2b76d8-82a6-4381-9005-dc60a436f49c', '66390bfd-9f3c-41e1-bb6a-f281dd9953f3', '78a68ad2-8760-48af-bb5c-a78141ea8d53', 'b64ecf61-9139-48a7-abd5-5ed1cee8cfe7', '上');
INSERT INTO `device_extend_values` VALUES ('9e9ecf20-db8f-4624-940c-990c832cdaef', 'd5f28991-eafe-472c-b25d-33e6720320fd', '78a68ad2-8760-48af-bb5c-a78141ea8d53', '0992352d-545f-4d35-a25a-b83286464692', '半自闭');
INSERT INTO `device_extend_values` VALUES ('9ecabe4d-a780-4cc7-ba7d-cb89a3818eef', '180f5a84-169b-4b93-922c-5ada48d52d2f', '78a68ad2-8760-48af-bb5c-a78141ea8d53', 'b45978ca-9c49-4bbf-aefc-1d56c7e2cb15', 'ZPW2000A型无绝缘');
INSERT INTO `device_extend_values` VALUES ('9ee7fcb9-89e6-41ab-809e-9ec978bdf9ba', '180f5a84-169b-4b93-922c-5ada48d52d2f', '78a68ad2-8760-48af-bb5c-a78141ea8d53', '5c21acab-72a6-4ffa-9d84-13e31b8ac771', 'ZPW2000A型无绝缘');
INSERT INTO `device_extend_values` VALUES ('9f1e7a2b-f4b0-4d13-b598-9a5bbe90558b', '2f11ce25-0826-4c32-8d90-bf2b140923ef', '78a68ad2-8760-48af-bb5c-a78141ea8d53', '2210df73-0242-4d73-bc0b-ad09513224c6', '2600/2000/2600/ 2000');
INSERT INTO `device_extend_values` VALUES ('9f33c5be-e5a4-4240-831d-cb7f2f431ce4', '180f5a84-169b-4b93-922c-5ada48d52d2f', '78a68ad2-8760-48af-bb5c-a78141ea8d53', 'a3cc4d71-9932-4de2-ad88-1a154ed0ce71', 'ZPW2000A型移频');
INSERT INTO `device_extend_values` VALUES ('9fd38c85-38b7-41b8-bbd3-64a550b7e932', '180f5a84-169b-4b93-922c-5ada48d52d2f', '78a68ad2-8760-48af-bb5c-a78141ea8d53', '26ccbed6-8414-4852-a130-233bc18c533c', 'ZPW-2000A/K型无绝缘');
INSERT INTO `device_extend_values` VALUES ('9ff149db-118c-4ed7-9786-b311f34e3e1d', '06a1cc4c-9de5-4e05-9c63-5d868889fbfd', '78a68ad2-8760-48af-bb5c-a78141ea8d53', '9eab8f09-c33e-4606-9f8a-cab6c9ed1ed0', '标准UM71');
INSERT INTO `device_extend_values` VALUES ('9ff1bd81-5d9c-4ac3-8e51-85fd62db0e47', '06a1cc4c-9de5-4e05-9c63-5d868889fbfd', '78a68ad2-8760-48af-bb5c-a78141ea8d53', '3ea9710a-a46a-42f7-b4f0-23e38ffff0a0', '标准UM71');
INSERT INTO `device_extend_values` VALUES ('a0155d23-4146-4afc-947b-d46774bcff64', 'a4936812-d3ef-442d-aaa3-c8a5d2b8f885', '78a68ad2-8760-48af-bb5c-a78141ea8d53', 'c579b1ba-fce1-4900-b84b-7b42d35d5da9', '通过');
INSERT INTO `device_extend_values` VALUES ('a022e75f-f26f-4281-8aa4-a4b098f6d0e4', '66390bfd-9f3c-41e1-bb6a-f281dd9953f3', '78a68ad2-8760-48af-bb5c-a78141ea8d53', '9ed2e72e-19b4-40f5-b2be-5bd0458c85ed', '下');
INSERT INTO `device_extend_values` VALUES ('a028100b-df51-4432-a365-9e09fdd56e62', 'a4936812-d3ef-442d-aaa3-c8a5d2b8f885', '78a68ad2-8760-48af-bb5c-a78141ea8d53', 'f6443d74-20fb-46cc-bd4d-8638912d8702', '出站');
INSERT INTO `device_extend_values` VALUES ('a03eb604-5e5c-46fc-a71b-b422e4c0dcdc', 'd5f28991-eafe-472c-b25d-33e6720320fd', '78a68ad2-8760-48af-bb5c-a78141ea8d53', 'dff71780-cc2a-4a8e-b4b2-7cca4c82d2c1', '半自闭');
INSERT INTO `device_extend_values` VALUES ('a059f0aa-ba7f-4b3b-a1ba-c19b889f0b17', '66390bfd-9f3c-41e1-bb6a-f281dd9953f3', '78a68ad2-8760-48af-bb5c-a78141ea8d53', 'cabebf63-9109-4811-9b5b-26a38873bee6', '上');
INSERT INTO `device_extend_values` VALUES ('a0a2ade7-e625-4235-a50c-558a3aea4777', '66390bfd-9f3c-41e1-bb6a-f281dd9953f3', '78a68ad2-8760-48af-bb5c-a78141ea8d53', '61cd497a-481e-49b9-819a-6fbd172dc6e5', '上');
INSERT INTO `device_extend_values` VALUES ('a0d80b7f-baa5-4bab-95ff-8525843effbe', 'a4936812-d3ef-442d-aaa3-c8a5d2b8f885', '78a68ad2-8760-48af-bb5c-a78141ea8d53', 'eeee548d-b7ed-46d8-a5fb-1f9b84d24ba4', '进站');
INSERT INTO `device_extend_values` VALUES ('a0faf603-9b29-4d1c-905e-586e69c32cd4', 'd5f28991-eafe-472c-b25d-33e6720320fd', '78a68ad2-8760-48af-bb5c-a78141ea8d53', '3c3efd88-fc3d-4969-b4de-47582a9b9755', '半自闭');
INSERT INTO `device_extend_values` VALUES ('a133c71f-3bbf-46db-9365-da80395c8116', 'a4936812-d3ef-442d-aaa3-c8a5d2b8f885', '78a68ad2-8760-48af-bb5c-a78141ea8d53', 'a6e29ef4-f0a1-4b11-83df-bc9771ae6765', '通过');
INSERT INTO `device_extend_values` VALUES ('a16ef695-97c3-4b1b-917d-08d4d912cc89', '66390bfd-9f3c-41e1-bb6a-f281dd9953f3', '78a68ad2-8760-48af-bb5c-a78141ea8d53', '4b6d5bb0-1dd4-4c89-b118-a1a162297690', '上');
INSERT INTO `device_extend_values` VALUES ('a1726d7c-41a7-448e-9774-c8762660628d', '06a1cc4c-9de5-4e05-9c63-5d868889fbfd', '78a68ad2-8760-48af-bb5c-a78141ea8d53', 'a13b50ff-981e-488e-b9d7-4cab796d3545', '标准UM71');
INSERT INTO `device_extend_values` VALUES ('a19af12a-4de7-48c0-b5eb-ee37f216e3e1', 'f6b7e1d3-e167-4872-9e6a-0f8bd729f4cc', '78a68ad2-8760-48af-bb5c-a78141ea8d53', '840b0613-6407-44b6-9299-343a078064ed', '1.221');
INSERT INTO `device_extend_values` VALUES ('a1c67ddc-1616-4753-96cc-1886ec98ef36', '2f11ce25-0826-4c32-8d90-bf2b140923ef', '78a68ad2-8760-48af-bb5c-a78141ea8d53', '81990ca4-033d-4948-b026-86fc948fc4e0', '2300');
INSERT INTO `device_extend_values` VALUES ('a1d084ef-bad1-4111-8130-3057c033378c', '180f5a84-169b-4b93-922c-5ada48d52d2f', '78a68ad2-8760-48af-bb5c-a78141ea8d53', 'a4cd9c8d-b684-4ca1-a24a-f6de08ea6d3e', 'ZPW-2000A/K型无绝缘');
INSERT INTO `device_extend_values` VALUES ('a1e37d59-55bd-425f-bcbd-9a0b4d89f756', '66390bfd-9f3c-41e1-bb6a-f281dd9953f3', '78a68ad2-8760-48af-bb5c-a78141ea8d53', '33131992-6c8c-469f-82b6-307532e3d1d3', '下');
INSERT INTO `device_extend_values` VALUES ('a1ec77cc-ce0e-401e-b44a-a536160a9606', 'a4936812-d3ef-442d-aaa3-c8a5d2b8f885', '78a68ad2-8760-48af-bb5c-a78141ea8d53', '7386032c-a652-407b-baa5-25ddefb08fe1', '出站');
INSERT INTO `device_extend_values` VALUES ('a1ee26f0-ca2c-48f9-bb6b-c895a42bb8f1', 'a4936812-d3ef-442d-aaa3-c8a5d2b8f885', '78a68ad2-8760-48af-bb5c-a78141ea8d53', 'c226bb5a-c50b-489d-abb3-16dd95e393f7', '逆向进站');
INSERT INTO `device_extend_values` VALUES ('a202d578-d47f-4b08-a357-1e5ce6f00148', '66390bfd-9f3c-41e1-bb6a-f281dd9953f3', '78a68ad2-8760-48af-bb5c-a78141ea8d53', 'e820f557-75c6-4467-b692-1c4345bb7556', '上');
INSERT INTO `device_extend_values` VALUES ('a24c7d59-0db6-4e38-8851-63ed1a5e175a', '06a1cc4c-9de5-4e05-9c63-5d868889fbfd', '78a68ad2-8760-48af-bb5c-a78141ea8d53', '66910858-bf06-4378-bebb-1806d2214db6', '标准UM71');
INSERT INTO `device_extend_values` VALUES ('a26597cc-7116-4c29-a9d3-8f8c6620e9a1', '66390bfd-9f3c-41e1-bb6a-f281dd9953f3', '78a68ad2-8760-48af-bb5c-a78141ea8d53', 'a3cc4d71-9932-4de2-ad88-1a154ed0ce71', '下');
INSERT INTO `device_extend_values` VALUES ('a275987f-1500-4166-9aed-9d8c1b17892b', '180f5a84-169b-4b93-922c-5ada48d52d2f', '78a68ad2-8760-48af-bb5c-a78141ea8d53', 'd4ba96fc-264d-467b-ad73-32e14404c089', 'ZPW-2000A/K型无绝缘');
INSERT INTO `device_extend_values` VALUES ('a2edb508-3b4b-4090-bf3c-c3bbd75beac5', 'd5f28991-eafe-472c-b25d-33e6720320fd', '78a68ad2-8760-48af-bb5c-a78141ea8d53', '45580131-ba36-4694-bb13-08b99e8cabf3', '自闭');
INSERT INTO `device_extend_values` VALUES ('a348cfa7-6ab8-400b-b2dd-3fd4075794f3', '2f11ce25-0826-4c32-8d90-bf2b140923ef', '78a68ad2-8760-48af-bb5c-a78141ea8d53', '3bc2e90d-bab8-4826-9f8e-ce0eff25d386', '2600/2000/2600/ 2000');
INSERT INTO `device_extend_values` VALUES ('a35dbf5a-05b3-41d9-b6fd-5bc5143a0ea4', 'f6b7e1d3-e167-4872-9e6a-0f8bd729f4cc', '78a68ad2-8760-48af-bb5c-a78141ea8d53', 'ed57b781-b4d7-405d-9749-36a30685be25', '11.187');
INSERT INTO `device_extend_values` VALUES ('a38d1230-61b0-418e-8ed1-bc8fbb35b65a', '2f11ce25-0826-4c32-8d90-bf2b140923ef', '78a68ad2-8760-48af-bb5c-a78141ea8d53', 'e820f557-75c6-4467-b692-1c4345bb7556', '2600/2000/2600/ 2000');
INSERT INTO `device_extend_values` VALUES ('a3a5fee1-5dee-401b-8333-a6e88c41a584', '06a1cc4c-9de5-4e05-9c63-5d868889fbfd', '78a68ad2-8760-48af-bb5c-a78141ea8d53', '5a42ba2f-7e3d-4117-a8b8-e50a5311b8a0', '标准UM71');
INSERT INTO `device_extend_values` VALUES ('a3d1fda3-e646-4cb3-bbee-967e22def66f', '2f11ce25-0826-4c32-8d90-bf2b140923ef', '78a68ad2-8760-48af-bb5c-a78141ea8d53', '5118ce20-f3e8-4355-9647-7464fa7bdb2f', '1700');
INSERT INTO `device_extend_values` VALUES ('a401fa02-4995-48fc-b037-69f4afe61ead', 'f6b7e1d3-e167-4872-9e6a-0f8bd729f4cc', '78a68ad2-8760-48af-bb5c-a78141ea8d53', 'e296a261-ffa3-493d-b298-9ca93bcb426e', '11.928');
INSERT INTO `device_extend_values` VALUES ('a4181d71-d9e6-4c15-8d16-766b41316720', 'd5f28991-eafe-472c-b25d-33e6720320fd', '78a68ad2-8760-48af-bb5c-a78141ea8d53', '97ce1be3-db66-423f-b699-3be2e5644307', '自闭');
INSERT INTO `device_extend_values` VALUES ('a42410b2-b34d-4dc1-a1b4-ef9784074404', 'd5f28991-eafe-472c-b25d-33e6720320fd', '78a68ad2-8760-48af-bb5c-a78141ea8d53', '2c7a2e58-8b2d-41ef-813b-4f8be24a7be8', '自闭');
INSERT INTO `device_extend_values` VALUES ('a428542b-faf4-470c-bb36-ccae4bedfeda', '06a1cc4c-9de5-4e05-9c63-5d868889fbfd', '78a68ad2-8760-48af-bb5c-a78141ea8d53', '8f8e6f68-232d-4024-aebe-f399bcb2baad', '标准UM71');
INSERT INTO `device_extend_values` VALUES ('a476eecf-8f6e-4fd3-8f99-91b04709f62d', '06a1cc4c-9de5-4e05-9c63-5d868889fbfd', '78a68ad2-8760-48af-bb5c-a78141ea8d53', '9bdab589-c0c4-4f7f-b761-971867784221', '标准UM71');
INSERT INTO `device_extend_values` VALUES ('a48f4022-232c-44a8-b7ee-65da0d55b59c', '06a1cc4c-9de5-4e05-9c63-5d868889fbfd', '78a68ad2-8760-48af-bb5c-a78141ea8d53', '14050a25-427b-42c2-90dd-466df82fe217', '标准UM71');
INSERT INTO `device_extend_values` VALUES ('a4b6d2a2-568e-4790-a4ba-deb0451a95ee', 'd5f28991-eafe-472c-b25d-33e6720320fd', '78a68ad2-8760-48af-bb5c-a78141ea8d53', '56f521bb-a308-4100-b91a-d685e8f6c74d', '半自闭');
INSERT INTO `device_extend_values` VALUES ('a4d83dda-73a1-4f94-b86c-6f2c337fa9c7', '06a1cc4c-9de5-4e05-9c63-5d868889fbfd', '78a68ad2-8760-48af-bb5c-a78141ea8d53', '8eb8e125-909a-40ba-844a-5c12527fb596', '标准UM71');
INSERT INTO `device_extend_values` VALUES ('a4ef8f0c-12ba-43a8-af9d-82ccc4802899', '180f5a84-169b-4b93-922c-5ada48d52d2f', '78a68ad2-8760-48af-bb5c-a78141ea8d53', '9ae9a19d-3ab3-4354-849e-43a515843a30', 'ZPW-2000A/K型无绝缘');
INSERT INTO `device_extend_values` VALUES ('a4fab95a-2dfb-410b-bfc4-d899dc6bb489', '06a1cc4c-9de5-4e05-9c63-5d868889fbfd', '78a68ad2-8760-48af-bb5c-a78141ea8d53', '5c21acab-72a6-4ffa-9d84-13e31b8ac771', '标准UM71');
INSERT INTO `device_extend_values` VALUES ('a5195ac2-23cd-41a5-971e-f4bd011bcd30', '66390bfd-9f3c-41e1-bb6a-f281dd9953f3', '78a68ad2-8760-48af-bb5c-a78141ea8d53', 'e13a0b02-7251-45c1-acab-b6fe330fbbcb', '下');
INSERT INTO `device_extend_values` VALUES ('a5432c2c-0777-49e9-9a5b-af7d0683937b', '66390bfd-9f3c-41e1-bb6a-f281dd9953f3', '78a68ad2-8760-48af-bb5c-a78141ea8d53', 'eeee548d-b7ed-46d8-a5fb-1f9b84d24ba4', '下');
INSERT INTO `device_extend_values` VALUES ('a5b628da-a1ac-4376-af6d-5f75a2ec3d9d', 'd5f28991-eafe-472c-b25d-33e6720320fd', '78a68ad2-8760-48af-bb5c-a78141ea8d53', 'be5d4d23-5dc2-436e-afc3-049254013efd', '半自闭');
INSERT INTO `device_extend_values` VALUES ('a5bd800a-0669-41fe-9df4-0c5912e52843', 'd5f28991-eafe-472c-b25d-33e6720320fd', '78a68ad2-8760-48af-bb5c-a78141ea8d53', '1ca83586-c149-4db5-97e9-727f8b6f0d35', '半自闭');
INSERT INTO `device_extend_values` VALUES ('a5eda25f-ae08-4d41-9b8e-ddfc14546fd3', 'd5f28991-eafe-472c-b25d-33e6720320fd', '78a68ad2-8760-48af-bb5c-a78141ea8d53', 'e8772c33-9231-4fbf-bdd4-0f67e0ef5da8', '半自闭');
INSERT INTO `device_extend_values` VALUES ('a640584a-a309-429a-abdb-e2f1a68f87fc', '66390bfd-9f3c-41e1-bb6a-f281dd9953f3', '78a68ad2-8760-48af-bb5c-a78141ea8d53', '48f31415-61d9-4ff8-a72f-639f3eeacbd7', '上');
INSERT INTO `device_extend_values` VALUES ('a64604cf-da2a-416f-a3ae-52255377adba', 'f6b7e1d3-e167-4872-9e6a-0f8bd729f4cc', '78a68ad2-8760-48af-bb5c-a78141ea8d53', '605ce0e7-14a8-4cab-a8ff-cbfd42c79f94', '11.187');
INSERT INTO `device_extend_values` VALUES ('a67bd599-3689-427d-9874-7becae14e1d8', '06a1cc4c-9de5-4e05-9c63-5d868889fbfd', '78a68ad2-8760-48af-bb5c-a78141ea8d53', '3e8f2687-402a-43c7-9cb6-48bf2a0dd5ca', '标准UM71');
INSERT INTO `device_extend_values` VALUES ('a6955354-a6f9-4f5c-affc-42736b6a28e7', 'd5f28991-eafe-472c-b25d-33e6720320fd', '78a68ad2-8760-48af-bb5c-a78141ea8d53', '736b6c1b-7cab-4b4c-ac1b-0ebacbb0385b', '自闭');
INSERT INTO `device_extend_values` VALUES ('a6c852b1-36f9-45da-a50a-d033175f6a3f', '06a1cc4c-9de5-4e05-9c63-5d868889fbfd', '78a68ad2-8760-48af-bb5c-a78141ea8d53', '525a403c-fb78-4b80-b32e-e08026d50ce1', '标准UM71');
INSERT INTO `device_extend_values` VALUES ('a6de2381-4d7b-472c-a6da-ffd671394970', '66390bfd-9f3c-41e1-bb6a-f281dd9953f3', '78a68ad2-8760-48af-bb5c-a78141ea8d53', '8f8e6f68-232d-4024-aebe-f399bcb2baad', '上');
INSERT INTO `device_extend_values` VALUES ('a6eeb176-057e-406f-aac3-f5f50c02aa79', '2f11ce25-0826-4c32-8d90-bf2b140923ef', '78a68ad2-8760-48af-bb5c-a78141ea8d53', 'b81f9e2f-37cf-4f28-80fb-b4d56e57c03b', '2600');
INSERT INTO `device_extend_values` VALUES ('a7115813-246c-4271-8858-2d16bee4f3ae', '180f5a84-169b-4b93-922c-5ada48d52d2f', '78a68ad2-8760-48af-bb5c-a78141ea8d53', '47bc9c79-f29f-4964-8661-6381700b8a43', 'ZPW2000A型无绝缘');
INSERT INTO `device_extend_values` VALUES ('a71ecf6f-6f29-449d-bdda-a3abac2f4105', '180f5a84-169b-4b93-922c-5ada48d52d2f', '78a68ad2-8760-48af-bb5c-a78141ea8d53', '4bbc4641-ec1a-470b-b7e1-be3d9f2e041d', 'ZPW-2000A/K型无绝缘');
INSERT INTO `device_extend_values` VALUES ('a73ad594-efe5-4dfd-afd1-da18543867c2', '2f11ce25-0826-4c32-8d90-bf2b140923ef', '78a68ad2-8760-48af-bb5c-a78141ea8d53', 'f1b6cf95-401d-4e1a-9234-e63f2f614d6e', '2300');
INSERT INTO `device_extend_values` VALUES ('a761f6a0-6865-44ce-9104-ce3ebbe80e60', '66390bfd-9f3c-41e1-bb6a-f281dd9953f3', '78a68ad2-8760-48af-bb5c-a78141ea8d53', 'e26ac8f5-692a-420f-929a-d6343aff7d0e', '上');
INSERT INTO `device_extend_values` VALUES ('a77fef14-460e-4f1e-ac8a-fffd46e6441c', '66390bfd-9f3c-41e1-bb6a-f281dd9953f3', '78a68ad2-8760-48af-bb5c-a78141ea8d53', 'fff9af65-bd8c-4a48-b24c-c13b8b5ab4b5', '上');
INSERT INTO `device_extend_values` VALUES ('a7a99236-ffad-47ae-a5d7-4d95f882e30f', 'f6b7e1d3-e167-4872-9e6a-0f8bd729f4cc', '78a68ad2-8760-48af-bb5c-a78141ea8d53', '890dd5d0-e8ba-4b31-9cf6-3be52172bfc9', '11.928');
INSERT INTO `device_extend_values` VALUES ('a7ae9a8e-41c3-458b-aba2-a10dbef52a71', '06a1cc4c-9de5-4e05-9c63-5d868889fbfd', '78a68ad2-8760-48af-bb5c-a78141ea8d53', 'e13a0b02-7251-45c1-acab-b6fe330fbbcb', '标准UM71');
INSERT INTO `device_extend_values` VALUES ('a7f976ea-1fdb-49c1-a86f-741661bcef22', 'd5f28991-eafe-472c-b25d-33e6720320fd', '78a68ad2-8760-48af-bb5c-a78141ea8d53', 'a6688969-c417-46a9-ae54-46f6f27401b1', '自闭');
INSERT INTO `device_extend_values` VALUES ('a7fb6d02-de34-4c71-ae6e-953a4c870d30', '66390bfd-9f3c-41e1-bb6a-f281dd9953f3', '78a68ad2-8760-48af-bb5c-a78141ea8d53', '43bbcb26-8be3-42a5-a889-4554f31eaeab', '下');
INSERT INTO `device_extend_values` VALUES ('a81d0105-4506-42fd-9bac-f88de137f456', '06a1cc4c-9de5-4e05-9c63-5d868889fbfd', '78a68ad2-8760-48af-bb5c-a78141ea8d53', '061fd1ff-3733-4d09-b17c-4b63407b8ac3', '标准UM71');
INSERT INTO `device_extend_values` VALUES ('a82b124b-ebc3-4708-bc1b-0ffaacac6fd4', '2f11ce25-0826-4c32-8d90-bf2b140923ef', '78a68ad2-8760-48af-bb5c-a78141ea8d53', '61d14973-d344-46dc-a551-af1bf260cd4f', '2000');
INSERT INTO `device_extend_values` VALUES ('a841e302-5419-40d3-a83e-97d46db212e7', '66390bfd-9f3c-41e1-bb6a-f281dd9953f3', '78a68ad2-8760-48af-bb5c-a78141ea8d53', '7954e2f0-8d96-4964-951d-7c20d0f10656', '下');
INSERT INTO `device_extend_values` VALUES ('a8586d35-1755-4aaf-94b7-8dc3fd40c946', '06a1cc4c-9de5-4e05-9c63-5d868889fbfd', '78a68ad2-8760-48af-bb5c-a78141ea8d53', '122e3e36-b486-4b09-b8ba-723491abee09', '标准UM71');
INSERT INTO `device_extend_values` VALUES ('a8774558-061a-4389-9949-f08153c2d673', '06a1cc4c-9de5-4e05-9c63-5d868889fbfd', '78a68ad2-8760-48af-bb5c-a78141ea8d53', 'a6e29ef4-f0a1-4b11-83df-bc9771ae6765', '标准UM71');
INSERT INTO `device_extend_values` VALUES ('a891808a-0460-41cd-aef4-231bb2789e35', '2f11ce25-0826-4c32-8d90-bf2b140923ef', '78a68ad2-8760-48af-bb5c-a78141ea8d53', '525a403c-fb78-4b80-b32e-e08026d50ce1', '2600/2000/2600/ 2000');
INSERT INTO `device_extend_values` VALUES ('a8b7da1c-3b07-4ad4-b228-cb509971f72b', '180f5a84-169b-4b93-922c-5ada48d52d2f', '78a68ad2-8760-48af-bb5c-a78141ea8d53', '25abcc7f-cfb7-4b8a-8964-1239de3aa5d2', 'ZPW-2000A/K型无绝缘');
INSERT INTO `device_extend_values` VALUES ('a8c689b1-d4a1-4b6c-b65a-71a067e08ec2', '66390bfd-9f3c-41e1-bb6a-f281dd9953f3', '78a68ad2-8760-48af-bb5c-a78141ea8d53', '005868dd-4e4a-4be4-8921-41853e6973a8', '上');
INSERT INTO `device_extend_values` VALUES ('a9f75168-820b-44e4-8b59-479bdb382611', '66390bfd-9f3c-41e1-bb6a-f281dd9953f3', '78a68ad2-8760-48af-bb5c-a78141ea8d53', '5142074c-1dcb-4787-b56d-d9f845bac5b1', '下');
INSERT INTO `device_extend_values` VALUES ('aa60c5bc-c923-4423-8558-856e053b07d6', '180f5a84-169b-4b93-922c-5ada48d52d2f', '78a68ad2-8760-48af-bb5c-a78141ea8d53', '081168f0-b382-4613-8575-904330c6112d', 'ZPW-2000A/K型无绝缘');
INSERT INTO `device_extend_values` VALUES ('aa73728e-713f-4dbf-8ebf-958a3ef0a4f1', 'a4936812-d3ef-442d-aaa3-c8a5d2b8f885', '78a68ad2-8760-48af-bb5c-a78141ea8d53', '5efff686-f6a8-474d-996c-648a22499e9c', '通过');
INSERT INTO `device_extend_values` VALUES ('aa7a7aa0-6d73-40e4-9d1d-eaad4f82e413', '2f11ce25-0826-4c32-8d90-bf2b140923ef', '78a68ad2-8760-48af-bb5c-a78141ea8d53', '61f66f8e-1a00-4ee9-82ba-37eac1aa836d', '1700');
INSERT INTO `device_extend_values` VALUES ('aa813aa4-94a9-4fc9-b995-0912b92bd96b', 'a4936812-d3ef-442d-aaa3-c8a5d2b8f885', '78a68ad2-8760-48af-bb5c-a78141ea8d53', '24e0a754-4caf-4c4f-8695-0c3dee608b96', '预告');
INSERT INTO `device_extend_values` VALUES ('aa8afb5f-b6c2-49b8-8ce6-730edccaaf71', 'f6b7e1d3-e167-4872-9e6a-0f8bd729f4cc', '78a68ad2-8760-48af-bb5c-a78141ea8d53', 'aec13fea-0d0f-4f04-ab0e-8abff99a0258', '0.379');
INSERT INTO `device_extend_values` VALUES ('aac9a884-3416-4ff2-926a-0d4b50ec453a', '66390bfd-9f3c-41e1-bb6a-f281dd9953f3', '78a68ad2-8760-48af-bb5c-a78141ea8d53', 'ed57b781-b4d7-405d-9749-36a30685be25', '上');
INSERT INTO `device_extend_values` VALUES ('aad0fec8-8003-4316-9bab-2f3a70f73814', '06a1cc4c-9de5-4e05-9c63-5d868889fbfd', '78a68ad2-8760-48af-bb5c-a78141ea8d53', '655de06c-e5ac-495a-87b2-4475fead91ca', '标准UM71');
INSERT INTO `device_extend_values` VALUES ('ab3429d3-f2a0-4fd2-a0d0-78761ae88e22', 'f6b7e1d3-e167-4872-9e6a-0f8bd729f4cc', '78a68ad2-8760-48af-bb5c-a78141ea8d53', '061fd1ff-3733-4d09-b17c-4b63407b8ac3', '11.928');
INSERT INTO `device_extend_values` VALUES ('abdd5b03-962e-4bd6-a9ef-8aca8370e195', '66390bfd-9f3c-41e1-bb6a-f281dd9953f3', '78a68ad2-8760-48af-bb5c-a78141ea8d53', 'b45978ca-9c49-4bbf-aefc-1d56c7e2cb15', '上');
INSERT INTO `device_extend_values` VALUES ('abf0105b-be1c-473d-a0a6-893740297931', '2f11ce25-0826-4c32-8d90-bf2b140923ef', '78a68ad2-8760-48af-bb5c-a78141ea8d53', 'e439b451-d489-4d8e-bffa-f39acca4c81b', '2600/2000/2600/ 2000');
INSERT INTO `device_extend_values` VALUES ('abfc2fc7-ca18-4fd7-897a-be1da105ad88', 'd5f28991-eafe-472c-b25d-33e6720320fd', '78a68ad2-8760-48af-bb5c-a78141ea8d53', '27a8e7b4-a6da-4eca-89a0-e973a8ad1ddf', '自闭');
INSERT INTO `device_extend_values` VALUES ('ac48bd76-06e1-4c0e-bc9b-2e8f1c8ee04e', 'f6b7e1d3-e167-4872-9e6a-0f8bd729f4cc', '78a68ad2-8760-48af-bb5c-a78141ea8d53', '9e6a448b-4fb5-4d05-a41c-808eb79e88d7', '11.928');
INSERT INTO `device_extend_values` VALUES ('ac4e4089-bbec-487c-9bf3-e6c0177b07b7', 'a4936812-d3ef-442d-aaa3-c8a5d2b8f885', '78a68ad2-8760-48af-bb5c-a78141ea8d53', '58d4bfb2-aa62-4341-ab79-aff2d1091bb3', '通过');
INSERT INTO `device_extend_values` VALUES ('ac9061c5-03bb-4040-9a9b-58cdf0af4265', '180f5a84-169b-4b93-922c-5ada48d52d2f', '78a68ad2-8760-48af-bb5c-a78141ea8d53', '6e860d74-20e2-42a7-8027-046544da24ff', 'ZPW2000A型移频');
INSERT INTO `device_extend_values` VALUES ('aca86a24-58cc-44ea-bd15-98b05767a150', '180f5a84-169b-4b93-922c-5ada48d52d2f', '78a68ad2-8760-48af-bb5c-a78141ea8d53', '9ed2e72e-19b4-40f5-b2be-5bd0458c85ed', 'ZPW-2000A/K型无绝缘');
INSERT INTO `device_extend_values` VALUES ('acb847e8-2959-40cb-bb22-e58eef9d932d', '06a1cc4c-9de5-4e05-9c63-5d868889fbfd', '78a68ad2-8760-48af-bb5c-a78141ea8d53', 'ac7bc05b-3d8b-4953-8c93-62c2968831bc', '标准UM71');
INSERT INTO `device_extend_values` VALUES ('ad149c80-4954-4e1f-a50a-f3ff6e57a050', '66390bfd-9f3c-41e1-bb6a-f281dd9953f3', '78a68ad2-8760-48af-bb5c-a78141ea8d53', '0fb930b5-bb64-43e0-8e22-ba4b556a29c1', '上');
INSERT INTO `device_extend_values` VALUES ('ad33d501-208b-455e-9ac6-a5f51512282b', 'a4936812-d3ef-442d-aaa3-c8a5d2b8f885', '78a68ad2-8760-48af-bb5c-a78141ea8d53', '4bad2b72-5169-40b2-80a4-08c9e38af43a', '进站');
INSERT INTO `device_extend_values` VALUES ('ad586627-ed43-45ef-8a73-fc13472bf6f1', 'a4936812-d3ef-442d-aaa3-c8a5d2b8f885', '78a68ad2-8760-48af-bb5c-a78141ea8d53', 'a3cc4d71-9932-4de2-ad88-1a154ed0ce71', '出站');
INSERT INTO `device_extend_values` VALUES ('ad5e021e-b5c0-4b95-9a0a-4db719527553', '66390bfd-9f3c-41e1-bb6a-f281dd9953f3', '78a68ad2-8760-48af-bb5c-a78141ea8d53', '9eab8f09-c33e-4606-9f8a-cab6c9ed1ed0', '下');
INSERT INTO `device_extend_values` VALUES ('ad8c6439-db1e-44c4-8a4e-3407f83629ae', 'a4936812-d3ef-442d-aaa3-c8a5d2b8f885', '78a68ad2-8760-48af-bb5c-a78141ea8d53', 'dd9996a5-32c9-4089-9e19-18feccd340e8', '出站');
INSERT INTO `device_extend_values` VALUES ('ad8e95c0-28c5-4994-8dfa-61e0ef69ae34', 'd5f28991-eafe-472c-b25d-33e6720320fd', '78a68ad2-8760-48af-bb5c-a78141ea8d53', '5a42ba2f-7e3d-4117-a8b8-e50a5311b8a0', '半自闭');
INSERT INTO `device_extend_values` VALUES ('adeac7d5-743a-49c5-93c6-ce76c59d7539', 'a4936812-d3ef-442d-aaa3-c8a5d2b8f885', '78a68ad2-8760-48af-bb5c-a78141ea8d53', '0e2069c2-b8a7-40cd-9b4a-98a8a62a73da', '逆向进站');
INSERT INTO `device_extend_values` VALUES ('ae20f34e-8220-47af-b152-b618ae661f2f', 'f6b7e1d3-e167-4872-9e6a-0f8bd729f4cc', '78a68ad2-8760-48af-bb5c-a78141ea8d53', 'f03d11a6-702c-4b0e-8849-7676a2355789', '4.906');
INSERT INTO `device_extend_values` VALUES ('ae30ffad-c24b-4e2e-b8ef-9288360fbfd9', 'a4936812-d3ef-442d-aaa3-c8a5d2b8f885', '78a68ad2-8760-48af-bb5c-a78141ea8d53', '731ac4f4-c4fa-41fe-915b-0ea34bf14ac6', '进站');
INSERT INTO `device_extend_values` VALUES ('ae3c4d2c-fbc0-468a-aaa8-8d00b7267f4d', '06a1cc4c-9de5-4e05-9c63-5d868889fbfd', '78a68ad2-8760-48af-bb5c-a78141ea8d53', 'e296a261-ffa3-493d-b298-9ca93bcb426e', '标准UM71');
INSERT INTO `device_extend_values` VALUES ('ae456037-d482-41b5-93c1-27d8eb6f6f17', '06a1cc4c-9de5-4e05-9c63-5d868889fbfd', '78a68ad2-8760-48af-bb5c-a78141ea8d53', '4b6d5bb0-1dd4-4c89-b118-a1a162297690', '标准UM71');
INSERT INTO `device_extend_values` VALUES ('ae7c9957-e9c7-4906-afdb-f2baffeaf955', '06a1cc4c-9de5-4e05-9c63-5d868889fbfd', '78a68ad2-8760-48af-bb5c-a78141ea8d53', '1414cf63-8a76-4c81-a3f0-187ed1c6cd12', '标准UM71');
INSERT INTO `device_extend_values` VALUES ('ae8e16eb-c1eb-4e32-9081-b4eab503dba8', '66390bfd-9f3c-41e1-bb6a-f281dd9953f3', '78a68ad2-8760-48af-bb5c-a78141ea8d53', 'f4a1f9f2-c23e-4c64-a3c5-2b416c82e5ab', '下');
INSERT INTO `device_extend_values` VALUES ('aeaf1bae-acd1-49d8-b90d-956f59cf4b84', '180f5a84-169b-4b93-922c-5ada48d52d2f', '78a68ad2-8760-48af-bb5c-a78141ea8d53', '5142074c-1dcb-4787-b56d-d9f845bac5b1', 'ZPW2000A型移频');
INSERT INTO `device_extend_values` VALUES ('aebce60e-5b5e-45bf-aa84-ecb0e59bbbfa', '180f5a84-169b-4b93-922c-5ada48d52d2f', '78a68ad2-8760-48af-bb5c-a78141ea8d53', '0e2069c2-b8a7-40cd-9b4a-98a8a62a73da', 'ZPW2000A型移频');
INSERT INTO `device_extend_values` VALUES ('aec1bde2-74f0-4f91-b325-f6377c5f40be', 'f6b7e1d3-e167-4872-9e6a-0f8bd729f4cc', '78a68ad2-8760-48af-bb5c-a78141ea8d53', 'eeee548d-b7ed-46d8-a5fb-1f9b84d24ba4', '11.928');
INSERT INTO `device_extend_values` VALUES ('af41681c-f662-4f5e-b2a9-d9cac6153ca7', 'd5f28991-eafe-472c-b25d-33e6720320fd', '78a68ad2-8760-48af-bb5c-a78141ea8d53', '0fb930b5-bb64-43e0-8e22-ba4b556a29c1', '自闭');
INSERT INTO `device_extend_values` VALUES ('af577b59-9b13-4203-bb61-f48dd7e57697', 'd5f28991-eafe-472c-b25d-33e6720320fd', '78a68ad2-8760-48af-bb5c-a78141ea8d53', '5b446ae2-aab3-4880-afd8-e02b36c1813c', '半自闭');
INSERT INTO `device_extend_values` VALUES ('af72a480-3206-42c3-8b11-1e0c60eb98f6', 'd5f28991-eafe-472c-b25d-33e6720320fd', '78a68ad2-8760-48af-bb5c-a78141ea8d53', '9fc85db7-a26e-4f02-b144-68aca2e74063', '半自闭');
INSERT INTO `device_extend_values` VALUES ('afb227eb-ab35-4fef-894f-8f21f54c9d12', '66390bfd-9f3c-41e1-bb6a-f281dd9953f3', '78a68ad2-8760-48af-bb5c-a78141ea8d53', '2a274fd7-bece-40bb-94fc-c278456d1b25', '下');
INSERT INTO `device_extend_values` VALUES ('afbf939d-a986-4c4d-942c-17a19c716dda', '180f5a84-169b-4b93-922c-5ada48d52d2f', '78a68ad2-8760-48af-bb5c-a78141ea8d53', '97ce1be3-db66-423f-b699-3be2e5644307', 'ZPW-2000A/K型无绝缘');
INSERT INTO `device_extend_values` VALUES ('afc26568-2039-4aee-9f08-e02907086ebf', 'a4936812-d3ef-442d-aaa3-c8a5d2b8f885', '78a68ad2-8760-48af-bb5c-a78141ea8d53', '6ff19125-23f2-4546-a65b-797dfd9665c2', '逆向进站');
INSERT INTO `device_extend_values` VALUES ('afc8ac5c-b623-46c2-8bac-3507101ac7c8', '180f5a84-169b-4b93-922c-5ada48d52d2f', '78a68ad2-8760-48af-bb5c-a78141ea8d53', '30bb6a0b-db8f-47fa-9819-b1fce0a26ff7', 'ZPW-2000A/K型无绝缘');
INSERT INTO `device_extend_values` VALUES ('afddc568-5564-46a7-9728-e89d8b6a28f8', '06a1cc4c-9de5-4e05-9c63-5d868889fbfd', '78a68ad2-8760-48af-bb5c-a78141ea8d53', '1c8da941-5438-48c3-8555-facf8f684636', '标准UM71');
INSERT INTO `device_extend_values` VALUES ('aff8f86b-d17b-40bc-b0c8-6cb4517ce6cf', '66390bfd-9f3c-41e1-bb6a-f281dd9953f3', '78a68ad2-8760-48af-bb5c-a78141ea8d53', '17cdce6a-92aa-4239-89fa-cc19515d4826', '下');
INSERT INTO `device_extend_values` VALUES ('aff91371-0158-4570-804d-7549c737ea53', 'a4936812-d3ef-442d-aaa3-c8a5d2b8f885', '78a68ad2-8760-48af-bb5c-a78141ea8d53', 'dc2d324a-9444-4e8c-99b9-09868bcf8259', '预告');
INSERT INTO `device_extend_values` VALUES ('b03c2f87-19a6-4536-9f49-4cc1b39ce7c0', '06a1cc4c-9de5-4e05-9c63-5d868889fbfd', '78a68ad2-8760-48af-bb5c-a78141ea8d53', '39c96f39-b707-44d6-91f6-2fa9d3a3c852', '标准UM71');
INSERT INTO `device_extend_values` VALUES ('b067c05e-6fe5-4f76-a429-6faa378c047e', 'f6b7e1d3-e167-4872-9e6a-0f8bd729f4cc', '78a68ad2-8760-48af-bb5c-a78141ea8d53', '6a69cded-a7ca-4571-a765-1e0f292d9529', '1.231');
INSERT INTO `device_extend_values` VALUES ('b07b50d5-9515-47c1-bc88-e5059f882f3c', '66390bfd-9f3c-41e1-bb6a-f281dd9953f3', '78a68ad2-8760-48af-bb5c-a78141ea8d53', 'dc2d324a-9444-4e8c-99b9-09868bcf8259', '下');
INSERT INTO `device_extend_values` VALUES ('b085f4ac-5aa5-4eac-8cc6-176e4acd26e7', '2f11ce25-0826-4c32-8d90-bf2b140923ef', '78a68ad2-8760-48af-bb5c-a78141ea8d53', '061fd1ff-3733-4d09-b17c-4b63407b8ac3', '2000');
INSERT INTO `device_extend_values` VALUES ('b0b45971-afe8-4ed8-9f9c-fa1e906a2cf7', 'a4936812-d3ef-442d-aaa3-c8a5d2b8f885', '78a68ad2-8760-48af-bb5c-a78141ea8d53', 'cabebf63-9109-4811-9b5b-26a38873bee6', '进站');
INSERT INTO `device_extend_values` VALUES ('b0c71795-c251-4db4-aa71-702fa26585b8', 'f6b7e1d3-e167-4872-9e6a-0f8bd729f4cc', '78a68ad2-8760-48af-bb5c-a78141ea8d53', 'e02eaa13-e38d-449a-aa83-1acd7148d167', '4.906');
INSERT INTO `device_extend_values` VALUES ('b14bca21-5375-4abc-a3c9-e1b1ff5b27f6', '06a1cc4c-9de5-4e05-9c63-5d868889fbfd', '78a68ad2-8760-48af-bb5c-a78141ea8d53', '857c0d01-ec75-4d60-8da9-bbf41fe15b83', '标准UM71');
INSERT INTO `device_extend_values` VALUES ('b15500fa-04e1-41f3-ba2a-ccb82504c0f4', '06a1cc4c-9de5-4e05-9c63-5d868889fbfd', '78a68ad2-8760-48af-bb5c-a78141ea8d53', '45580131-ba36-4694-bb13-08b99e8cabf3', '标准UM71');
INSERT INTO `device_extend_values` VALUES ('b162804f-c630-467a-85d4-eb5e221560e5', '66390bfd-9f3c-41e1-bb6a-f281dd9953f3', '78a68ad2-8760-48af-bb5c-a78141ea8d53', '5f429cbf-b55a-40c7-8e51-0ff657b0d7b1', '上');
INSERT INTO `device_extend_values` VALUES ('b17262ad-99e4-4ee9-b38e-e72fcf2a2102', '06a1cc4c-9de5-4e05-9c63-5d868889fbfd', '78a68ad2-8760-48af-bb5c-a78141ea8d53', '14efa133-c3f7-4df4-a503-0bf6d07eeca3', '标准UM71');
INSERT INTO `device_extend_values` VALUES ('b1758630-c64d-4dd0-96b3-a0c253303cc0', 'd5f28991-eafe-472c-b25d-33e6720320fd', '78a68ad2-8760-48af-bb5c-a78141ea8d53', 'd49cb9a4-c450-4461-b6f2-282bf0d50e80', '自闭');
INSERT INTO `device_extend_values` VALUES ('b19bc018-0785-4d36-9023-aea37a018e35', 'd5f28991-eafe-472c-b25d-33e6720320fd', '78a68ad2-8760-48af-bb5c-a78141ea8d53', '0f2c71e1-7734-4053-8af7-4398b9cdd526', '自闭');
INSERT INTO `device_extend_values` VALUES ('b19c32e2-d679-431e-8579-a6a306e6c9c2', 'd5f28991-eafe-472c-b25d-33e6720320fd', '78a68ad2-8760-48af-bb5c-a78141ea8d53', 'af3a08d9-87eb-49f1-8aad-3f2d37286eb7', '自闭');
INSERT INTO `device_extend_values` VALUES ('b1e29842-4adb-4df6-a20a-e4abe3889c46', '06a1cc4c-9de5-4e05-9c63-5d868889fbfd', '78a68ad2-8760-48af-bb5c-a78141ea8d53', '952dc180-af55-41bf-8688-368fd168ddee', '标准UM71');
INSERT INTO `device_extend_values` VALUES ('b1ef6e2f-4a56-4201-b954-68f1ca8d3fc3', 'f6b7e1d3-e167-4872-9e6a-0f8bd729f4cc', '78a68ad2-8760-48af-bb5c-a78141ea8d53', '5f429cbf-b55a-40c7-8e51-0ff657b0d7b1', '0.376');
INSERT INTO `device_extend_values` VALUES ('b2024b6a-3a7d-4dbc-a329-0abd9792e643', '180f5a84-169b-4b93-922c-5ada48d52d2f', '78a68ad2-8760-48af-bb5c-a78141ea8d53', '3ebda1ff-a823-4ac9-ad96-bd860ebf295e', 'ZPW-2000A/K型无绝缘');
INSERT INTO `device_extend_values` VALUES ('b214ca2a-9f25-4eb9-9034-431e0321a4de', '2f11ce25-0826-4c32-8d90-bf2b140923ef', '78a68ad2-8760-48af-bb5c-a78141ea8d53', '2e1b83ec-19f3-4e11-b3fa-a0b14bebe2eb', '2300');
INSERT INTO `device_extend_values` VALUES ('b2775009-821d-4387-83b9-17bc21781869', 'a4936812-d3ef-442d-aaa3-c8a5d2b8f885', '78a68ad2-8760-48af-bb5c-a78141ea8d53', 'ae3a2bc9-b16d-4ce7-b9a1-7f4dc48f8ed3', '逆向进站');
INSERT INTO `device_extend_values` VALUES ('b2a7d1f6-ded8-4d77-8d27-340723c67a33', 'a4936812-d3ef-442d-aaa3-c8a5d2b8f885', '78a68ad2-8760-48af-bb5c-a78141ea8d53', '258bb62c-18a1-479b-b8f6-d36760bf8dc5', '出站');
INSERT INTO `device_extend_values` VALUES ('b2f6e810-bd19-4bbb-87ad-e217bb528a80', '06a1cc4c-9de5-4e05-9c63-5d868889fbfd', '78a68ad2-8760-48af-bb5c-a78141ea8d53', 'fff9af65-bd8c-4a48-b24c-c13b8b5ab4b5', '标准UM71');
INSERT INTO `device_extend_values` VALUES ('b363e2a6-eea7-41a2-8b72-7d4ffe2cc945', 'f6b7e1d3-e167-4872-9e6a-0f8bd729f4cc', '78a68ad2-8760-48af-bb5c-a78141ea8d53', '61d21af0-e7b6-40d1-95eb-ebc0961889b3', '1.026');
INSERT INTO `device_extend_values` VALUES ('b3792432-2b21-42a1-9945-89e1577156e0', '180f5a84-169b-4b93-922c-5ada48d52d2f', '78a68ad2-8760-48af-bb5c-a78141ea8d53', '605ce0e7-14a8-4cab-a8ff-cbfd42c79f94', 'ZPW2000A型无绝缘');
INSERT INTO `device_extend_values` VALUES ('b37fbf66-9e88-4069-8313-adc5f9d1e301', '2f11ce25-0826-4c32-8d90-bf2b140923ef', '78a68ad2-8760-48af-bb5c-a78141ea8d53', '6a69cded-a7ca-4571-a765-1e0f292d9529', '2000');
INSERT INTO `device_extend_values` VALUES ('b385a8ff-4ae5-4b39-8f18-6bf466cb8581', '180f5a84-169b-4b93-922c-5ada48d52d2f', '78a68ad2-8760-48af-bb5c-a78141ea8d53', 'b9f84491-f89f-4b40-a193-531304484c0a', 'ZPW2000A型移频');
INSERT INTO `device_extend_values` VALUES ('b3bb5abd-cb3e-449f-8f7e-86be6a2cdee6', '06a1cc4c-9de5-4e05-9c63-5d868889fbfd', '78a68ad2-8760-48af-bb5c-a78141ea8d53', 'f1b6cf95-401d-4e1a-9234-e63f2f614d6e', '标准UM71');
INSERT INTO `device_extend_values` VALUES ('b3e21ad2-c75b-435f-9f8d-dd8939c0fcfe', 'a4936812-d3ef-442d-aaa3-c8a5d2b8f885', '78a68ad2-8760-48af-bb5c-a78141ea8d53', '3e8f2687-402a-43c7-9cb6-48bf2a0dd5ca', '出站');
INSERT INTO `device_extend_values` VALUES ('b3fc0b29-ce0e-4dd3-8826-326641686ba7', '06a1cc4c-9de5-4e05-9c63-5d868889fbfd', '78a68ad2-8760-48af-bb5c-a78141ea8d53', '9abd0a3c-e655-4105-85c7-38aec93787d3', '标准UM71');
INSERT INTO `device_extend_values` VALUES ('b40bebc2-e584-4d9f-8961-b0042c118766', '2f11ce25-0826-4c32-8d90-bf2b140923ef', '78a68ad2-8760-48af-bb5c-a78141ea8d53', '25abcc7f-cfb7-4b8a-8964-1239de3aa5d2', '2600');
INSERT INTO `device_extend_values` VALUES ('b441b40c-cce7-4f69-8986-dc9928b152c3', '06a1cc4c-9de5-4e05-9c63-5d868889fbfd', '78a68ad2-8760-48af-bb5c-a78141ea8d53', 'd7def4c6-9878-4616-af7e-5eb29f9197bd', '标准UM71');
INSERT INTO `device_extend_values` VALUES ('b44d13ab-8c2b-4e8d-b822-8daa41186a74', '180f5a84-169b-4b93-922c-5ada48d52d2f', '78a68ad2-8760-48af-bb5c-a78141ea8d53', '573ebb30-a05a-47fc-ba26-e332cc7f91b0', 'ZPW2000A型移频');
INSERT INTO `device_extend_values` VALUES ('b460be56-50de-4e7e-94a1-0288a9f4ca43', 'f6b7e1d3-e167-4872-9e6a-0f8bd729f4cc', '78a68ad2-8760-48af-bb5c-a78141ea8d53', 'e26ac8f5-692a-420f-929a-d6343aff7d0e', '1.026');
INSERT INTO `device_extend_values` VALUES ('b46c880f-3f15-4e73-9e97-4a43c8039b12', '06a1cc4c-9de5-4e05-9c63-5d868889fbfd', '78a68ad2-8760-48af-bb5c-a78141ea8d53', '26ccbed6-8414-4852-a130-233bc18c533c', '标准UM71');
INSERT INTO `device_extend_values` VALUES ('b4f046e2-fd8e-43fd-8c19-000bda6e0738', 'd5f28991-eafe-472c-b25d-33e6720320fd', '78a68ad2-8760-48af-bb5c-a78141ea8d53', '9ae9a19d-3ab3-4354-849e-43a515843a30', '半自闭');
INSERT INTO `device_extend_values` VALUES ('b501059c-89ce-4e71-aaaa-525e8db928b6', '180f5a84-169b-4b93-922c-5ada48d52d2f', '78a68ad2-8760-48af-bb5c-a78141ea8d53', 'c159f448-7c07-45a6-97fa-26a8b0d7ebf7', 'ZPW-2000A/K型无绝缘');
INSERT INTO `device_extend_values` VALUES ('b5347e85-0864-4e9b-93d1-cd393d04af01', 'f6b7e1d3-e167-4872-9e6a-0f8bd729f4cc', '78a68ad2-8760-48af-bb5c-a78141ea8d53', 'd0fe9754-2154-483b-84ba-bf1df766e400', '2.06');
INSERT INTO `device_extend_values` VALUES ('b54b9467-8c1e-4524-9e56-cbad6d8c0df0', 'd5f28991-eafe-472c-b25d-33e6720320fd', '78a68ad2-8760-48af-bb5c-a78141ea8d53', '92e11cec-ff2d-4851-a73b-dccb41aca49f', '自闭');
INSERT INTO `device_extend_values` VALUES ('b54d4562-90b0-4c93-8e32-327cd0fbc1a2', 'f6b7e1d3-e167-4872-9e6a-0f8bd729f4cc', '78a68ad2-8760-48af-bb5c-a78141ea8d53', 'b64ecf61-9139-48a7-abd5-5ed1cee8cfe7', '4.906');
INSERT INTO `device_extend_values` VALUES ('b559e197-3420-47ab-9da2-be35e419bae4', '180f5a84-169b-4b93-922c-5ada48d52d2f', '78a68ad2-8760-48af-bb5c-a78141ea8d53', '14050a25-427b-42c2-90dd-466df82fe217', 'ZPW2000A型移频');
INSERT INTO `device_extend_values` VALUES ('b57377f2-9b8c-4b76-97af-06f74eac103e', 'a4936812-d3ef-442d-aaa3-c8a5d2b8f885', '78a68ad2-8760-48af-bb5c-a78141ea8d53', '5b446ae2-aab3-4880-afd8-e02b36c1813c', '出站');
INSERT INTO `device_extend_values` VALUES ('b57a3460-5835-4737-bffc-a94e31ec8481', '2f11ce25-0826-4c32-8d90-bf2b140923ef', '78a68ad2-8760-48af-bb5c-a78141ea8d53', 'd49cb9a4-c450-4461-b6f2-282bf0d50e80', '1700');
INSERT INTO `device_extend_values` VALUES ('b586553f-4b2c-40ec-b2cc-37a3a94d8b31', '66390bfd-9f3c-41e1-bb6a-f281dd9953f3', '78a68ad2-8760-48af-bb5c-a78141ea8d53', '521a7fd8-e091-4362-83ed-bc7db58b027a', '下');
INSERT INTO `device_extend_values` VALUES ('b59bfca8-4078-4bb6-8a10-c0f77003da77', '2f11ce25-0826-4c32-8d90-bf2b140923ef', '78a68ad2-8760-48af-bb5c-a78141ea8d53', 'a6688969-c417-46a9-ae54-46f6f27401b1', '2600');
INSERT INTO `device_extend_values` VALUES ('b5c309f5-94d8-4cf2-9efb-765a3bfa7d40', 'd5f28991-eafe-472c-b25d-33e6720320fd', '78a68ad2-8760-48af-bb5c-a78141ea8d53', '61d14973-d344-46dc-a551-af1bf260cd4f', '半自闭');
INSERT INTO `device_extend_values` VALUES ('b5e9bc3a-d679-49d9-af86-8af1efb89dc7', '06a1cc4c-9de5-4e05-9c63-5d868889fbfd', '78a68ad2-8760-48af-bb5c-a78141ea8d53', '1385f7f6-0393-492c-9f91-ea5488824ead', '标准UM71');
INSERT INTO `device_extend_values` VALUES ('b65ef7d7-ad79-40cc-92bc-0c383d021098', '180f5a84-169b-4b93-922c-5ada48d52d2f', '78a68ad2-8760-48af-bb5c-a78141ea8d53', 'cf6f18a7-5b83-40b7-87b4-f6d5ed5ebf97', 'ZPW2000A型移频');
INSERT INTO `device_extend_values` VALUES ('b74a1cac-42c6-45f1-9fae-b5d9ea1819e7', '06a1cc4c-9de5-4e05-9c63-5d868889fbfd', '78a68ad2-8760-48af-bb5c-a78141ea8d53', '0992352d-545f-4d35-a25a-b83286464692', '标准UM71');
INSERT INTO `device_extend_values` VALUES ('b7502911-1656-40ee-876e-7da62a055e1e', '06a1cc4c-9de5-4e05-9c63-5d868889fbfd', '78a68ad2-8760-48af-bb5c-a78141ea8d53', '5fc4150b-56b1-4994-82c4-f011001e0f11', '标准UM71');
INSERT INTO `device_extend_values` VALUES ('b75274c9-530d-4657-a491-52de87f19a9e', '66390bfd-9f3c-41e1-bb6a-f281dd9953f3', '78a68ad2-8760-48af-bb5c-a78141ea8d53', '9311ec4c-9b65-4d2a-8bc9-2c0ce9b54b81', '下');
INSERT INTO `device_extend_values` VALUES ('b78072ce-7fa1-4140-96ea-3497be7f31fa', 'f6b7e1d3-e167-4872-9e6a-0f8bd729f4cc', '78a68ad2-8760-48af-bb5c-a78141ea8d53', '736b6c1b-7cab-4b4c-ac1b-0ebacbb0385b', '1.029');
INSERT INTO `device_extend_values` VALUES ('b7c1470e-e93b-4acf-9305-b48b2bd8836e', '2f11ce25-0826-4c32-8d90-bf2b140923ef', '78a68ad2-8760-48af-bb5c-a78141ea8d53', '453cc174-242a-4ec4-9fee-86db8a78069e', '2300');
INSERT INTO `device_extend_values` VALUES ('b81904e1-a91d-4c9f-96a6-31aad7f16576', '06a1cc4c-9de5-4e05-9c63-5d868889fbfd', '78a68ad2-8760-48af-bb5c-a78141ea8d53', '5555741e-d2ed-4757-9889-0e674cfc43a7', '标准UM71');
INSERT INTO `device_extend_values` VALUES ('b8669f5f-7a09-400c-b282-e31ba05aeb2d', '2f11ce25-0826-4c32-8d90-bf2b140923ef', '78a68ad2-8760-48af-bb5c-a78141ea8d53', '4f40aad2-b49a-4ee5-ae7f-6eac2ec649ea', '1700/2300/1700/ 2300/1700');
INSERT INTO `device_extend_values` VALUES ('b86ffd44-934f-4cdf-9507-9343176cc332', 'd5f28991-eafe-472c-b25d-33e6720320fd', '78a68ad2-8760-48af-bb5c-a78141ea8d53', '605ce0e7-14a8-4cab-a8ff-cbfd42c79f94', '自闭');
INSERT INTO `device_extend_values` VALUES ('b882c5ea-c595-4561-b963-485ac0baccb5', 'f6b7e1d3-e167-4872-9e6a-0f8bd729f4cc', '78a68ad2-8760-48af-bb5c-a78141ea8d53', '7c1af819-d9cd-4a79-a750-ec83690f52f0', '0.379');
INSERT INTO `device_extend_values` VALUES ('b88808a2-d629-4980-ab85-cf4c46212694', 'd5f28991-eafe-472c-b25d-33e6720320fd', '78a68ad2-8760-48af-bb5c-a78141ea8d53', '250ff211-be54-4975-8862-95afe1e40621', '自闭');
INSERT INTO `device_extend_values` VALUES ('b895f101-1eea-43d3-a7c1-a745f6d16690', 'f6b7e1d3-e167-4872-9e6a-0f8bd729f4cc', '78a68ad2-8760-48af-bb5c-a78141ea8d53', 'e68e7ce0-a7c0-4617-8f37-d75e0e01a85c', '1.221');
INSERT INTO `device_extend_values` VALUES ('b8f4a1f7-d8a0-467a-95d8-0a94affc5df1', 'f6b7e1d3-e167-4872-9e6a-0f8bd729f4cc', '78a68ad2-8760-48af-bb5c-a78141ea8d53', 'dd9996a5-32c9-4089-9e19-18feccd340e8', '0.379');
INSERT INTO `device_extend_values` VALUES ('b92f09c0-6c4d-447d-884d-0a9bf3bca1cd', 'f6b7e1d3-e167-4872-9e6a-0f8bd729f4cc', '78a68ad2-8760-48af-bb5c-a78141ea8d53', '126bf284-6d56-4185-8d8d-c922d0478491', '1.026');
INSERT INTO `device_extend_values` VALUES ('b9a1e146-b0f6-48d3-8043-6e5afadba475', 'a4936812-d3ef-442d-aaa3-c8a5d2b8f885', '78a68ad2-8760-48af-bb5c-a78141ea8d53', '0992352d-545f-4d35-a25a-b83286464692', '预告');
INSERT INTO `device_extend_values` VALUES ('b9db9c66-b788-4876-8636-e2fdc68e971b', 'f6b7e1d3-e167-4872-9e6a-0f8bd729f4cc', '78a68ad2-8760-48af-bb5c-a78141ea8d53', '005868dd-4e4a-4be4-8921-41853e6973a8', '0.376');
INSERT INTO `device_extend_values` VALUES ('b9f08c06-cc6b-447a-9e59-b4adb7712979', '180f5a84-169b-4b93-922c-5ada48d52d2f', '78a68ad2-8760-48af-bb5c-a78141ea8d53', '7386032c-a652-407b-baa5-25ddefb08fe1', 'ZPW-2000A/K型无绝缘');
INSERT INTO `device_extend_values` VALUES ('ba3af453-e116-46ec-8af5-7df884405f4e', 'f6b7e1d3-e167-4872-9e6a-0f8bd729f4cc', '78a68ad2-8760-48af-bb5c-a78141ea8d53', '054af2f3-6e77-4540-b868-f44f6f27ccd5', '11.928');
INSERT INTO `device_extend_values` VALUES ('ba63187f-6a48-4c39-86db-e94ba9f08641', 'f6b7e1d3-e167-4872-9e6a-0f8bd729f4cc', '78a68ad2-8760-48af-bb5c-a78141ea8d53', '8eb8e125-909a-40ba-844a-5c12527fb596', '2.06');
INSERT INTO `device_extend_values` VALUES ('ba88a50f-8229-4daf-827f-8dea68084a81', '06a1cc4c-9de5-4e05-9c63-5d868889fbfd', '78a68ad2-8760-48af-bb5c-a78141ea8d53', 'aec13fea-0d0f-4f04-ab0e-8abff99a0258', '标准UM71');
INSERT INTO `device_extend_values` VALUES ('ba8dfa61-77cb-4840-a1fc-864a4028155e', 'a4936812-d3ef-442d-aaa3-c8a5d2b8f885', '78a68ad2-8760-48af-bb5c-a78141ea8d53', '14efa133-c3f7-4df4-a503-0bf6d07eeca3', '出站');
INSERT INTO `device_extend_values` VALUES ('bad3ed01-fe17-436f-9a31-3482bb8b4bec', 'f6b7e1d3-e167-4872-9e6a-0f8bd729f4cc', '78a68ad2-8760-48af-bb5c-a78141ea8d53', 'a4cd9c8d-b684-4ca1-a24a-f6de08ea6d3e', '3.035');
INSERT INTO `device_extend_values` VALUES ('bb1decdf-16f8-4e75-9470-e0d9edbbec1f', 'a4936812-d3ef-442d-aaa3-c8a5d2b8f885', '78a68ad2-8760-48af-bb5c-a78141ea8d53', '53a37501-f2ad-4aaa-b35b-461b3609ff0f', '通过');
INSERT INTO `device_extend_values` VALUES ('bb5a9f99-bc67-47ca-a993-5eb82c2d8b04', 'd5f28991-eafe-472c-b25d-33e6720320fd', '78a68ad2-8760-48af-bb5c-a78141ea8d53', 'a13b50ff-981e-488e-b9d7-4cab796d3545', '自闭');
INSERT INTO `device_extend_values` VALUES ('bb77d52a-8c10-4568-89f6-99544ab902ec', 'f6b7e1d3-e167-4872-9e6a-0f8bd729f4cc', '78a68ad2-8760-48af-bb5c-a78141ea8d53', '3c3efd88-fc3d-4969-b4de-47582a9b9755', '11.928');
INSERT INTO `device_extend_values` VALUES ('bbbaa832-4660-472d-a8db-71964fa4e7e9', '06a1cc4c-9de5-4e05-9c63-5d868889fbfd', '78a68ad2-8760-48af-bb5c-a78141ea8d53', '56f521bb-a308-4100-b91a-d685e8f6c74d', '标准UM71');
INSERT INTO `device_extend_values` VALUES ('bbc8c134-2c13-41aa-a4b5-aa859167d37a', 'd5f28991-eafe-472c-b25d-33e6720320fd', '78a68ad2-8760-48af-bb5c-a78141ea8d53', '126bf284-6d56-4185-8d8d-c922d0478491', '自闭');
INSERT INTO `device_extend_values` VALUES ('bbc9b77d-df88-4f7a-99b7-20e2041fe539', '2f11ce25-0826-4c32-8d90-bf2b140923ef', '78a68ad2-8760-48af-bb5c-a78141ea8d53', 'dc2d324a-9444-4e8c-99b9-09868bcf8259', '1700');
INSERT INTO `device_extend_values` VALUES ('bbe7121e-55c4-4ad4-8e6a-cf5611386b47', 'f6b7e1d3-e167-4872-9e6a-0f8bd729f4cc', '78a68ad2-8760-48af-bb5c-a78141ea8d53', '2dc5d2c3-828f-4982-9708-a9738120c24a', '1.231');
INSERT INTO `device_extend_values` VALUES ('bbe9d4e2-382a-4939-be05-e44e3e9827cd', '2f11ce25-0826-4c32-8d90-bf2b140923ef', '78a68ad2-8760-48af-bb5c-a78141ea8d53', 'd8cd384d-903b-403a-b10b-5a2103da5d91', '2000/2600');
INSERT INTO `device_extend_values` VALUES ('bc01428d-27a8-481f-93c8-7b30cd6cd216', 'a4936812-d3ef-442d-aaa3-c8a5d2b8f885', '78a68ad2-8760-48af-bb5c-a78141ea8d53', '250f4332-7ebc-4bb6-8baf-c72878ee0c95', '出站');
INSERT INTO `device_extend_values` VALUES ('bc1b0a85-2894-4b9a-8c2f-2640b2df9b41', '180f5a84-169b-4b93-922c-5ada48d52d2f', '78a68ad2-8760-48af-bb5c-a78141ea8d53', 'dd9996a5-32c9-4089-9e19-18feccd340e8', 'ZPW-2000A/K型无绝缘');
INSERT INTO `device_extend_values` VALUES ('bc3cc6a8-0076-446a-abdb-584bdd56e514', '06a1cc4c-9de5-4e05-9c63-5d868889fbfd', '78a68ad2-8760-48af-bb5c-a78141ea8d53', 'dc2d324a-9444-4e8c-99b9-09868bcf8259', '标准UM71');
INSERT INTO `device_extend_values` VALUES ('bc999171-a394-4ee2-b028-3d9ab0a9dd11', 'a4936812-d3ef-442d-aaa3-c8a5d2b8f885', '78a68ad2-8760-48af-bb5c-a78141ea8d53', 'b45978ca-9c49-4bbf-aefc-1d56c7e2cb15', '通过');
INSERT INTO `device_extend_values` VALUES ('bcb2f8f8-beac-462f-b316-4991c72a6d35', '180f5a84-169b-4b93-922c-5ada48d52d2f', '78a68ad2-8760-48af-bb5c-a78141ea8d53', '56f521bb-a308-4100-b91a-d685e8f6c74d', 'ZPW-2000A/K型无绝缘');
INSERT INTO `device_extend_values` VALUES ('bd43360c-002e-4cea-aba2-110864e2e6b8', 'd5f28991-eafe-472c-b25d-33e6720320fd', '78a68ad2-8760-48af-bb5c-a78141ea8d53', '258bb62c-18a1-479b-b8f6-d36760bf8dc5', '半自闭');
INSERT INTO `device_extend_values` VALUES ('bd6e1379-fd1b-4721-bb54-79ec6ed88280', '180f5a84-169b-4b93-922c-5ada48d52d2f', '78a68ad2-8760-48af-bb5c-a78141ea8d53', 'f9841af1-781e-4a0a-b1f1-06147d7ffa57', 'ZPW2000A型无绝缘');
INSERT INTO `device_extend_values` VALUES ('bd8e8d43-91e7-4d19-9638-3367b321140c', '2f11ce25-0826-4c32-8d90-bf2b140923ef', '78a68ad2-8760-48af-bb5c-a78141ea8d53', 'd0fe9754-2154-483b-84ba-bf1df766e400', '1700/2300/1700/ 2300/1700');
INSERT INTO `device_extend_values` VALUES ('bd8fbb48-16ae-4caa-93fa-b412c461b5fa', '2f11ce25-0826-4c32-8d90-bf2b140923ef', '78a68ad2-8760-48af-bb5c-a78141ea8d53', 'c226bb5a-c50b-489d-abb3-16dd95e393f7', '2000');
INSERT INTO `device_extend_values` VALUES ('bd997e3b-39ac-440c-8bd9-aea1540b499d', 'f6b7e1d3-e167-4872-9e6a-0f8bd729f4cc', '78a68ad2-8760-48af-bb5c-a78141ea8d53', 'f11ea74f-3bf3-4494-8578-987a00a6f8bd', '0.379');
INSERT INTO `device_extend_values` VALUES ('bdf1c011-d2a6-46a3-b7af-fc371682c3aa', '2f11ce25-0826-4c32-8d90-bf2b140923ef', '78a68ad2-8760-48af-bb5c-a78141ea8d53', 'e296a261-ffa3-493d-b298-9ca93bcb426e', '2000');
INSERT INTO `device_extend_values` VALUES ('be019c80-80d0-4fee-a381-b908fb817d62', '06a1cc4c-9de5-4e05-9c63-5d868889fbfd', '78a68ad2-8760-48af-bb5c-a78141ea8d53', '5f429cbf-b55a-40c7-8e51-0ff657b0d7b1', '标准UM71');
INSERT INTO `device_extend_values` VALUES ('be4885a8-cafe-4c8a-9d1c-d92653db96b8', 'd5f28991-eafe-472c-b25d-33e6720320fd', '78a68ad2-8760-48af-bb5c-a78141ea8d53', '5c21acab-72a6-4ffa-9d84-13e31b8ac771', '自闭');
INSERT INTO `device_extend_values` VALUES ('be6341d3-bed6-43b0-8130-06c71079baef', '06a1cc4c-9de5-4e05-9c63-5d868889fbfd', '78a68ad2-8760-48af-bb5c-a78141ea8d53', '7c1af819-d9cd-4a79-a750-ec83690f52f0', '标准UM71');
INSERT INTO `device_extend_values` VALUES ('be7a1ac5-8683-4f39-9387-0f004d2b1b41', '66390bfd-9f3c-41e1-bb6a-f281dd9953f3', '78a68ad2-8760-48af-bb5c-a78141ea8d53', '91bd64cb-d8de-4b3d-8d50-3453f5c8f063', '上');
INSERT INTO `device_extend_values` VALUES ('bed078cd-3381-409e-99a0-c718289c45d6', 'd5f28991-eafe-472c-b25d-33e6720320fd', '78a68ad2-8760-48af-bb5c-a78141ea8d53', '54e33d4f-87f5-44a3-8e13-319b19cbbd5e', '自闭');
INSERT INTO `device_extend_values` VALUES ('bf59edb1-2c43-4f61-8392-5bbd8e401550', 'a4936812-d3ef-442d-aaa3-c8a5d2b8f885', '78a68ad2-8760-48af-bb5c-a78141ea8d53', '9e6a448b-4fb5-4d05-a41c-808eb79e88d7', '逆向进站');
INSERT INTO `device_extend_values` VALUES ('bf6ad0aa-789a-419e-bc56-efa68893a361', '66390bfd-9f3c-41e1-bb6a-f281dd9953f3', '78a68ad2-8760-48af-bb5c-a78141ea8d53', 'f03d11a6-702c-4b0e-8849-7676a2355789', '上');
INSERT INTO `device_extend_values` VALUES ('bf81303d-5019-4309-9492-e3c1f2231e7f', '2f11ce25-0826-4c32-8d90-bf2b140923ef', '78a68ad2-8760-48af-bb5c-a78141ea8d53', 'c579b1ba-fce1-4900-b84b-7b42d35d5da9', '2000');
INSERT INTO `device_extend_values` VALUES ('bfb692ba-13cc-4f2d-967f-ce1eda1269ce', 'f6b7e1d3-e167-4872-9e6a-0f8bd729f4cc', '78a68ad2-8760-48af-bb5c-a78141ea8d53', 'b9e7e97d-3d33-428f-a8b0-444a5c7eb40d', '11.928');
INSERT INTO `device_extend_values` VALUES ('bfdde5dd-59ad-4f45-a1a2-70231e16619b', 'a4936812-d3ef-442d-aaa3-c8a5d2b8f885', '78a68ad2-8760-48af-bb5c-a78141ea8d53', 'd4ba96fc-264d-467b-ad73-32e14404c089', '出站');
INSERT INTO `device_extend_values` VALUES ('bff674f8-ed0d-4ebf-b666-459bc4c00175', 'f6b7e1d3-e167-4872-9e6a-0f8bd729f4cc', '78a68ad2-8760-48af-bb5c-a78141ea8d53', '857c0d01-ec75-4d60-8da9-bbf41fe15b83', '2.06');
INSERT INTO `device_extend_values` VALUES ('c06b1cfd-9717-43ca-87d9-ac79c25c6022', '06a1cc4c-9de5-4e05-9c63-5d868889fbfd', '78a68ad2-8760-48af-bb5c-a78141ea8d53', 'e6570b28-9f24-4447-8641-3158f7c4bcec', '标准UM71');
INSERT INTO `device_extend_values` VALUES ('c0a52fbb-3683-478d-a45b-4e90f9df2be3', 'a4936812-d3ef-442d-aaa3-c8a5d2b8f885', '78a68ad2-8760-48af-bb5c-a78141ea8d53', '453cc174-242a-4ec4-9fee-86db8a78069e', '出站');
INSERT INTO `device_extend_values` VALUES ('c0b6638c-7dd7-4e3a-9044-f0121d2c91e3', '2f11ce25-0826-4c32-8d90-bf2b140923ef', '78a68ad2-8760-48af-bb5c-a78141ea8d53', '7d9d4989-4bcf-4148-8cff-e10a7094186e', '1700');
INSERT INTO `device_extend_values` VALUES ('c0f54b06-de29-47a4-b2a3-aa3921313725', 'f6b7e1d3-e167-4872-9e6a-0f8bd729f4cc', '78a68ad2-8760-48af-bb5c-a78141ea8d53', 'fe9e1f02-7db8-473e-97c6-ba77e92a0718', '0.376');
INSERT INTO `device_extend_values` VALUES ('c109f822-cc26-4575-9026-006a7801c7e6', '180f5a84-169b-4b93-922c-5ada48d52d2f', '78a68ad2-8760-48af-bb5c-a78141ea8d53', '45580131-ba36-4694-bb13-08b99e8cabf3', 'ZPW-2000A/K型无绝缘');
INSERT INTO `device_extend_values` VALUES ('c11242a8-b655-4bc3-b3aa-ff0b856f9426', 'a4936812-d3ef-442d-aaa3-c8a5d2b8f885', '78a68ad2-8760-48af-bb5c-a78141ea8d53', '19db4474-2e09-4988-9710-d805dd622318', '出站');
INSERT INTO `device_extend_values` VALUES ('c12493c5-4995-44e0-861a-b7016da04bc8', '66390bfd-9f3c-41e1-bb6a-f281dd9953f3', '78a68ad2-8760-48af-bb5c-a78141ea8d53', 'c579b1ba-fce1-4900-b84b-7b42d35d5da9', '上');
INSERT INTO `device_extend_values` VALUES ('c12bc52b-202d-43f0-bcf5-c6f9d58b3941', 'a4936812-d3ef-442d-aaa3-c8a5d2b8f885', '78a68ad2-8760-48af-bb5c-a78141ea8d53', '30bb6a0b-db8f-47fa-9819-b1fce0a26ff7', '进站');
INSERT INTO `device_extend_values` VALUES ('c1316128-cda6-44d4-85b9-eeab18695fb3', 'a4936812-d3ef-442d-aaa3-c8a5d2b8f885', '78a68ad2-8760-48af-bb5c-a78141ea8d53', '0aae4978-a20f-4c7a-ad87-92c34b9c06f7', '逆向进站');
INSERT INTO `device_extend_values` VALUES ('c1558799-b338-43a2-8538-12e77c01052c', 'f6b7e1d3-e167-4872-9e6a-0f8bd729f4cc', '78a68ad2-8760-48af-bb5c-a78141ea8d53', '0aae4978-a20f-4c7a-ad87-92c34b9c06f7', '11.928');
INSERT INTO `device_extend_values` VALUES ('c1bbe20a-38a1-4a80-824d-ed5f5ef96c0f', 'd5f28991-eafe-472c-b25d-33e6720320fd', '78a68ad2-8760-48af-bb5c-a78141ea8d53', '655de06c-e5ac-495a-87b2-4475fead91ca', '自闭');
INSERT INTO `device_extend_values` VALUES ('c1c0b0c2-80ac-4d90-9f28-4d47d34157ae', '180f5a84-169b-4b93-922c-5ada48d52d2f', '78a68ad2-8760-48af-bb5c-a78141ea8d53', '854a3509-e185-4d2b-9aa3-1299afb30913', 'ZPW-2000A/K型无绝缘');
INSERT INTO `device_extend_values` VALUES ('c1cb229f-9d96-45eb-9819-69bf634701ae', 'd5f28991-eafe-472c-b25d-33e6720320fd', '78a68ad2-8760-48af-bb5c-a78141ea8d53', '41986435-f62b-4dec-adef-ee3777604bc7', '自闭');
INSERT INTO `device_extend_values` VALUES ('c1cd65cc-46d3-4be9-8fe3-b015398ce606', 'a4936812-d3ef-442d-aaa3-c8a5d2b8f885', '78a68ad2-8760-48af-bb5c-a78141ea8d53', 'f11ea74f-3bf3-4494-8578-987a00a6f8bd', '出站');
INSERT INTO `device_extend_values` VALUES ('c1debb46-9ea9-448e-9dfe-24cf6767665e', '06a1cc4c-9de5-4e05-9c63-5d868889fbfd', '78a68ad2-8760-48af-bb5c-a78141ea8d53', 'd4ba96fc-264d-467b-ad73-32e14404c089', '标准UM71');
INSERT INTO `device_extend_values` VALUES ('c214e609-de0e-449d-9b47-9a71c3887f75', 'd5f28991-eafe-472c-b25d-33e6720320fd', '78a68ad2-8760-48af-bb5c-a78141ea8d53', '9eab8f09-c33e-4606-9f8a-cab6c9ed1ed0', '自闭');
INSERT INTO `device_extend_values` VALUES ('c25c4242-f2c8-4b66-b01f-29c0b60b4604', '2f11ce25-0826-4c32-8d90-bf2b140923ef', '78a68ad2-8760-48af-bb5c-a78141ea8d53', 'c51cc472-5484-4f82-8c8a-8f56c09e02d4', '1700/2300/1700/ 2300/1700');
INSERT INTO `device_extend_values` VALUES ('c2b69615-5570-46e8-9a18-4adbe8b0e111', '180f5a84-169b-4b93-922c-5ada48d52d2f', '78a68ad2-8760-48af-bb5c-a78141ea8d53', 'f3b137e8-9e57-410c-a862-e8079e03da99', 'ZPW-2000A/K型无绝缘');
INSERT INTO `device_extend_values` VALUES ('c2dba0ff-127e-41e3-a1d3-84af3f27d2b3', 'd5f28991-eafe-472c-b25d-33e6720320fd', '78a68ad2-8760-48af-bb5c-a78141ea8d53', 'c159f448-7c07-45a6-97fa-26a8b0d7ebf7', '半自闭');
INSERT INTO `device_extend_values` VALUES ('c2eb8d10-ac5d-4777-bdd4-ce44894e0ccd', '180f5a84-169b-4b93-922c-5ada48d52d2f', '78a68ad2-8760-48af-bb5c-a78141ea8d53', 'f3fe5f36-6f3d-430b-8fc0-79236633be1d', 'ZPW2000A型移频');
INSERT INTO `device_extend_values` VALUES ('c2f38fbe-0d7e-48e4-a5a4-273e3d3369f1', 'd5f28991-eafe-472c-b25d-33e6720320fd', '78a68ad2-8760-48af-bb5c-a78141ea8d53', 'bf68632a-d9ae-45d8-a1ad-162aa750c785', '半自闭');
INSERT INTO `device_extend_values` VALUES ('c3061f97-d10d-43ab-a759-2bf1e41aa5c4', 'f6b7e1d3-e167-4872-9e6a-0f8bd729f4cc', '78a68ad2-8760-48af-bb5c-a78141ea8d53', '55baaa24-655e-4e35-b104-8c86c6b68f5b', '11.187');
INSERT INTO `device_extend_values` VALUES ('c3200ac7-cd4b-42b4-8acf-4391b90cddbe', '2f11ce25-0826-4c32-8d90-bf2b140923ef', '78a68ad2-8760-48af-bb5c-a78141ea8d53', '24e0a754-4caf-4c4f-8695-0c3dee608b96', '1700');
INSERT INTO `device_extend_values` VALUES ('c345163f-b6a3-4e55-840e-146befc8faa1', '180f5a84-169b-4b93-922c-5ada48d52d2f', '78a68ad2-8760-48af-bb5c-a78141ea8d53', '66910858-bf06-4378-bebb-1806d2214db6', 'ZPW2000A型移频');
INSERT INTO `device_extend_values` VALUES ('c38f17af-6887-4478-a48e-b69196dd1312', '2f11ce25-0826-4c32-8d90-bf2b140923ef', '78a68ad2-8760-48af-bb5c-a78141ea8d53', '605ce0e7-14a8-4cab-a8ff-cbfd42c79f94', '2000');
INSERT INTO `device_extend_values` VALUES ('c4141eea-52f6-4147-9a01-3fd80737fc7e', 'f6b7e1d3-e167-4872-9e6a-0f8bd729f4cc', '78a68ad2-8760-48af-bb5c-a78141ea8d53', 'e646486e-8aa6-4855-9b41-e7e5cca33bc5', '1.026');
INSERT INTO `device_extend_values` VALUES ('c41b0d87-19ea-4e09-8e34-75037204fadf', '2f11ce25-0826-4c32-8d90-bf2b140923ef', '78a68ad2-8760-48af-bb5c-a78141ea8d53', 'e8772c33-9231-4fbf-bdd4-0f67e0ef5da8', '2600');
INSERT INTO `device_extend_values` VALUES ('c43813fb-1eb6-4ecd-98f9-261be5132e37', '180f5a84-169b-4b93-922c-5ada48d52d2f', '78a68ad2-8760-48af-bb5c-a78141ea8d53', '9eab8f09-c33e-4606-9f8a-cab6c9ed1ed0', 'ZPW2000A型移频');
INSERT INTO `device_extend_values` VALUES ('c4901edc-0ff2-42f9-9551-315e0ea912e7', '2f11ce25-0826-4c32-8d90-bf2b140923ef', '78a68ad2-8760-48af-bb5c-a78141ea8d53', 'e2a30f88-9a87-468d-89c4-f087ef9c9c9d', '2000');
INSERT INTO `device_extend_values` VALUES ('c49124bf-bdaf-4366-93ff-fa24984d2f0d', 'd5f28991-eafe-472c-b25d-33e6720320fd', '78a68ad2-8760-48af-bb5c-a78141ea8d53', 'b45978ca-9c49-4bbf-aefc-1d56c7e2cb15', '自闭');
INSERT INTO `device_extend_values` VALUES ('c4c266e5-5277-4570-a1d9-315113cb624e', 'd5f28991-eafe-472c-b25d-33e6720320fd', '78a68ad2-8760-48af-bb5c-a78141ea8d53', 'ed57b781-b4d7-405d-9749-36a30685be25', '自闭');
INSERT INTO `device_extend_values` VALUES ('c51ea23b-c232-4032-813a-8ed6adef29d4', 'a4936812-d3ef-442d-aaa3-c8a5d2b8f885', '78a68ad2-8760-48af-bb5c-a78141ea8d53', '25abcc7f-cfb7-4b8a-8964-1239de3aa5d2', '出站');
INSERT INTO `device_extend_values` VALUES ('c59a88de-34a0-4879-ae87-7dbebc528b58', 'd5f28991-eafe-472c-b25d-33e6720320fd', '78a68ad2-8760-48af-bb5c-a78141ea8d53', '4eb9b18f-271f-4d32-8611-f478afe738bf', '半自闭');
INSERT INTO `device_extend_values` VALUES ('c5e24014-5606-4891-bb54-55017a29a132', 'a4936812-d3ef-442d-aaa3-c8a5d2b8f885', '78a68ad2-8760-48af-bb5c-a78141ea8d53', '5118ce20-f3e8-4355-9647-7464fa7bdb2f', '预告');
INSERT INTO `device_extend_values` VALUES ('c5f4f1ed-987e-4901-af19-ab23d2b071cf', 'f6b7e1d3-e167-4872-9e6a-0f8bd729f4cc', '78a68ad2-8760-48af-bb5c-a78141ea8d53', '64ddf142-3925-4d19-8510-3463ac3e9119', '1.231');
INSERT INTO `device_extend_values` VALUES ('c630a5bb-d2b4-4194-b229-418ad5030b50', '2f11ce25-0826-4c32-8d90-bf2b140923ef', '78a68ad2-8760-48af-bb5c-a78141ea8d53', '5a9cc0e0-b0ce-4c1c-857e-849630593ade', '1700/2300/1700/ 2300/1700');
INSERT INTO `device_extend_values` VALUES ('c6555275-1594-4285-9022-405fad147947', 'a4936812-d3ef-442d-aaa3-c8a5d2b8f885', '78a68ad2-8760-48af-bb5c-a78141ea8d53', 'c159f448-7c07-45a6-97fa-26a8b0d7ebf7', '通过');
INSERT INTO `device_extend_values` VALUES ('c67debe0-c38f-4df2-846e-3e27d288eab9', '66390bfd-9f3c-41e1-bb6a-f281dd9953f3', '78a68ad2-8760-48af-bb5c-a78141ea8d53', '92746a2a-a2b5-45ae-afe1-2256d8364d34', '上');
INSERT INTO `device_extend_values` VALUES ('c68fa2c5-7e30-4596-bb3f-baa3bcf0e143', '66390bfd-9f3c-41e1-bb6a-f281dd9953f3', '78a68ad2-8760-48af-bb5c-a78141ea8d53', '081168f0-b382-4613-8575-904330c6112d', '上');
INSERT INTO `device_extend_values` VALUES ('c6adc758-b68e-4326-b83a-57a52a05be44', '66390bfd-9f3c-41e1-bb6a-f281dd9953f3', '78a68ad2-8760-48af-bb5c-a78141ea8d53', '40609f38-5bda-47d4-a864-5abc14edec16', '上');
INSERT INTO `device_extend_values` VALUES ('c6b2e11e-fc3c-497d-9e37-bbccf1e9a256', 'f6b7e1d3-e167-4872-9e6a-0f8bd729f4cc', '78a68ad2-8760-48af-bb5c-a78141ea8d53', 'be5d4d23-5dc2-436e-afc3-049254013efd', '0.379');
INSERT INTO `device_extend_values` VALUES ('c6d03249-879c-4570-a937-801bd94aed45', '2f11ce25-0826-4c32-8d90-bf2b140923ef', '78a68ad2-8760-48af-bb5c-a78141ea8d53', '821ca00c-07e8-4c41-845f-e3a13dd9d353', '1700');
INSERT INTO `device_extend_values` VALUES ('c6dcc45c-968a-4824-aa34-d9f066b7b518', '66390bfd-9f3c-41e1-bb6a-f281dd9953f3', '78a68ad2-8760-48af-bb5c-a78141ea8d53', '5b446ae2-aab3-4880-afd8-e02b36c1813c', '下');
INSERT INTO `device_extend_values` VALUES ('c6ebd04e-135b-4966-9895-9fcf9a2d840f', '66390bfd-9f3c-41e1-bb6a-f281dd9953f3', '78a68ad2-8760-48af-bb5c-a78141ea8d53', '58d4bfb2-aa62-4341-ab79-aff2d1091bb3', '上');
INSERT INTO `device_extend_values` VALUES ('c6efa3e9-6ebd-4991-ae3b-714a72ed0d3e', '180f5a84-169b-4b93-922c-5ada48d52d2f', '78a68ad2-8760-48af-bb5c-a78141ea8d53', '81990ca4-033d-4948-b026-86fc948fc4e0', 'ZPW2000A型移频');
INSERT INTO `device_extend_values` VALUES ('c6f1d936-d4d1-45b2-a7e0-03da2e0aaf6b', '66390bfd-9f3c-41e1-bb6a-f281dd9953f3', '78a68ad2-8760-48af-bb5c-a78141ea8d53', '655de06c-e5ac-495a-87b2-4475fead91ca', '下');
INSERT INTO `device_extend_values` VALUES ('c717734b-7af8-46cb-b466-c78d1b109a63', '180f5a84-169b-4b93-922c-5ada48d52d2f', '78a68ad2-8760-48af-bb5c-a78141ea8d53', '7d9d4989-4bcf-4148-8cff-e10a7094186e', 'ZPW2000A型移频');
INSERT INTO `device_extend_values` VALUES ('c7546494-2ebe-4316-9cc3-42712ac30c82', '2f11ce25-0826-4c32-8d90-bf2b140923ef', '78a68ad2-8760-48af-bb5c-a78141ea8d53', 'ed57b781-b4d7-405d-9749-36a30685be25', '2000');
INSERT INTO `device_extend_values` VALUES ('c75a5111-f4a7-4fc7-8982-be29ef52ffc5', '66390bfd-9f3c-41e1-bb6a-f281dd9953f3', '78a68ad2-8760-48af-bb5c-a78141ea8d53', 'e68e7ce0-a7c0-4617-8f37-d75e0e01a85c', '下');
INSERT INTO `device_extend_values` VALUES ('c75d016f-0c38-4239-b878-71c5f63b6ce3', '180f5a84-169b-4b93-922c-5ada48d52d2f', '78a68ad2-8760-48af-bb5c-a78141ea8d53', '1c8da941-5438-48c3-8555-facf8f684636', 'ZPW-2000A/K型无绝缘');
INSERT INTO `device_extend_values` VALUES ('c765274a-6ed3-4538-a3a7-c0bcf9f9fe21', '66390bfd-9f3c-41e1-bb6a-f281dd9953f3', '78a68ad2-8760-48af-bb5c-a78141ea8d53', '1f907f7f-ad95-4374-b915-8b081720b99c', '上');
INSERT INTO `device_extend_values` VALUES ('c78a558b-e292-4fd3-8a1e-ffc4d643b708', 'd5f28991-eafe-472c-b25d-33e6720320fd', '78a68ad2-8760-48af-bb5c-a78141ea8d53', 'e820f557-75c6-4467-b692-1c4345bb7556', '半自闭');
INSERT INTO `device_extend_values` VALUES ('c7bfdac1-a438-4ac3-afe6-bc8d7f8be0e8', 'a4936812-d3ef-442d-aaa3-c8a5d2b8f885', '78a68ad2-8760-48af-bb5c-a78141ea8d53', 'd7419e22-2e1b-4b54-bc6a-4f8140fd41fa', '通过');
INSERT INTO `device_extend_values` VALUES ('c8177b57-762c-4bb0-8926-b4736058d4e8', '66390bfd-9f3c-41e1-bb6a-f281dd9953f3', '78a68ad2-8760-48af-bb5c-a78141ea8d53', '854a3509-e185-4d2b-9aa3-1299afb30913', '上');
INSERT INTO `device_extend_values` VALUES ('c83662e4-90e4-45ba-b034-738e9137acc2', '66390bfd-9f3c-41e1-bb6a-f281dd9953f3', '78a68ad2-8760-48af-bb5c-a78141ea8d53', 'c226bb5a-c50b-489d-abb3-16dd95e393f7', '上');
INSERT INTO `device_extend_values` VALUES ('c83f3e4b-190f-4ab7-aa7c-780bf251b646', '180f5a84-169b-4b93-922c-5ada48d52d2f', '78a68ad2-8760-48af-bb5c-a78141ea8d53', '0d16d176-d7fb-4cf9-846f-e1ded61f7cc4', 'ZPW2000A型无绝缘');
INSERT INTO `device_extend_values` VALUES ('c8dc75c8-e726-4e57-b83e-65f0a0b520ab', '66390bfd-9f3c-41e1-bb6a-f281dd9953f3', '78a68ad2-8760-48af-bb5c-a78141ea8d53', '3bc2e90d-bab8-4826-9f8e-ce0eff25d386', '上');
INSERT INTO `device_extend_values` VALUES ('c94147e7-5bcc-42b6-b47f-05d70d790b01', '06a1cc4c-9de5-4e05-9c63-5d868889fbfd', '78a68ad2-8760-48af-bb5c-a78141ea8d53', 'f03d11a6-702c-4b0e-8849-7676a2355789', '标准UM71');
INSERT INTO `device_extend_values` VALUES ('c98f8652-dc4c-47c0-b0b2-5691c22f9aa7', '66390bfd-9f3c-41e1-bb6a-f281dd9953f3', '78a68ad2-8760-48af-bb5c-a78141ea8d53', 'faa07116-d09a-46aa-912d-edc4f4dd9016', '上');
INSERT INTO `device_extend_values` VALUES ('c9976dc6-091d-4df5-845d-08e2e9584267', '2f11ce25-0826-4c32-8d90-bf2b140923ef', '78a68ad2-8760-48af-bb5c-a78141ea8d53', '72fd7dab-593b-44f9-8645-976c3c336252', '1700');
INSERT INTO `device_extend_values` VALUES ('c9ac461e-5a71-4374-afe1-d42dc6bc19cb', '66390bfd-9f3c-41e1-bb6a-f281dd9953f3', '78a68ad2-8760-48af-bb5c-a78141ea8d53', '1c8da941-5438-48c3-8555-facf8f684636', '上');
INSERT INTO `device_extend_values` VALUES ('c9de082b-708e-415d-bbfc-4f55c366e621', 'f6b7e1d3-e167-4872-9e6a-0f8bd729f4cc', '78a68ad2-8760-48af-bb5c-a78141ea8d53', '1c8da941-5438-48c3-8555-facf8f684636', '1.799');
INSERT INTO `device_extend_values` VALUES ('ca016d97-2736-4f32-b7f6-b51ca7c6b0be', '06a1cc4c-9de5-4e05-9c63-5d868889fbfd', '78a68ad2-8760-48af-bb5c-a78141ea8d53', '685eb5f5-f9ce-4dca-ad23-e2b6d45a7dff', '标准UM71');
INSERT INTO `device_extend_values` VALUES ('ca9c2295-6cdf-4cf7-b4f6-c07338775895', '2f11ce25-0826-4c32-8d90-bf2b140923ef', '78a68ad2-8760-48af-bb5c-a78141ea8d53', 'e68e7ce0-a7c0-4617-8f37-d75e0e01a85c', '1700');
INSERT INTO `device_extend_values` VALUES ('cac08b54-2f67-4e6c-9df5-25357b4b186f', 'f6b7e1d3-e167-4872-9e6a-0f8bd729f4cc', '78a68ad2-8760-48af-bb5c-a78141ea8d53', '9abd0a3c-e655-4105-85c7-38aec93787d3', '3.035');
INSERT INTO `device_extend_values` VALUES ('cadd3f09-d684-4139-a686-8623985df426', 'f6b7e1d3-e167-4872-9e6a-0f8bd729f4cc', '78a68ad2-8760-48af-bb5c-a78141ea8d53', '033d85c5-3e29-4f9d-b331-266a87993085', '1.029');
INSERT INTO `device_extend_values` VALUES ('cae30741-75b8-4a5c-ae93-b88c8be65a5e', 'd5f28991-eafe-472c-b25d-33e6720320fd', '78a68ad2-8760-48af-bb5c-a78141ea8d53', '81990ca4-033d-4948-b026-86fc948fc4e0', '自闭');
INSERT INTO `device_extend_values` VALUES ('cb5b8bde-516c-417d-8e57-35a1ffe99607', '2f11ce25-0826-4c32-8d90-bf2b140923ef', '78a68ad2-8760-48af-bb5c-a78141ea8d53', '9eab8f09-c33e-4606-9f8a-cab6c9ed1ed0', '2600');
INSERT INTO `device_extend_values` VALUES ('cb6d5b2a-6ae1-41f8-9ec2-c1d96352f3e7', 'd5f28991-eafe-472c-b25d-33e6720320fd', '78a68ad2-8760-48af-bb5c-a78141ea8d53', 'e26ac8f5-692a-420f-929a-d6343aff7d0e', '半自闭');
INSERT INTO `device_extend_values` VALUES ('cba52422-aa35-434b-99a9-70082b0e46d3', 'a4936812-d3ef-442d-aaa3-c8a5d2b8f885', '78a68ad2-8760-48af-bb5c-a78141ea8d53', '0f2c71e1-7734-4053-8af7-4398b9cdd526', '通过');
INSERT INTO `device_extend_values` VALUES ('cbcd65d9-c3e0-4a2a-95be-5a6e3bf6bfc3', '66390bfd-9f3c-41e1-bb6a-f281dd9953f3', '78a68ad2-8760-48af-bb5c-a78141ea8d53', '66910858-bf06-4378-bebb-1806d2214db6', '上');
INSERT INTO `device_extend_values` VALUES ('cbd590d5-c623-478f-a60a-7fcc40fa2b03', '06a1cc4c-9de5-4e05-9c63-5d868889fbfd', '78a68ad2-8760-48af-bb5c-a78141ea8d53', 'e26ac8f5-692a-420f-929a-d6343aff7d0e', '标准UM71');
INSERT INTO `device_extend_values` VALUES ('cc231c7a-6cdd-41bf-bd2f-e218b4d0363a', 'f6b7e1d3-e167-4872-9e6a-0f8bd729f4cc', '78a68ad2-8760-48af-bb5c-a78141ea8d53', '0e01d7fe-7f53-4935-8542-c681101abe93', '1.231');
INSERT INTO `device_extend_values` VALUES ('cc6bfbd9-9787-4413-935f-61523f5263f6', '06a1cc4c-9de5-4e05-9c63-5d868889fbfd', '78a68ad2-8760-48af-bb5c-a78141ea8d53', '0f2c71e1-7734-4053-8af7-4398b9cdd526', '标准UM71');
INSERT INTO `device_extend_values` VALUES ('cc725690-ea38-4996-978c-51554da74502', '06a1cc4c-9de5-4e05-9c63-5d868889fbfd', '78a68ad2-8760-48af-bb5c-a78141ea8d53', '2210df73-0242-4d73-bc0b-ad09513224c6', '标准UM71');
INSERT INTO `device_extend_values` VALUES ('cc9e3cf5-307f-40d7-a88d-8098b76fc403', 'f6b7e1d3-e167-4872-9e6a-0f8bd729f4cc', '78a68ad2-8760-48af-bb5c-a78141ea8d53', 'f6443d74-20fb-46cc-bd4d-8638912d8702', '0.376');
INSERT INTO `device_extend_values` VALUES ('cd2a2a11-2676-4a9a-af81-9285a0804086', 'd5f28991-eafe-472c-b25d-33e6720320fd', '78a68ad2-8760-48af-bb5c-a78141ea8d53', '005868dd-4e4a-4be4-8921-41853e6973a8', '自闭');
INSERT INTO `device_extend_values` VALUES ('cd2a93da-dd6e-4cfd-9e81-f5258a37e5e1', '06a1cc4c-9de5-4e05-9c63-5d868889fbfd', '78a68ad2-8760-48af-bb5c-a78141ea8d53', 'c0fa99e5-d669-457f-b107-02fbb1d76044', '标准UM71');
INSERT INTO `device_extend_values` VALUES ('cd48e06f-d7ba-44af-bdbd-799d3a1517ed', 'd5f28991-eafe-472c-b25d-33e6720320fd', '78a68ad2-8760-48af-bb5c-a78141ea8d53', '88b7e356-3a01-4b60-9a4a-15cfcfb79672', '半自闭');
INSERT INTO `device_extend_values` VALUES ('cd7c90b2-4796-4a22-94b2-d8e5713e6659', 'a4936812-d3ef-442d-aaa3-c8a5d2b8f885', '78a68ad2-8760-48af-bb5c-a78141ea8d53', 'a4cd9c8d-b684-4ca1-a24a-f6de08ea6d3e', '通过');
INSERT INTO `device_extend_values` VALUES ('cd7e079d-ee1b-45a9-baa1-cffe1a550674', '2f11ce25-0826-4c32-8d90-bf2b140923ef', '78a68ad2-8760-48af-bb5c-a78141ea8d53', 'faa07116-d09a-46aa-912d-edc4f4dd9016', '2300');
INSERT INTO `device_extend_values` VALUES ('cd8ffb6e-c2ad-4a4d-9916-7e7b68f779c0', 'a4936812-d3ef-442d-aaa3-c8a5d2b8f885', '78a68ad2-8760-48af-bb5c-a78141ea8d53', '7c1af819-d9cd-4a79-a750-ec83690f52f0', '出站');
INSERT INTO `device_extend_values` VALUES ('cdcce4a2-ff7e-4403-8cb2-ff47fcfeb68c', 'a4936812-d3ef-442d-aaa3-c8a5d2b8f885', '78a68ad2-8760-48af-bb5c-a78141ea8d53', '2e1b83ec-19f3-4e11-b3fa-a0b14bebe2eb', '出站');
INSERT INTO `device_extend_values` VALUES ('cddaa236-41ce-4025-bf46-2bdf6fec5bc5', 'a4936812-d3ef-442d-aaa3-c8a5d2b8f885', '78a68ad2-8760-48af-bb5c-a78141ea8d53', '5a9cc0e0-b0ce-4c1c-857e-849630593ade', '进站');
INSERT INTO `device_extend_values` VALUES ('cddd0bab-790f-41b6-83ed-2c0d61e3091f', 'f6b7e1d3-e167-4872-9e6a-0f8bd729f4cc', '78a68ad2-8760-48af-bb5c-a78141ea8d53', '53a37501-f2ad-4aaa-b35b-461b3609ff0f', '3.035');
INSERT INTO `device_extend_values` VALUES ('ce2b5ed0-dfe8-4cf9-896a-e669bc6b5b8b', 'f6b7e1d3-e167-4872-9e6a-0f8bd729f4cc', '78a68ad2-8760-48af-bb5c-a78141ea8d53', '43bbcb26-8be3-42a5-a889-4554f31eaeab', '11.928');
INSERT INTO `device_extend_values` VALUES ('ce2c3a4d-c955-47dc-9513-44f70446dcab', '2f11ce25-0826-4c32-8d90-bf2b140923ef', '78a68ad2-8760-48af-bb5c-a78141ea8d53', 'b9f84491-f89f-4b40-a193-531304484c0a', '2000');
INSERT INTO `device_extend_values` VALUES ('ce4e92a5-b96d-46c1-b8d6-b559cb5fd179', 'a4936812-d3ef-442d-aaa3-c8a5d2b8f885', '78a68ad2-8760-48af-bb5c-a78141ea8d53', '5142074c-1dcb-4787-b56d-d9f845bac5b1', '出站');
INSERT INTO `device_extend_values` VALUES ('ce705de6-a677-46f2-aa85-93e805dbbe72', 'a4936812-d3ef-442d-aaa3-c8a5d2b8f885', '78a68ad2-8760-48af-bb5c-a78141ea8d53', '52ca609a-1265-4f80-9911-70b93a363c1f', '进站');
INSERT INTO `device_extend_values` VALUES ('ce9a7e97-49bf-4678-a418-2dedc0910866', 'd5f28991-eafe-472c-b25d-33e6720320fd', '78a68ad2-8760-48af-bb5c-a78141ea8d53', 'd61866cb-938f-435c-abc0-b0bde46ff72f', '自闭');
INSERT INTO `device_extend_values` VALUES ('cef3b682-eddc-423c-bea4-9d1fef5128dd', 'd5f28991-eafe-472c-b25d-33e6720320fd', '78a68ad2-8760-48af-bb5c-a78141ea8d53', '14050a25-427b-42c2-90dd-466df82fe217', '自闭');
INSERT INTO `device_extend_values` VALUES ('cef46164-c1ac-4115-b0db-442b8b51a80a', 'd5f28991-eafe-472c-b25d-33e6720320fd', '78a68ad2-8760-48af-bb5c-a78141ea8d53', 'e439b451-d489-4d8e-bffa-f39acca4c81b', '半自闭');
INSERT INTO `device_extend_values` VALUES ('ceff4340-f220-4e43-9934-089328f9b4bc', 'd5f28991-eafe-472c-b25d-33e6720320fd', '78a68ad2-8760-48af-bb5c-a78141ea8d53', '53447c49-df5e-430d-9a8f-094086fcb6bb', '半自闭');
INSERT INTO `device_extend_values` VALUES ('cf45713a-4fbf-4f12-bf5f-c4257716d476', 'a4936812-d3ef-442d-aaa3-c8a5d2b8f885', '78a68ad2-8760-48af-bb5c-a78141ea8d53', 'e8f5e22b-55c0-4989-9ca6-1ae411cca356', '逆向进站');
INSERT INTO `device_extend_values` VALUES ('cfb6c805-cfc2-4dbd-90ad-502beb9567dd', 'f6b7e1d3-e167-4872-9e6a-0f8bd729f4cc', '78a68ad2-8760-48af-bb5c-a78141ea8d53', '1ca83586-c149-4db5-97e9-727f8b6f0d35', '11.928');
INSERT INTO `device_extend_values` VALUES ('cfd2df8f-d0c0-4eca-b886-585f71b8e543', '06a1cc4c-9de5-4e05-9c63-5d868889fbfd', '78a68ad2-8760-48af-bb5c-a78141ea8d53', 'e06b4721-3eee-4ff6-848f-d7e0f7003fbc', '标准UM71');
INSERT INTO `device_extend_values` VALUES ('cfeb53f1-64ef-4a1b-9809-287570ab2b4b', 'd5f28991-eafe-472c-b25d-33e6720320fd', '78a68ad2-8760-48af-bb5c-a78141ea8d53', '55baaa24-655e-4e35-b104-8c86c6b68f5b', '自闭');
INSERT INTO `device_extend_values` VALUES ('cfec471f-f000-4757-b8e8-2f678e1b0ef5', 'd5f28991-eafe-472c-b25d-33e6720320fd', '78a68ad2-8760-48af-bb5c-a78141ea8d53', 'e296a261-ffa3-493d-b298-9ca93bcb426e', '半自闭');
INSERT INTO `device_extend_values` VALUES ('cff12048-a14f-453f-94ef-403004b1ae37', 'd5f28991-eafe-472c-b25d-33e6720320fd', '78a68ad2-8760-48af-bb5c-a78141ea8d53', '5f429cbf-b55a-40c7-8e51-0ff657b0d7b1', '自闭');
INSERT INTO `device_extend_values` VALUES ('d00f268b-584b-4343-8ce2-974843bfebab', 'd5f28991-eafe-472c-b25d-33e6720320fd', '78a68ad2-8760-48af-bb5c-a78141ea8d53', 'c226bb5a-c50b-489d-abb3-16dd95e393f7', '半自闭');
INSERT INTO `device_extend_values` VALUES ('d04391c6-f1d6-43c1-a435-f487c3bc60e8', '06a1cc4c-9de5-4e05-9c63-5d868889fbfd', '78a68ad2-8760-48af-bb5c-a78141ea8d53', '126bf284-6d56-4185-8d8d-c922d0478491', '标准UM71');
INSERT INTO `device_extend_values` VALUES ('d06bc8ad-3570-48a2-89cc-cc49fecff951', 'd5f28991-eafe-472c-b25d-33e6720320fd', '78a68ad2-8760-48af-bb5c-a78141ea8d53', '4bad2b72-5169-40b2-80a4-08c9e38af43a', '自闭');
INSERT INTO `device_extend_values` VALUES ('d0840bc9-6931-4df5-bc7c-5c57fbf4e6c9', 'd5f28991-eafe-472c-b25d-33e6720320fd', '78a68ad2-8760-48af-bb5c-a78141ea8d53', 'e8e00ab6-3777-44b9-a142-692975c3b999', '半自闭');
INSERT INTO `device_extend_values` VALUES ('d0876d27-d57a-4e45-af6a-18f454cd9e48', '66390bfd-9f3c-41e1-bb6a-f281dd9953f3', '78a68ad2-8760-48af-bb5c-a78141ea8d53', 'cf6f18a7-5b83-40b7-87b4-f6d5ed5ebf97', '下');
INSERT INTO `device_extend_values` VALUES ('d0e4d158-a3de-4912-81d1-c02d1d4a3289', 'f6b7e1d3-e167-4872-9e6a-0f8bd729f4cc', '78a68ad2-8760-48af-bb5c-a78141ea8d53', 'bf6c4faf-b8f6-469a-8aec-6abdc5d27450', '11.187');
INSERT INTO `device_extend_values` VALUES ('d1345b9e-72ab-45bb-9f93-424ed6addf78', '180f5a84-169b-4b93-922c-5ada48d52d2f', '78a68ad2-8760-48af-bb5c-a78141ea8d53', 'ac7bc05b-3d8b-4953-8c93-62c2968831bc', 'ZPW-2000A/K型无绝缘');
INSERT INTO `device_extend_values` VALUES ('d1846b67-fdcd-4aec-81d0-3d8c1337bf17', '66390bfd-9f3c-41e1-bb6a-f281dd9953f3', '78a68ad2-8760-48af-bb5c-a78141ea8d53', 'af3a08d9-87eb-49f1-8aad-3f2d37286eb7', '上');
INSERT INTO `device_extend_values` VALUES ('d1a207b5-bd91-4d45-99ce-5fd800b29512', '180f5a84-169b-4b93-922c-5ada48d52d2f', '78a68ad2-8760-48af-bb5c-a78141ea8d53', '7ad27dbd-fedd-4b20-a6e4-11e75b978f98', 'ZPW2000A型无绝缘');
INSERT INTO `device_extend_values` VALUES ('d1a96adc-cbc1-44d5-854d-49f5fcdab935', '180f5a84-169b-4b93-922c-5ada48d52d2f', '78a68ad2-8760-48af-bb5c-a78141ea8d53', '3b8ba5b1-05ca-4b0e-b0c4-ee5405c460a9', 'ZPW2000A型移频');
INSERT INTO `device_extend_values` VALUES ('d1c6ddcd-315d-462d-bbe2-3265d430c3ac', '2f11ce25-0826-4c32-8d90-bf2b140923ef', '78a68ad2-8760-48af-bb5c-a78141ea8d53', '57da45e9-07cd-47e1-a4e0-b679a9edaacc', '2000/2600');
INSERT INTO `device_extend_values` VALUES ('d1d4dd3c-5433-4baf-9117-68292e52899e', 'd5f28991-eafe-472c-b25d-33e6720320fd', '78a68ad2-8760-48af-bb5c-a78141ea8d53', '7ad27dbd-fedd-4b20-a6e4-11e75b978f98', '自闭');
INSERT INTO `device_extend_values` VALUES ('d1f4f560-e877-4070-8d18-96a302ba4bb5', 'a4936812-d3ef-442d-aaa3-c8a5d2b8f885', '78a68ad2-8760-48af-bb5c-a78141ea8d53', 'f4a1f9f2-c23e-4c64-a3c5-2b416c82e5ab', '进站');
INSERT INTO `device_extend_values` VALUES ('d2200534-2f82-4995-a0c6-25ca736d3164', '06a1cc4c-9de5-4e05-9c63-5d868889fbfd', '78a68ad2-8760-48af-bb5c-a78141ea8d53', '890dd5d0-e8ba-4b31-9cf6-3be52172bfc9', '标准UM71');
INSERT INTO `device_extend_values` VALUES ('d22c2797-be5a-4668-8d7e-c4caae202179', '2f11ce25-0826-4c32-8d90-bf2b140923ef', '78a68ad2-8760-48af-bb5c-a78141ea8d53', 'e9fc05ab-70f6-42da-a14e-b88f9823a97f', '2300');
INSERT INTO `device_extend_values` VALUES ('d234d041-2fbe-4491-9a7e-9c46d66e26c1', 'a4936812-d3ef-442d-aaa3-c8a5d2b8f885', '78a68ad2-8760-48af-bb5c-a78141ea8d53', 'b9e7e97d-3d33-428f-a8b0-444a5c7eb40d', '预告');
INSERT INTO `device_extend_values` VALUES ('d249ebc0-a97a-4ac0-a600-291e01ffac41', '2f11ce25-0826-4c32-8d90-bf2b140923ef', '78a68ad2-8760-48af-bb5c-a78141ea8d53', 'ee020b32-cb8d-4a79-84c0-1fc9230414b2', '1700');
INSERT INTO `device_extend_values` VALUES ('d2a5fc80-6fcb-407f-b31a-e97c469993ac', 'a4936812-d3ef-442d-aaa3-c8a5d2b8f885', '78a68ad2-8760-48af-bb5c-a78141ea8d53', 'cf6f18a7-5b83-40b7-87b4-f6d5ed5ebf97', '出站');
INSERT INTO `device_extend_values` VALUES ('d2cf6e21-3eb5-45c7-b9d9-c2e8d05d78b2', '2f11ce25-0826-4c32-8d90-bf2b140923ef', '78a68ad2-8760-48af-bb5c-a78141ea8d53', '250f4332-7ebc-4bb6-8baf-c72878ee0c95', '2000');
INSERT INTO `device_extend_values` VALUES ('d2f1291f-3ff2-40bc-b4e4-fed9be88e98b', 'a4936812-d3ef-442d-aaa3-c8a5d2b8f885', '78a68ad2-8760-48af-bb5c-a78141ea8d53', 'd8cd384d-903b-403a-b10b-5a2103da5d91', '进站');
INSERT INTO `device_extend_values` VALUES ('d32645ed-2112-4e50-bec6-0d42bc7a8737', '2f11ce25-0826-4c32-8d90-bf2b140923ef', '78a68ad2-8760-48af-bb5c-a78141ea8d53', '0f2c71e1-7734-4053-8af7-4398b9cdd526', '1700');
INSERT INTO `device_extend_values` VALUES ('d3954618-8c65-4fda-99ae-4ce06fdfb1ff', 'd5f28991-eafe-472c-b25d-33e6720320fd', '78a68ad2-8760-48af-bb5c-a78141ea8d53', '57da45e9-07cd-47e1-a4e0-b679a9edaacc', '自闭');
INSERT INTO `device_extend_values` VALUES ('d39618e6-0050-4467-b0ff-dcb2f4bfc17c', '2f11ce25-0826-4c32-8d90-bf2b140923ef', '78a68ad2-8760-48af-bb5c-a78141ea8d53', '23883b20-b4dc-486a-8ece-1e3e0e8abb18', '1700');
INSERT INTO `device_extend_values` VALUES ('d3d5eeda-b8ec-4a2a-8cb1-8af36aa8ea2a', 'f6b7e1d3-e167-4872-9e6a-0f8bd729f4cc', '78a68ad2-8760-48af-bb5c-a78141ea8d53', '525a403c-fb78-4b80-b32e-e08026d50ce1', '4.906');
INSERT INTO `device_extend_values` VALUES ('d3e84521-9c27-4871-bc91-2eb1df50d31c', '180f5a84-169b-4b93-922c-5ada48d52d2f', '78a68ad2-8760-48af-bb5c-a78141ea8d53', '5a42ba2f-7e3d-4117-a8b8-e50a5311b8a0', 'ZPW2000A型移频');
INSERT INTO `device_extend_values` VALUES ('d413794d-72de-4642-934f-11c55baa680f', '2f11ce25-0826-4c32-8d90-bf2b140923ef', '78a68ad2-8760-48af-bb5c-a78141ea8d53', 'e8f5e22b-55c0-4989-9ca6-1ae411cca356', '2000');
INSERT INTO `device_extend_values` VALUES ('d4187b34-00f5-4517-abf7-bdbb5b98b418', 'd5f28991-eafe-472c-b25d-33e6720320fd', '78a68ad2-8760-48af-bb5c-a78141ea8d53', '1e04dd5a-323f-4695-8892-ec8802314f36', '自闭');
INSERT INTO `device_extend_values` VALUES ('d43a08a4-e62e-4d73-ab54-0a00ecb8f632', '180f5a84-169b-4b93-922c-5ada48d52d2f', '78a68ad2-8760-48af-bb5c-a78141ea8d53', '2c7a2e58-8b2d-41ef-813b-4f8be24a7be8', 'ZPW2000A型移频');
INSERT INTO `device_extend_values` VALUES ('d46a5310-b982-47e8-a7f7-680dcf306ad7', '180f5a84-169b-4b93-922c-5ada48d52d2f', '78a68ad2-8760-48af-bb5c-a78141ea8d53', 'e26ac8f5-692a-420f-929a-d6343aff7d0e', 'ZPW-2000A/K型无绝缘');
INSERT INTO `device_extend_values` VALUES ('d46d92b7-392b-48e5-b006-94044b395b7e', 'd5f28991-eafe-472c-b25d-33e6720320fd', '78a68ad2-8760-48af-bb5c-a78141ea8d53', '325897ba-6f9a-4441-bb7b-849e9ba4acb5', '半自闭');
INSERT INTO `device_extend_values` VALUES ('d475a22f-fb37-485b-a09b-bccf02db079d', '180f5a84-169b-4b93-922c-5ada48d52d2f', '78a68ad2-8760-48af-bb5c-a78141ea8d53', '840b0613-6407-44b6-9299-343a078064ed', 'ZPW2000A型移频');
INSERT INTO `device_extend_values` VALUES ('d484f4dd-1454-46a6-a653-15e4edbeb1fe', '06a1cc4c-9de5-4e05-9c63-5d868889fbfd', '78a68ad2-8760-48af-bb5c-a78141ea8d53', 'ccead67c-6dcd-4333-8222-212943d25c87', '标准UM71');
INSERT INTO `device_extend_values` VALUES ('d49e939e-6162-4a7b-8c78-5495418efddb', 'd5f28991-eafe-472c-b25d-33e6720320fd', '78a68ad2-8760-48af-bb5c-a78141ea8d53', '3dd5586d-24ae-4e30-9c70-e14bd51215cc', '自闭');
INSERT INTO `device_extend_values` VALUES ('d4d9129a-7f4b-4024-b2e1-0db944eb0b93', '66390bfd-9f3c-41e1-bb6a-f281dd9953f3', '78a68ad2-8760-48af-bb5c-a78141ea8d53', '9fc85db7-a26e-4f02-b144-68aca2e74063', '下');
INSERT INTO `device_extend_values` VALUES ('d4ed15d6-4e37-4d1a-a113-2b4f67201d31', '66390bfd-9f3c-41e1-bb6a-f281dd9953f3', '78a68ad2-8760-48af-bb5c-a78141ea8d53', 'd0fe9754-2154-483b-84ba-bf1df766e400', '下');
INSERT INTO `device_extend_values` VALUES ('d50f2c11-6edd-4ba5-a06d-5e5a160cec94', 'f6b7e1d3-e167-4872-9e6a-0f8bd729f4cc', '78a68ad2-8760-48af-bb5c-a78141ea8d53', '2e1b83ec-19f3-4e11-b3fa-a0b14bebe2eb', '0.379');
INSERT INTO `device_extend_values` VALUES ('d514852f-7db3-4fa6-96ca-b3b52a829e07', 'd5f28991-eafe-472c-b25d-33e6720320fd', '78a68ad2-8760-48af-bb5c-a78141ea8d53', 'e02eaa13-e38d-449a-aa83-1acd7148d167', '半自闭');
INSERT INTO `device_extend_values` VALUES ('d5294b62-819f-4680-94ae-c3cbd19fb826', '06a1cc4c-9de5-4e05-9c63-5d868889fbfd', '78a68ad2-8760-48af-bb5c-a78141ea8d53', 'e02eaa13-e38d-449a-aa83-1acd7148d167', '标准UM71');
INSERT INTO `device_extend_values` VALUES ('d52d0392-9ff7-4856-9e4e-b48ffacf748c', 'f6b7e1d3-e167-4872-9e6a-0f8bd729f4cc', '78a68ad2-8760-48af-bb5c-a78141ea8d53', '808840e8-cb94-47c3-b8a2-00f7a0400eba', '2.06');
INSERT INTO `device_extend_values` VALUES ('d57af831-4877-4b4c-b5ea-f171498e2314', '180f5a84-169b-4b93-922c-5ada48d52d2f', '78a68ad2-8760-48af-bb5c-a78141ea8d53', '4f40aad2-b49a-4ee5-ae7f-6eac2ec649ea', 'ZPW-2000A/K型无绝缘');
INSERT INTO `device_extend_values` VALUES ('d59a2e3e-9fb1-46cb-a81f-3f30c8af9b46', '2f11ce25-0826-4c32-8d90-bf2b140923ef', '78a68ad2-8760-48af-bb5c-a78141ea8d53', 'bf68632a-d9ae-45d8-a1ad-162aa750c785', '1700/2300/1700/ 2300/1700');
INSERT INTO `device_extend_values` VALUES ('d5a7daac-5026-4e12-97c1-af81c7baf70a', '2f11ce25-0826-4c32-8d90-bf2b140923ef', '78a68ad2-8760-48af-bb5c-a78141ea8d53', 'a4cd9c8d-b684-4ca1-a24a-f6de08ea6d3e', '1700');
INSERT INTO `device_extend_values` VALUES ('d5c3aae7-4935-47ca-a4d9-b017db043775', 'a4936812-d3ef-442d-aaa3-c8a5d2b8f885', '78a68ad2-8760-48af-bb5c-a78141ea8d53', 'ccead67c-6dcd-4333-8222-212943d25c87', '出站');
INSERT INTO `device_extend_values` VALUES ('d601e4c1-0865-45dc-9b94-a60603e282c5', 'd5f28991-eafe-472c-b25d-33e6720320fd', '78a68ad2-8760-48af-bb5c-a78141ea8d53', 'cabebf63-9109-4811-9b5b-26a38873bee6', '自闭');
INSERT INTO `device_extend_values` VALUES ('d606bba7-90b9-4d9d-9fd1-6dbd1a817f92', 'f6b7e1d3-e167-4872-9e6a-0f8bd729f4cc', '78a68ad2-8760-48af-bb5c-a78141ea8d53', 'a13b50ff-981e-488e-b9d7-4cab796d3545', '1.231');
INSERT INTO `device_extend_values` VALUES ('d613cb1a-6199-4ff7-897f-89bcfdf17c91', 'd5f28991-eafe-472c-b25d-33e6720320fd', '78a68ad2-8760-48af-bb5c-a78141ea8d53', '23883b20-b4dc-486a-8ece-1e3e0e8abb18', '半自闭');
INSERT INTO `device_extend_values` VALUES ('d61d8013-4562-4be1-81df-6ea790e9e61b', 'a4936812-d3ef-442d-aaa3-c8a5d2b8f885', '78a68ad2-8760-48af-bb5c-a78141ea8d53', '4bbc4641-ec1a-470b-b7e1-be3d9f2e041d', '出站');
INSERT INTO `device_extend_values` VALUES ('d6238e5b-0869-46f8-9a47-2c405e194c33', 'a4936812-d3ef-442d-aaa3-c8a5d2b8f885', '78a68ad2-8760-48af-bb5c-a78141ea8d53', '6e860d74-20e2-42a7-8027-046544da24ff', '进站');
INSERT INTO `device_extend_values` VALUES ('d6485fb4-eb28-431b-8e4b-51d78a5b2492', 'f6b7e1d3-e167-4872-9e6a-0f8bd729f4cc', '78a68ad2-8760-48af-bb5c-a78141ea8d53', '4f40aad2-b49a-4ee5-ae7f-6eac2ec649ea', '2.06');
INSERT INTO `device_extend_values` VALUES ('d6a1cd21-b7f9-4f2f-9762-ad4727758a0f', '66390bfd-9f3c-41e1-bb6a-f281dd9953f3', '78a68ad2-8760-48af-bb5c-a78141ea8d53', '126bf284-6d56-4185-8d8d-c922d0478491', '下');
INSERT INTO `device_extend_values` VALUES ('d6eae9b2-fcd9-4d80-8d9a-a16293b91756', '180f5a84-169b-4b93-922c-5ada48d52d2f', '78a68ad2-8760-48af-bb5c-a78141ea8d53', '521a7fd8-e091-4362-83ed-bc7db58b027a', 'ZPW2000A型移频');
INSERT INTO `device_extend_values` VALUES ('d70db9ee-dc3c-4189-b2c6-43d6910486a6', 'd5f28991-eafe-472c-b25d-33e6720320fd', '78a68ad2-8760-48af-bb5c-a78141ea8d53', 'ed9cb541-0d5d-4327-bf05-2c8116e2beab', '半自闭');
INSERT INTO `device_extend_values` VALUES ('d710b53b-7112-4cbe-bc6e-1c4266936675', '180f5a84-169b-4b93-922c-5ada48d52d2f', '78a68ad2-8760-48af-bb5c-a78141ea8d53', 'f4a1f9f2-c23e-4c64-a3c5-2b416c82e5ab', 'ZPW2000A型移频');
INSERT INTO `device_extend_values` VALUES ('d7693674-cab6-49b2-ae15-410ee6476e0d', '180f5a84-169b-4b93-922c-5ada48d52d2f', '78a68ad2-8760-48af-bb5c-a78141ea8d53', '857c0d01-ec75-4d60-8da9-bbf41fe15b83', 'ZPW-2000A/K型无绝缘');
INSERT INTO `device_extend_values` VALUES ('d77057bd-b578-4d5d-be93-8250d11081e8', 'f6b7e1d3-e167-4872-9e6a-0f8bd729f4cc', '78a68ad2-8760-48af-bb5c-a78141ea8d53', '5a9cc0e0-b0ce-4c1c-857e-849630593ade', '2.06');
INSERT INTO `device_extend_values` VALUES ('d7d8b147-9c74-4323-aca5-3703c6ef00c4', 'a4936812-d3ef-442d-aaa3-c8a5d2b8f885', '78a68ad2-8760-48af-bb5c-a78141ea8d53', '0fb930b5-bb64-43e0-8e22-ba4b556a29c1', '进站');
INSERT INTO `device_extend_values` VALUES ('d815cd81-3a7b-4fea-80ea-3d40544949c7', '2f11ce25-0826-4c32-8d90-bf2b140923ef', '78a68ad2-8760-48af-bb5c-a78141ea8d53', '054af2f3-6e77-4540-b868-f44f6f27ccd5', '2000');
INSERT INTO `device_extend_values` VALUES ('d8393c46-dbe9-47f1-bf62-1df2b5b28390', '2f11ce25-0826-4c32-8d90-bf2b140923ef', '78a68ad2-8760-48af-bb5c-a78141ea8d53', '7386032c-a652-407b-baa5-25ddefb08fe1', '2600');
INSERT INTO `device_extend_values` VALUES ('d848045b-c26a-45ab-afe0-eef0c53a6560', 'd5f28991-eafe-472c-b25d-33e6720320fd', '78a68ad2-8760-48af-bb5c-a78141ea8d53', '9bdab589-c0c4-4f7f-b761-971867784221', '半自闭');
INSERT INTO `device_extend_values` VALUES ('d8ab2fc8-4986-4acb-ad4f-673463e2f4fa', '2f11ce25-0826-4c32-8d90-bf2b140923ef', '78a68ad2-8760-48af-bb5c-a78141ea8d53', '890dd5d0-e8ba-4b31-9cf6-3be52172bfc9', '1700');
INSERT INTO `device_extend_values` VALUES ('d8d39759-65c4-46a6-af54-f797a6a8e36f', 'f6b7e1d3-e167-4872-9e6a-0f8bd729f4cc', '78a68ad2-8760-48af-bb5c-a78141ea8d53', '14efa133-c3f7-4df4-a503-0bf6d07eeca3', '0.379');
INSERT INTO `device_extend_values` VALUES ('d909d05e-2f77-4bbe-8d39-4ba2cd595222', 'a4936812-d3ef-442d-aaa3-c8a5d2b8f885', '78a68ad2-8760-48af-bb5c-a78141ea8d53', '7ad27dbd-fedd-4b20-a6e4-11e75b978f98', '通过');
INSERT INTO `device_extend_values` VALUES ('d912961b-e2ea-41eb-b080-d50c2994c532', '66390bfd-9f3c-41e1-bb6a-f281dd9953f3', '78a68ad2-8760-48af-bb5c-a78141ea8d53', '2c7a2e58-8b2d-41ef-813b-4f8be24a7be8', '下');
INSERT INTO `device_extend_values` VALUES ('d933c05e-bd63-49f3-b29c-b9e99a7b8205', 'd5f28991-eafe-472c-b25d-33e6720320fd', '78a68ad2-8760-48af-bb5c-a78141ea8d53', 'f11ea74f-3bf3-4494-8578-987a00a6f8bd', '自闭');
INSERT INTO `device_extend_values` VALUES ('d9343009-09d3-4e60-ad17-614a897de4a6', '180f5a84-169b-4b93-922c-5ada48d52d2f', '78a68ad2-8760-48af-bb5c-a78141ea8d53', 'f03d11a6-702c-4b0e-8849-7676a2355789', 'ZPW-2000A/K型无绝缘');
INSERT INTO `device_extend_values` VALUES ('d947b56b-9b03-4ce4-bcc9-99b9ad374b15', '06a1cc4c-9de5-4e05-9c63-5d868889fbfd', '78a68ad2-8760-48af-bb5c-a78141ea8d53', '0e01d7fe-7f53-4935-8542-c681101abe93', '标准UM71');
INSERT INTO `device_extend_values` VALUES ('d9d792b0-bd41-43cb-ad4a-50fcd320f51b', '2f11ce25-0826-4c32-8d90-bf2b140923ef', '78a68ad2-8760-48af-bb5c-a78141ea8d53', 'c72461ee-e988-40ae-aa84-72c8bd761f56', '2300');
INSERT INTO `device_extend_values` VALUES ('da1cc389-7024-4fab-bdfa-235a47661153', 'd5f28991-eafe-472c-b25d-33e6720320fd', '78a68ad2-8760-48af-bb5c-a78141ea8d53', '33131992-6c8c-469f-82b6-307532e3d1d3', '半自闭');
INSERT INTO `device_extend_values` VALUES ('da526dc8-306c-45b1-b6d0-83595bf86360', '180f5a84-169b-4b93-922c-5ada48d52d2f', '78a68ad2-8760-48af-bb5c-a78141ea8d53', '655de06c-e5ac-495a-87b2-4475fead91ca', 'ZPW2000A型移频');
INSERT INTO `device_extend_values` VALUES ('da63bf4d-315d-44e2-9b4e-90f05b0b789c', '2f11ce25-0826-4c32-8d90-bf2b140923ef', '78a68ad2-8760-48af-bb5c-a78141ea8d53', 'acdb18c4-0e24-45b0-b0de-622b8c73f300', '2000/2600');
INSERT INTO `device_extend_values` VALUES ('daecc9e4-5455-4502-9b8d-feab6b19e546', '06a1cc4c-9de5-4e05-9c63-5d868889fbfd', '78a68ad2-8760-48af-bb5c-a78141ea8d53', 'f3fe5f36-6f3d-430b-8fc0-79236633be1d', '标准UM71');
INSERT INTO `device_extend_values` VALUES ('daf4cfd5-77db-49c7-b3a2-af39f236e2b7', 'a4936812-d3ef-442d-aaa3-c8a5d2b8f885', '78a68ad2-8760-48af-bb5c-a78141ea8d53', '61d14973-d344-46dc-a551-af1bf260cd4f', '逆向进站');
INSERT INTO `device_extend_values` VALUES ('daf7faa6-e7ba-4c56-a606-c57ce2bfaccc', 'd5f28991-eafe-472c-b25d-33e6720320fd', '78a68ad2-8760-48af-bb5c-a78141ea8d53', 'e2a30f88-9a87-468d-89c4-f087ef9c9c9d', '自闭');
INSERT INTO `device_extend_values` VALUES ('dafd4857-c5c7-4390-9c3b-7fd7bd2fcc59', 'f6b7e1d3-e167-4872-9e6a-0f8bd729f4cc', '78a68ad2-8760-48af-bb5c-a78141ea8d53', 'e8f5e22b-55c0-4989-9ca6-1ae411cca356', '11.928');
INSERT INTO `device_extend_values` VALUES ('daff0e6f-fdbe-4b9d-b91c-c7fe8f6fd1dd', 'f6b7e1d3-e167-4872-9e6a-0f8bd729f4cc', '78a68ad2-8760-48af-bb5c-a78141ea8d53', 'faa07116-d09a-46aa-912d-edc4f4dd9016', '0.379');
INSERT INTO `device_extend_values` VALUES ('db0186d3-c84b-466b-bb3a-b999ee208c57', '180f5a84-169b-4b93-922c-5ada48d52d2f', '78a68ad2-8760-48af-bb5c-a78141ea8d53', '250f4332-7ebc-4bb6-8baf-c72878ee0c95', 'ZPW-2000A/K型无绝缘');
INSERT INTO `device_extend_values` VALUES ('db41c1f8-30b2-4293-8854-0b8ae9ae1bfa', 'f6b7e1d3-e167-4872-9e6a-0f8bd729f4cc', '78a68ad2-8760-48af-bb5c-a78141ea8d53', '61d14973-d344-46dc-a551-af1bf260cd4f', '11.928');
INSERT INTO `device_extend_values` VALUES ('db73b0b0-c47d-46b4-bd26-6bed95b60d10', '06a1cc4c-9de5-4e05-9c63-5d868889fbfd', '78a68ad2-8760-48af-bb5c-a78141ea8d53', '9ae9a19d-3ab3-4354-849e-43a515843a30', '标准UM71');
INSERT INTO `device_extend_values` VALUES ('db7d4e5d-868b-402e-b870-9091b502df40', '2f11ce25-0826-4c32-8d90-bf2b140923ef', '78a68ad2-8760-48af-bb5c-a78141ea8d53', '5555741e-d2ed-4757-9889-0e674cfc43a7', '2600');
INSERT INTO `device_extend_values` VALUES ('db8a1d1b-0c19-4e88-93e9-775b5904e840', '66390bfd-9f3c-41e1-bb6a-f281dd9953f3', '78a68ad2-8760-48af-bb5c-a78141ea8d53', '5c21acab-72a6-4ffa-9d84-13e31b8ac771', '上');
INSERT INTO `device_extend_values` VALUES ('db8e7999-dfdf-4883-b56e-06c3f2a0e357', 'f6b7e1d3-e167-4872-9e6a-0f8bd729f4cc', '78a68ad2-8760-48af-bb5c-a78141ea8d53', 'dc2d324a-9444-4e8c-99b9-09868bcf8259', '11.928');
INSERT INTO `device_extend_values` VALUES ('dba2a877-e517-462f-9c0c-83b9345325eb', 'a4936812-d3ef-442d-aaa3-c8a5d2b8f885', '78a68ad2-8760-48af-bb5c-a78141ea8d53', '2c7a2e58-8b2d-41ef-813b-4f8be24a7be8', '进站');
INSERT INTO `device_extend_values` VALUES ('dc2c6c37-bc46-4d1b-bfae-d58dab494ec2', 'a4936812-d3ef-442d-aaa3-c8a5d2b8f885', '78a68ad2-8760-48af-bb5c-a78141ea8d53', '2dc5d2c3-828f-4982-9708-a9738120c24a', '出站');
INSERT INTO `device_extend_values` VALUES ('dc3e6ffe-7615-4e2e-aeef-670bb0096f5b', 'd5f28991-eafe-472c-b25d-33e6720320fd', '78a68ad2-8760-48af-bb5c-a78141ea8d53', 'e68e7ce0-a7c0-4617-8f37-d75e0e01a85c', '自闭');
INSERT INTO `device_extend_values` VALUES ('dc514d0e-cbda-474e-b8f2-d439b0d81a4e', '66390bfd-9f3c-41e1-bb6a-f281dd9953f3', '78a68ad2-8760-48af-bb5c-a78141ea8d53', '4f40aad2-b49a-4ee5-ae7f-6eac2ec649ea', '下');
INSERT INTO `device_extend_values` VALUES ('dc53d9e9-723f-4c2e-90a9-ddd645dd4b61', '7de6653f-bc83-4d8d-9b2a-8055f9f3f75f', '85ee69e1-947c-460a-ba02-df060abe1e03', 'c0e876c0-7122-452a-a0f5-1ee8780513bb', '3');
INSERT INTO `device_extend_values` VALUES ('dc63ba7c-9a94-4eb4-a5f1-18c88644a021', 'f6b7e1d3-e167-4872-9e6a-0f8bd729f4cc', '78a68ad2-8760-48af-bb5c-a78141ea8d53', '81990ca4-033d-4948-b026-86fc948fc4e0', '1.029');
INSERT INTO `device_extend_values` VALUES ('dc707d15-840e-4835-b0e8-717f95ca5a21', '66390bfd-9f3c-41e1-bb6a-f281dd9953f3', '78a68ad2-8760-48af-bb5c-a78141ea8d53', 'd7419e22-2e1b-4b54-bc6a-4f8140fd41fa', '上');
INSERT INTO `device_extend_values` VALUES ('dcc9592b-dffe-4413-908f-b6d0b86a74f3', 'd5f28991-eafe-472c-b25d-33e6720320fd', '78a68ad2-8760-48af-bb5c-a78141ea8d53', '61d21af0-e7b6-40d1-95eb-ebc0961889b3', '自闭');
INSERT INTO `device_extend_values` VALUES ('dcdbea03-cb6a-455a-adeb-6348ea1f7a07', 'f6b7e1d3-e167-4872-9e6a-0f8bd729f4cc', '78a68ad2-8760-48af-bb5c-a78141ea8d53', 'd7def4c6-9878-4616-af7e-5eb29f9197bd', '3.035');
INSERT INTO `device_extend_values` VALUES ('dd666c0f-f014-49f2-90e2-6e1e73aa7e8a', '66390bfd-9f3c-41e1-bb6a-f281dd9953f3', '78a68ad2-8760-48af-bb5c-a78141ea8d53', '3e8f2687-402a-43c7-9cb6-48bf2a0dd5ca', '上');
INSERT INTO `device_extend_values` VALUES ('dd6d4996-eaa2-4875-b2c2-b12c76970a17', 'a4936812-d3ef-442d-aaa3-c8a5d2b8f885', '78a68ad2-8760-48af-bb5c-a78141ea8d53', '6c9b8732-dc41-4dd0-a00f-08dd613ab8e7', '通过');
INSERT INTO `device_extend_values` VALUES ('ddb6f3f6-6991-4dde-93b4-38f08614da2e', 'd5f28991-eafe-472c-b25d-33e6720320fd', '78a68ad2-8760-48af-bb5c-a78141ea8d53', 'f6443d74-20fb-46cc-bd4d-8638912d8702', '半自闭');
INSERT INTO `device_extend_values` VALUES ('ddbcbbad-614c-4796-b5e4-85d55fce50d5', 'a4936812-d3ef-442d-aaa3-c8a5d2b8f885', '78a68ad2-8760-48af-bb5c-a78141ea8d53', 'f03d11a6-702c-4b0e-8849-7676a2355789', '通过');
INSERT INTO `device_extend_values` VALUES ('ddd67a40-cf3c-42d4-a76f-749d2813272f', '06a1cc4c-9de5-4e05-9c63-5d868889fbfd', '78a68ad2-8760-48af-bb5c-a78141ea8d53', '3dd5586d-24ae-4e30-9c70-e14bd51215cc', '标准UM71');
INSERT INTO `device_extend_values` VALUES ('ddf04b90-54eb-42a1-9823-dd33ba2c98eb', '180f5a84-169b-4b93-922c-5ada48d52d2f', '78a68ad2-8760-48af-bb5c-a78141ea8d53', 'dd321c34-2861-4c8b-af10-7984e8a79dc3', 'ZPW2000A型移频');
INSERT INTO `device_extend_values` VALUES ('de283a57-7c9f-4ad7-adc6-34d9c28e5937', 'f6b7e1d3-e167-4872-9e6a-0f8bd729f4cc', '78a68ad2-8760-48af-bb5c-a78141ea8d53', '9ae9a19d-3ab3-4354-849e-43a515843a30', '1.029');
INSERT INTO `device_extend_values` VALUES ('de296306-ae48-45ae-a777-a8976ed60924', '180f5a84-169b-4b93-922c-5ada48d52d2f', '78a68ad2-8760-48af-bb5c-a78141ea8d53', '6c9b8732-dc41-4dd0-a00f-08dd613ab8e7', 'ZPW-2000A/K型无绝缘');
INSERT INTO `device_extend_values` VALUES ('ded6fcc1-d29b-49ca-8b60-318ae20c26f7', '2f11ce25-0826-4c32-8d90-bf2b140923ef', '78a68ad2-8760-48af-bb5c-a78141ea8d53', '7c1af819-d9cd-4a79-a750-ec83690f52f0', '2300');
INSERT INTO `device_extend_values` VALUES ('def4f98e-2e10-4878-85e2-33ca39cf779c', 'f6b7e1d3-e167-4872-9e6a-0f8bd729f4cc', '78a68ad2-8760-48af-bb5c-a78141ea8d53', '72fd7dab-593b-44f9-8645-976c3c336252', '3.035');
INSERT INTO `device_extend_values` VALUES ('df2cdcdf-19f5-4abe-9489-47c8a495dfac', '06a1cc4c-9de5-4e05-9c63-5d868889fbfd', '78a68ad2-8760-48af-bb5c-a78141ea8d53', '83a16f2b-de7e-4ca2-b83d-915536f35f42', '标准UM71');
INSERT INTO `device_extend_values` VALUES ('df6149e4-d91e-432f-a6b3-ecd58f95aa15', 'd5f28991-eafe-472c-b25d-33e6720320fd', '78a68ad2-8760-48af-bb5c-a78141ea8d53', 'b81f9e2f-37cf-4f28-80fb-b4d56e57c03b', '半自闭');
INSERT INTO `device_extend_values` VALUES ('df90973d-a3f6-44d9-91c0-3ee75dde2e9f', '66390bfd-9f3c-41e1-bb6a-f281dd9953f3', '78a68ad2-8760-48af-bb5c-a78141ea8d53', '8be15105-2cdd-4789-bcf9-10b681f1af20', '上');
INSERT INTO `device_extend_values` VALUES ('dfc10880-825f-462d-88d4-2cc7491b1698', '2f11ce25-0826-4c32-8d90-bf2b140923ef', '78a68ad2-8760-48af-bb5c-a78141ea8d53', 'f9b244ab-1a55-49ea-adee-9d1dddf17cd7', '2600/2000/2600/ 2000');
INSERT INTO `device_extend_values` VALUES ('dffb8162-f0c7-4fcf-a649-8ca88f659920', 'a4936812-d3ef-442d-aaa3-c8a5d2b8f885', '78a68ad2-8760-48af-bb5c-a78141ea8d53', '9abd0a3c-e655-4105-85c7-38aec93787d3', '通过');
INSERT INTO `device_extend_values` VALUES ('e02082ce-1b14-4a79-bb78-adcda46a7488', 'a4936812-d3ef-442d-aaa3-c8a5d2b8f885', '78a68ad2-8760-48af-bb5c-a78141ea8d53', '1385f7f6-0393-492c-9f91-ea5488824ead', '出站');
INSERT INTO `device_extend_values` VALUES ('e07f179c-5397-4700-b1c9-6e0d9911c3be', '06a1cc4c-9de5-4e05-9c63-5d868889fbfd', '78a68ad2-8760-48af-bb5c-a78141ea8d53', 'd0fe9754-2154-483b-84ba-bf1df766e400', '标准UM71');
INSERT INTO `device_extend_values` VALUES ('e08cf3a9-63c9-4630-9259-3c3bb6fb7e49', '2f11ce25-0826-4c32-8d90-bf2b140923ef', '78a68ad2-8760-48af-bb5c-a78141ea8d53', '6e860d74-20e2-42a7-8027-046544da24ff', '1700');
INSERT INTO `device_extend_values` VALUES ('e0bd603e-8073-4db4-918d-f709f9d8b954', '2f11ce25-0826-4c32-8d90-bf2b140923ef', '78a68ad2-8760-48af-bb5c-a78141ea8d53', '9fc85db7-a26e-4f02-b144-68aca2e74063', '1700/2300/1700/ 2300/1700');
INSERT INTO `device_extend_values` VALUES ('e0c2b168-2094-4b0d-a51a-32796799aefc', '06a1cc4c-9de5-4e05-9c63-5d868889fbfd', '78a68ad2-8760-48af-bb5c-a78141ea8d53', '605ce0e7-14a8-4cab-a8ff-cbfd42c79f94', '标准UM71');
INSERT INTO `device_extend_values` VALUES ('e0fc8138-81f0-47b6-a56c-30e44306b925', '2f11ce25-0826-4c32-8d90-bf2b140923ef', '78a68ad2-8760-48af-bb5c-a78141ea8d53', '5142074c-1dcb-4787-b56d-d9f845bac5b1', '2000');
INSERT INTO `device_extend_values` VALUES ('e137cd6c-f3fb-46f9-bf1a-765006dda39d', '2f11ce25-0826-4c32-8d90-bf2b140923ef', '78a68ad2-8760-48af-bb5c-a78141ea8d53', '033d85c5-3e29-4f9d-b331-266a87993085', '2300');
INSERT INTO `device_extend_values` VALUES ('e154dad7-230d-4ccf-8c6c-7ac642ae487e', 'f6b7e1d3-e167-4872-9e6a-0f8bd729f4cc', '78a68ad2-8760-48af-bb5c-a78141ea8d53', 'c0fa99e5-d669-457f-b107-02fbb1d76044', '3.035');
INSERT INTO `device_extend_values` VALUES ('e157eea1-3962-49a6-8815-bd0cbcc1d62e', '66390bfd-9f3c-41e1-bb6a-f281dd9953f3', '78a68ad2-8760-48af-bb5c-a78141ea8d53', 'b2c08127-b6c9-42f8-a2b1-1488b45e8fe4', '上');
INSERT INTO `device_extend_values` VALUES ('e188b093-e97b-4122-9089-848894fafd79', '06a1cc4c-9de5-4e05-9c63-5d868889fbfd', '78a68ad2-8760-48af-bb5c-a78141ea8d53', '4f40aad2-b49a-4ee5-ae7f-6eac2ec649ea', '标准UM71');
INSERT INTO `device_extend_values` VALUES ('e18a7634-8028-49cc-a720-091a8fefd34f', '66390bfd-9f3c-41e1-bb6a-f281dd9953f3', '78a68ad2-8760-48af-bb5c-a78141ea8d53', '0f2c71e1-7734-4053-8af7-4398b9cdd526', '下');
INSERT INTO `device_extend_values` VALUES ('e1c87e72-b0e2-4496-84b8-7926e3cba791', '2f11ce25-0826-4c32-8d90-bf2b140923ef', '78a68ad2-8760-48af-bb5c-a78141ea8d53', '61d21af0-e7b6-40d1-95eb-ebc0961889b3', '2600');
INSERT INTO `device_extend_values` VALUES ('e225a78c-bf7e-4782-b7ef-57e612684344', '66390bfd-9f3c-41e1-bb6a-f281dd9953f3', '78a68ad2-8760-48af-bb5c-a78141ea8d53', '9bdab589-c0c4-4f7f-b761-971867784221', '上');
INSERT INTO `device_extend_values` VALUES ('e23ff720-eb45-4e59-afa2-35e9527852dd', 'f6b7e1d3-e167-4872-9e6a-0f8bd729f4cc', '78a68ad2-8760-48af-bb5c-a78141ea8d53', 'e855f980-0b33-498e-8cca-da028fd09829', '0.379');
INSERT INTO `device_extend_values` VALUES ('e242b3fc-eac5-49ec-a23d-0bd7bb3e66ff', '06a1cc4c-9de5-4e05-9c63-5d868889fbfd', '78a68ad2-8760-48af-bb5c-a78141ea8d53', '731ac4f4-c4fa-41fe-915b-0ea34bf14ac6', '标准UM71');
INSERT INTO `device_extend_values` VALUES ('e24d1a04-74dd-4af8-98e9-a68dc6c73d0a', '180f5a84-169b-4b93-922c-5ada48d52d2f', '78a68ad2-8760-48af-bb5c-a78141ea8d53', 'e9fc05ab-70f6-42da-a14e-b88f9823a97f', 'ZPW-2000A/K型无绝缘');
INSERT INTO `device_extend_values` VALUES ('e255a97a-d1af-488e-af54-e813fb044d57', '66390bfd-9f3c-41e1-bb6a-f281dd9953f3', '78a68ad2-8760-48af-bb5c-a78141ea8d53', 'dd9996a5-32c9-4089-9e19-18feccd340e8', '下');
INSERT INTO `device_extend_values` VALUES ('e2796cda-7ae8-4f69-8590-7f5aa98c3300', 'f6b7e1d3-e167-4872-9e6a-0f8bd729f4cc', '78a68ad2-8760-48af-bb5c-a78141ea8d53', 'e9fc05ab-70f6-42da-a14e-b88f9823a97f', '0.379');
INSERT INTO `device_extend_values` VALUES ('e288710b-7413-42f9-a642-3abd57d29f95', 'f6b7e1d3-e167-4872-9e6a-0f8bd729f4cc', '78a68ad2-8760-48af-bb5c-a78141ea8d53', '1385f7f6-0393-492c-9f91-ea5488824ead', '0.379');
INSERT INTO `device_extend_values` VALUES ('e291adff-5892-41a4-93eb-1cde65885866', '2f11ce25-0826-4c32-8d90-bf2b140923ef', '78a68ad2-8760-48af-bb5c-a78141ea8d53', 'eeee548d-b7ed-46d8-a5fb-1f9b84d24ba4', '1700');
INSERT INTO `device_extend_values` VALUES ('e2ae97f5-61bf-4118-9c9e-bd605bc91947', '06a1cc4c-9de5-4e05-9c63-5d868889fbfd', '78a68ad2-8760-48af-bb5c-a78141ea8d53', '19db4474-2e09-4988-9710-d805dd622318', '标准UM71');
INSERT INTO `device_extend_values` VALUES ('e2b5acf7-517a-4686-8dd6-492396a4bb0e', 'a4936812-d3ef-442d-aaa3-c8a5d2b8f885', '78a68ad2-8760-48af-bb5c-a78141ea8d53', 'f1b6cf95-401d-4e1a-9234-e63f2f614d6e', '出站');
INSERT INTO `device_extend_values` VALUES ('e2e579e5-9e30-43a5-821a-9a280187bdab', '06a1cc4c-9de5-4e05-9c63-5d868889fbfd', '78a68ad2-8760-48af-bb5c-a78141ea8d53', 'c159f448-7c07-45a6-97fa-26a8b0d7ebf7', '标准UM71');
INSERT INTO `device_extend_values` VALUES ('e2f34f19-591a-4910-b505-446f8e1c6ad2', '66390bfd-9f3c-41e1-bb6a-f281dd9953f3', '78a68ad2-8760-48af-bb5c-a78141ea8d53', '9ae9a19d-3ab3-4354-849e-43a515843a30', '上');
INSERT INTO `device_extend_values` VALUES ('e3044480-875f-4290-b02f-768dc86d8bac', 'a4936812-d3ef-442d-aaa3-c8a5d2b8f885', '78a68ad2-8760-48af-bb5c-a78141ea8d53', '1454384e-bcb5-4759-a637-5f0a4c97500a', '进站');
INSERT INTO `device_extend_values` VALUES ('e32875ec-ee16-4129-8124-ccd59992c32c', '66390bfd-9f3c-41e1-bb6a-f281dd9953f3', '78a68ad2-8760-48af-bb5c-a78141ea8d53', 'c72461ee-e988-40ae-aa84-72c8bd761f56', '下');
INSERT INTO `device_extend_values` VALUES ('e34cd776-22cc-4b68-94f5-a89dcb979c6b', 'f6b7e1d3-e167-4872-9e6a-0f8bd729f4cc', '78a68ad2-8760-48af-bb5c-a78141ea8d53', '3bc2e90d-bab8-4826-9f8e-ce0eff25d386', '4.906');
INSERT INTO `device_extend_values` VALUES ('e3634be7-8bdf-4da4-b253-0edab94a46c6', '2f11ce25-0826-4c32-8d90-bf2b140923ef', '78a68ad2-8760-48af-bb5c-a78141ea8d53', 'dd9996a5-32c9-4089-9e19-18feccd340e8', '2600');
INSERT INTO `device_extend_values` VALUES ('e36b0b56-6deb-4c5f-a2f4-9f62810cf8a1', 'd5f28991-eafe-472c-b25d-33e6720320fd', '78a68ad2-8760-48af-bb5c-a78141ea8d53', '3bc2e90d-bab8-4826-9f8e-ce0eff25d386', '半自闭');
INSERT INTO `device_extend_values` VALUES ('e38d8516-9bb9-4a15-ae49-2db6ab194bf4', 'f6b7e1d3-e167-4872-9e6a-0f8bd729f4cc', '78a68ad2-8760-48af-bb5c-a78141ea8d53', '17123df9-9d07-4924-846f-beb5f861423d', '11.928');
INSERT INTO `device_extend_values` VALUES ('e3a6aed0-d136-4d55-a8ae-83b6aa9adca3', '06a1cc4c-9de5-4e05-9c63-5d868889fbfd', '78a68ad2-8760-48af-bb5c-a78141ea8d53', '36884235-9005-4fd2-8de4-f5f8d214f35c', '标准UM71');
INSERT INTO `device_extend_values` VALUES ('e3d689c1-06e6-4ad7-bbc8-f5ed301ec556', '66390bfd-9f3c-41e1-bb6a-f281dd9953f3', '78a68ad2-8760-48af-bb5c-a78141ea8d53', 'f6443d74-20fb-46cc-bd4d-8638912d8702', '下');
INSERT INTO `device_extend_values` VALUES ('e3d9139f-9636-4b4a-9f6c-7b8ef113b17e', '180f5a84-169b-4b93-922c-5ada48d52d2f', '78a68ad2-8760-48af-bb5c-a78141ea8d53', 'a7eee9f3-fcfb-4f06-8005-e7817730204a', 'ZPW2000A型移频');
INSERT INTO `device_extend_values` VALUES ('e3f3c6d3-90a0-45f9-88c1-f63cbf120b64', '2f11ce25-0826-4c32-8d90-bf2b140923ef', '78a68ad2-8760-48af-bb5c-a78141ea8d53', '2dc5d2c3-828f-4982-9708-a9738120c24a', '2000');
INSERT INTO `device_extend_values` VALUES ('e3fbb58b-dfe5-4741-878f-6c5de50b32f1', '06a1cc4c-9de5-4e05-9c63-5d868889fbfd', '78a68ad2-8760-48af-bb5c-a78141ea8d53', '57da45e9-07cd-47e1-a4e0-b679a9edaacc', '标准UM71');
INSERT INTO `device_extend_values` VALUES ('e406695d-a1d7-4947-acda-ae9905ef176e', 'd5f28991-eafe-472c-b25d-33e6720320fd', '78a68ad2-8760-48af-bb5c-a78141ea8d53', '0e2069c2-b8a7-40cd-9b4a-98a8a62a73da', '半自闭');
INSERT INTO `device_extend_values` VALUES ('e447ab7c-21b3-47c4-8056-75c1f0a1cb26', '06a1cc4c-9de5-4e05-9c63-5d868889fbfd', '78a68ad2-8760-48af-bb5c-a78141ea8d53', '4bbc4641-ec1a-470b-b7e1-be3d9f2e041d', '标准UM71');
INSERT INTO `device_extend_values` VALUES ('e46df82e-bacd-48f1-baba-2c1939ff0f08', '06a1cc4c-9de5-4e05-9c63-5d868889fbfd', '78a68ad2-8760-48af-bb5c-a78141ea8d53', 'e8772c33-9231-4fbf-bdd4-0f67e0ef5da8', '标准UM71');
INSERT INTO `device_extend_values` VALUES ('e48d1b27-ea8c-4d10-a4ab-f7cd26c238cc', '180f5a84-169b-4b93-922c-5ada48d52d2f', '78a68ad2-8760-48af-bb5c-a78141ea8d53', '8cb94080-97a5-47cd-a8be-602a748cd4a6', 'ZPW-2000A/K型无绝缘');
INSERT INTO `device_extend_values` VALUES ('e4c56246-59df-4a93-ae3e-bb73b24b2a97', '66390bfd-9f3c-41e1-bb6a-f281dd9953f3', '78a68ad2-8760-48af-bb5c-a78141ea8d53', '0aae4978-a20f-4c7a-ad87-92c34b9c06f7', '上');
INSERT INTO `device_extend_values` VALUES ('e4cd4e75-8fc4-4358-a8c4-47bf9767f19a', '180f5a84-169b-4b93-922c-5ada48d52d2f', '78a68ad2-8760-48af-bb5c-a78141ea8d53', 'aec13fea-0d0f-4f04-ab0e-8abff99a0258', 'ZPW-2000A/K型无绝缘');
INSERT INTO `device_extend_values` VALUES ('e4ee6464-3cb8-4aab-8f44-c6a9149c2fe4', 'f6b7e1d3-e167-4872-9e6a-0f8bd729f4cc', '78a68ad2-8760-48af-bb5c-a78141ea8d53', '731ac4f4-c4fa-41fe-915b-0ea34bf14ac6', '2.06');
INSERT INTO `device_extend_values` VALUES ('e4f729fa-a422-4bda-b019-a847475cd7a0', '2f11ce25-0826-4c32-8d90-bf2b140923ef', '78a68ad2-8760-48af-bb5c-a78141ea8d53', '126bf284-6d56-4185-8d8d-c922d0478491', '2600');
INSERT INTO `device_extend_values` VALUES ('e5423adf-23c8-43a9-9a0b-d234c1863059', 'f6b7e1d3-e167-4872-9e6a-0f8bd729f4cc', '78a68ad2-8760-48af-bb5c-a78141ea8d53', '14050a25-427b-42c2-90dd-466df82fe217', '11.928');
INSERT INTO `device_extend_values` VALUES ('e5485f53-687c-401b-b94b-1cce08f3f6f6', 'd5f28991-eafe-472c-b25d-33e6720320fd', '78a68ad2-8760-48af-bb5c-a78141ea8d53', 'dd321c34-2861-4c8b-af10-7984e8a79dc3', '半自闭');
INSERT INTO `device_extend_values` VALUES ('e59bd6eb-bbf0-4f7e-9e01-ad1442a54b23', 'a4936812-d3ef-442d-aaa3-c8a5d2b8f885', '78a68ad2-8760-48af-bb5c-a78141ea8d53', '5cc7d002-4a62-4d15-9a20-2d8ca0884c20', '出站');
INSERT INTO `device_extend_values` VALUES ('e61b0602-68c2-4221-a422-9099f1611077', '06a1cc4c-9de5-4e05-9c63-5d868889fbfd', '78a68ad2-8760-48af-bb5c-a78141ea8d53', 'be5d4d23-5dc2-436e-afc3-049254013efd', '标准UM71');
INSERT INTO `device_extend_values` VALUES ('e6249dfd-0313-45c5-8ffd-b6dcb93e54c4', 'a4936812-d3ef-442d-aaa3-c8a5d2b8f885', '78a68ad2-8760-48af-bb5c-a78141ea8d53', '2210df73-0242-4d73-bc0b-ad09513224c6', '通过');
INSERT INTO `device_extend_values` VALUES ('e6398799-7fb3-4a3e-96b9-86120d54e675', 'f6b7e1d3-e167-4872-9e6a-0f8bd729f4cc', '78a68ad2-8760-48af-bb5c-a78141ea8d53', 'cf6f18a7-5b83-40b7-87b4-f6d5ed5ebf97', '1.026');
INSERT INTO `device_extend_values` VALUES ('e6415ab0-7c70-4f21-81f3-f4d561e4db03', 'a4936812-d3ef-442d-aaa3-c8a5d2b8f885', '78a68ad2-8760-48af-bb5c-a78141ea8d53', '6a69cded-a7ca-4571-a765-1e0f292d9529', '出站');
INSERT INTO `device_extend_values` VALUES ('e64a65a5-38cb-4727-96c1-8132ddeca75a', '06a1cc4c-9de5-4e05-9c63-5d868889fbfd', '78a68ad2-8760-48af-bb5c-a78141ea8d53', '8be15105-2cdd-4789-bcf9-10b681f1af20', '标准UM71');
INSERT INTO `device_extend_values` VALUES ('e67d1e91-1b58-4fdc-a87f-8877e606e198', '66390bfd-9f3c-41e1-bb6a-f281dd9953f3', '78a68ad2-8760-48af-bb5c-a78141ea8d53', '27a8e7b4-a6da-4eca-89a0-e973a8ad1ddf', '下');
INSERT INTO `device_extend_values` VALUES ('e67f0b15-2d8d-4814-bdbd-050fa9160c76', '180f5a84-169b-4b93-922c-5ada48d52d2f', '78a68ad2-8760-48af-bb5c-a78141ea8d53', '3dd5586d-24ae-4e30-9c70-e14bd51215cc', 'ZPW2000A型移频');
INSERT INTO `device_extend_values` VALUES ('e69ae7ff-4614-46bc-a208-25de7b0b4bf8', '06a1cc4c-9de5-4e05-9c63-5d868889fbfd', '78a68ad2-8760-48af-bb5c-a78141ea8d53', '054af2f3-6e77-4540-b868-f44f6f27ccd5', '标准UM71');
INSERT INTO `device_extend_values` VALUES ('e6c91ce9-3b13-448e-a1aa-a18b51980b27', '66390bfd-9f3c-41e1-bb6a-f281dd9953f3', '78a68ad2-8760-48af-bb5c-a78141ea8d53', '88b7e356-3a01-4b60-9a4a-15cfcfb79672', '下');
INSERT INTO `device_extend_values` VALUES ('e6d1eab9-9baa-4399-91eb-b41602b8a71b', '2f11ce25-0826-4c32-8d90-bf2b140923ef', '78a68ad2-8760-48af-bb5c-a78141ea8d53', '8cb94080-97a5-47cd-a8be-602a748cd4a6', '2600');
INSERT INTO `device_extend_values` VALUES ('e724ec9d-d4c6-4c11-9ddc-f78a36ab9afc', '180f5a84-169b-4b93-922c-5ada48d52d2f', '78a68ad2-8760-48af-bb5c-a78141ea8d53', '5fc4150b-56b1-4994-82c4-f011001e0f11', 'ZPW-2000A/K型无绝缘');
INSERT INTO `device_extend_values` VALUES ('e73bb731-fd48-4fb3-9fbe-98f0dbe44b03', '06a1cc4c-9de5-4e05-9c63-5d868889fbfd', '78a68ad2-8760-48af-bb5c-a78141ea8d53', '4a9912a5-2b50-4937-970a-70f4a7e61731', '标准UM71');
INSERT INTO `device_extend_values` VALUES ('e75b69d6-e369-4ea1-99b2-5cbe9ea4294c', 'a4936812-d3ef-442d-aaa3-c8a5d2b8f885', '78a68ad2-8760-48af-bb5c-a78141ea8d53', '9eab8f09-c33e-4606-9f8a-cab6c9ed1ed0', '出站');
INSERT INTO `device_extend_values` VALUES ('e795277e-c4c8-4976-bfd1-8aa663fdeb83', '66390bfd-9f3c-41e1-bb6a-f281dd9953f3', '78a68ad2-8760-48af-bb5c-a78141ea8d53', '5c8bb850-e3d7-40e7-996c-83abc2251195', '上');
INSERT INTO `device_extend_values` VALUES ('e79f8801-6216-4559-bc65-7c91d0212449', '66390bfd-9f3c-41e1-bb6a-f281dd9953f3', '78a68ad2-8760-48af-bb5c-a78141ea8d53', '14050a25-427b-42c2-90dd-466df82fe217', '下');
INSERT INTO `device_extend_values` VALUES ('e7b36ff8-9660-44a5-8c01-822aa3dd762b', '2f11ce25-0826-4c32-8d90-bf2b140923ef', '78a68ad2-8760-48af-bb5c-a78141ea8d53', '91bd64cb-d8de-4b3d-8d50-3453f5c8f063', '2600');
INSERT INTO `device_extend_values` VALUES ('e80443be-862e-4e0b-9b3f-ba1bf62eecb0', '66390bfd-9f3c-41e1-bb6a-f281dd9953f3', '78a68ad2-8760-48af-bb5c-a78141ea8d53', 'e6899422-c6fb-4e02-b0f6-3637a6773a42', '上');
INSERT INTO `device_extend_values` VALUES ('e8134042-7de9-498f-947d-84948ffd3a54', '06a1cc4c-9de5-4e05-9c63-5d868889fbfd', '78a68ad2-8760-48af-bb5c-a78141ea8d53', '325897ba-6f9a-4441-bb7b-849e9ba4acb5', '标准UM71');
INSERT INTO `device_extend_values` VALUES ('e8593e55-3967-4b0d-b773-d6b6c44d1a9f', '180f5a84-169b-4b93-922c-5ada48d52d2f', '78a68ad2-8760-48af-bb5c-a78141ea8d53', '9bdab589-c0c4-4f7f-b761-971867784221', 'ZPW-2000A/K型无绝缘');
INSERT INTO `device_extend_values` VALUES ('e874a187-97f9-47a4-b25b-0af877c1d309', '66390bfd-9f3c-41e1-bb6a-f281dd9953f3', '78a68ad2-8760-48af-bb5c-a78141ea8d53', '5118ce20-f3e8-4355-9647-7464fa7bdb2f', '下');
INSERT INTO `device_extend_values` VALUES ('e89ced11-4489-490d-a6d4-3299c7543f53', 'f6b7e1d3-e167-4872-9e6a-0f8bd729f4cc', '78a68ad2-8760-48af-bb5c-a78141ea8d53', '4b6d5bb0-1dd4-4c89-b118-a1a162297690', '0.379');
INSERT INTO `device_extend_values` VALUES ('e89d83c8-9e97-47d2-8c8a-69ae8188974c', '66390bfd-9f3c-41e1-bb6a-f281dd9953f3', '78a68ad2-8760-48af-bb5c-a78141ea8d53', 'a4cd9c8d-b684-4ca1-a24a-f6de08ea6d3e', '下');
INSERT INTO `device_extend_values` VALUES ('e8a0e37f-0ff6-492f-8bc9-ac376483c2eb', 'd5f28991-eafe-472c-b25d-33e6720320fd', '78a68ad2-8760-48af-bb5c-a78141ea8d53', 'e6570b28-9f24-4447-8641-3158f7c4bcec', '自闭');
INSERT INTO `device_extend_values` VALUES ('e8a356a2-6a14-4034-9f4a-feb6132d2206', '66390bfd-9f3c-41e1-bb6a-f281dd9953f3', '78a68ad2-8760-48af-bb5c-a78141ea8d53', '1385f7f6-0393-492c-9f91-ea5488824ead', '下');
INSERT INTO `device_extend_values` VALUES ('e8e56652-d9a3-446e-839b-81839e74b9d5', '180f5a84-169b-4b93-922c-5ada48d52d2f', '78a68ad2-8760-48af-bb5c-a78141ea8d53', '1e04dd5a-323f-4695-8892-ec8802314f36', 'ZPW2000A型移频');
INSERT INTO `device_extend_values` VALUES ('e8f5f36d-687c-41e7-bf60-34fac1581193', '180f5a84-169b-4b93-922c-5ada48d52d2f', '78a68ad2-8760-48af-bb5c-a78141ea8d53', '88b7e356-3a01-4b60-9a4a-15cfcfb79672', 'ZPW-2000A/K型无绝缘');
INSERT INTO `device_extend_values` VALUES ('e8fd03b3-caaf-40a6-ad29-12fa82c87711', '06a1cc4c-9de5-4e05-9c63-5d868889fbfd', '78a68ad2-8760-48af-bb5c-a78141ea8d53', '7954e2f0-8d96-4964-951d-7c20d0f10656', '标准UM71');
INSERT INTO `device_extend_values` VALUES ('e90233b6-7fbe-4aeb-823b-81a72b69e514', '06a1cc4c-9de5-4e05-9c63-5d868889fbfd', '78a68ad2-8760-48af-bb5c-a78141ea8d53', 'bcaf4a73-62f2-4705-8650-15d385528791', '标准UM71');
INSERT INTO `device_extend_values` VALUES ('e910ae8e-4c49-4dcc-9035-e226cda88bee', '06a1cc4c-9de5-4e05-9c63-5d868889fbfd', '78a68ad2-8760-48af-bb5c-a78141ea8d53', '30bb6a0b-db8f-47fa-9819-b1fce0a26ff7', '标准UM71');
INSERT INTO `device_extend_values` VALUES ('e9b15746-8d77-44eb-99c9-683c1a0ee8ae', '180f5a84-169b-4b93-922c-5ada48d52d2f', '78a68ad2-8760-48af-bb5c-a78141ea8d53', '4eb9b18f-271f-4d32-8611-f478afe738bf', 'ZPW-2000A/K型无绝缘');
INSERT INTO `device_extend_values` VALUES ('e9dcdb5b-e01b-4919-8220-a154170dc1f5', 'd5f28991-eafe-472c-b25d-33e6720320fd', '78a68ad2-8760-48af-bb5c-a78141ea8d53', 'ac7bc05b-3d8b-4953-8c93-62c2968831bc', '自闭');
INSERT INTO `device_extend_values` VALUES ('e9ff5d82-afb5-48a3-bffd-d48841d79a21', '06a1cc4c-9de5-4e05-9c63-5d868889fbfd', '78a68ad2-8760-48af-bb5c-a78141ea8d53', '8cb94080-97a5-47cd-a8be-602a748cd4a6', '标准UM71');
INSERT INTO `device_extend_values` VALUES ('ea060ca7-d0f2-4898-934d-cdef75137c0d', '06a1cc4c-9de5-4e05-9c63-5d868889fbfd', '78a68ad2-8760-48af-bb5c-a78141ea8d53', '0e2069c2-b8a7-40cd-9b4a-98a8a62a73da', '标准UM71');
INSERT INTO `device_extend_values` VALUES ('ea2c48f0-17ae-4f5f-b99e-bff663133e36', '2f11ce25-0826-4c32-8d90-bf2b140923ef', '78a68ad2-8760-48af-bb5c-a78141ea8d53', '4bbc4641-ec1a-470b-b7e1-be3d9f2e041d', '2300');
INSERT INTO `device_extend_values` VALUES ('ea3dcaec-aac6-4d4a-a23e-9206cc07ad6b', '180f5a84-169b-4b93-922c-5ada48d52d2f', '78a68ad2-8760-48af-bb5c-a78141ea8d53', '5118ce20-f3e8-4355-9647-7464fa7bdb2f', 'ZPW2000A型移频');
INSERT INTO `device_extend_values` VALUES ('ea3e1d95-a2c8-431b-b8e2-dc7b7022e2a5', 'a4936812-d3ef-442d-aaa3-c8a5d2b8f885', '78a68ad2-8760-48af-bb5c-a78141ea8d53', '91bd64cb-d8de-4b3d-8d50-3453f5c8f063', '出站');
INSERT INTO `device_extend_values` VALUES ('ea4cb6ac-3c16-4e09-ab32-17d3b4d6b459', 'd5f28991-eafe-472c-b25d-33e6720320fd', '78a68ad2-8760-48af-bb5c-a78141ea8d53', '17123df9-9d07-4924-846f-beb5f861423d', '半自闭');
INSERT INTO `device_extend_values` VALUES ('ea70c834-03b2-4ee2-beb2-f1415f7992ea', '180f5a84-169b-4b93-922c-5ada48d52d2f', '78a68ad2-8760-48af-bb5c-a78141ea8d53', '1385f7f6-0393-492c-9f91-ea5488824ead', 'ZPW-2000A/K型无绝缘');
INSERT INTO `device_extend_values` VALUES ('ea976ac0-7e98-4ebf-8660-6e9ed1219a24', '2f11ce25-0826-4c32-8d90-bf2b140923ef', '78a68ad2-8760-48af-bb5c-a78141ea8d53', '5fc4150b-56b1-4994-82c4-f011001e0f11', '1700');
INSERT INTO `device_extend_values` VALUES ('eabaf2a7-6c49-4aab-9e8a-e29058c2f60f', '180f5a84-169b-4b93-922c-5ada48d52d2f', '78a68ad2-8760-48af-bb5c-a78141ea8d53', 'be5d4d23-5dc2-436e-afc3-049254013efd', 'ZPW-2000A/K型无绝缘');
INSERT INTO `device_extend_values` VALUES ('eacc9446-4fcb-4203-92a5-a34074f4b26d', '180f5a84-169b-4b93-922c-5ada48d52d2f', '78a68ad2-8760-48af-bb5c-a78141ea8d53', 'c51cc472-5484-4f82-8c8a-8f56c09e02d4', 'ZPW-2000A/K型无绝缘');
INSERT INTO `device_extend_values` VALUES ('eae138d0-f0b6-47f6-bff4-05d8834827ba', 'd5f28991-eafe-472c-b25d-33e6720320fd', '78a68ad2-8760-48af-bb5c-a78141ea8d53', '9311ec4c-9b65-4d2a-8bc9-2c0ce9b54b81', '自闭');
INSERT INTO `device_extend_values` VALUES ('eb55e424-8552-43dc-b5a4-82efc3db72e8', '06a1cc4c-9de5-4e05-9c63-5d868889fbfd', '78a68ad2-8760-48af-bb5c-a78141ea8d53', '53447c49-df5e-430d-9a8f-094086fcb6bb', '标准UM71');
INSERT INTO `device_extend_values` VALUES ('eb679bda-08bd-4f53-903a-be95624555a8', '180f5a84-169b-4b93-922c-5ada48d52d2f', '78a68ad2-8760-48af-bb5c-a78141ea8d53', '0992352d-545f-4d35-a25a-b83286464692', 'ZPW2000A型移频');
INSERT INTO `device_extend_values` VALUES ('eb71580c-056b-4a79-ba3f-968f59544a52', 'a4936812-d3ef-442d-aaa3-c8a5d2b8f885', '78a68ad2-8760-48af-bb5c-a78141ea8d53', '821ca00c-07e8-4c41-845f-e3a13dd9d353', '预告');
INSERT INTO `device_extend_values` VALUES ('eb8fe44d-4331-4753-925c-03a9cc9daeb1', '06a1cc4c-9de5-4e05-9c63-5d868889fbfd', '78a68ad2-8760-48af-bb5c-a78141ea8d53', 'd49cb9a4-c450-4461-b6f2-282bf0d50e80', '标准UM71');
INSERT INTO `device_extend_values` VALUES ('ebeba87f-7f95-42d4-8a64-39fb2041a98f', '180f5a84-169b-4b93-922c-5ada48d52d2f', '78a68ad2-8760-48af-bb5c-a78141ea8d53', '5f429cbf-b55a-40c7-8e51-0ff657b0d7b1', 'ZPW-2000A/K型无绝缘');
INSERT INTO `device_extend_values` VALUES ('ec9e5401-1085-4a4b-b119-bcff61365761', 'd5f28991-eafe-472c-b25d-33e6720320fd', '78a68ad2-8760-48af-bb5c-a78141ea8d53', 'c579b1ba-fce1-4900-b84b-7b42d35d5da9', '自闭');
INSERT INTO `device_extend_values` VALUES ('ecfba5f1-8329-4b59-a0c2-bdb4d6d01f48', '180f5a84-169b-4b93-922c-5ada48d52d2f', '78a68ad2-8760-48af-bb5c-a78141ea8d53', '7954e2f0-8d96-4964-951d-7c20d0f10656', 'ZPW-2000A/K型无绝缘');
INSERT INTO `device_extend_values` VALUES ('ed001cb4-8564-4c70-bee6-7bd40b9243cc', '2f11ce25-0826-4c32-8d90-bf2b140923ef', '78a68ad2-8760-48af-bb5c-a78141ea8d53', '4bad2b72-5169-40b2-80a4-08c9e38af43a', '1700');
INSERT INTO `device_extend_values` VALUES ('ed3076e8-fb0f-4d70-96fe-f59bfae81c4a', 'a4936812-d3ef-442d-aaa3-c8a5d2b8f885', '78a68ad2-8760-48af-bb5c-a78141ea8d53', '5fc4150b-56b1-4994-82c4-f011001e0f11', '出站');
INSERT INTO `device_extend_values` VALUES ('ed662705-68b9-4a29-8696-b26bb0f38910', '06a1cc4c-9de5-4e05-9c63-5d868889fbfd', '78a68ad2-8760-48af-bb5c-a78141ea8d53', '453cc174-242a-4ec4-9fee-86db8a78069e', '标准UM71');
INSERT INTO `device_extend_values` VALUES ('edb384bf-446b-4c7c-b382-1f6fdd312892', 'a4936812-d3ef-442d-aaa3-c8a5d2b8f885', '78a68ad2-8760-48af-bb5c-a78141ea8d53', 'a7eee9f3-fcfb-4f06-8005-e7817730204a', '出站');
INSERT INTO `device_extend_values` VALUES ('ee322c19-d0dc-4d88-9c0f-ff414752a554', '2f11ce25-0826-4c32-8d90-bf2b140923ef', '78a68ad2-8760-48af-bb5c-a78141ea8d53', '9ed2e72e-19b4-40f5-b2be-5bd0458c85ed', '2300');
INSERT INTO `device_extend_values` VALUES ('ee4c9b75-3510-4a8f-9c9f-29bddf1714f4', '66390bfd-9f3c-41e1-bb6a-f281dd9953f3', '78a68ad2-8760-48af-bb5c-a78141ea8d53', '5cc7d002-4a62-4d15-9a20-2d8ca0884c20', '下');
INSERT INTO `device_extend_values` VALUES ('ee67ea22-7bda-4e58-b1fc-ad75e3fda818', '66390bfd-9f3c-41e1-bb6a-f281dd9953f3', '78a68ad2-8760-48af-bb5c-a78141ea8d53', '840b0613-6407-44b6-9299-343a078064ed', '下');
INSERT INTO `device_extend_values` VALUES ('ee9645d0-29c3-418b-8e55-b29d1a5c8e4d', '66390bfd-9f3c-41e1-bb6a-f281dd9953f3', '78a68ad2-8760-48af-bb5c-a78141ea8d53', '525a403c-fb78-4b80-b32e-e08026d50ce1', '上');
INSERT INTO `device_extend_values` VALUES ('eeb80c2e-1e09-4c4a-b28d-1820e58b56a4', 'a4936812-d3ef-442d-aaa3-c8a5d2b8f885', '78a68ad2-8760-48af-bb5c-a78141ea8d53', 'aec13fea-0d0f-4f04-ab0e-8abff99a0258', '出站');
INSERT INTO `device_extend_values` VALUES ('eeca1673-2cf7-468d-a66e-c0fb79f1c37d', '180f5a84-169b-4b93-922c-5ada48d52d2f', '78a68ad2-8760-48af-bb5c-a78141ea8d53', 'fe9e1f02-7db8-473e-97c6-ba77e92a0718', 'ZPW-2000A/K型无绝缘');
INSERT INTO `device_extend_values` VALUES ('ef1c5e56-b47e-44ef-a661-f50cf274c54c', '180f5a84-169b-4b93-922c-5ada48d52d2f', '78a68ad2-8760-48af-bb5c-a78141ea8d53', 'e68e7ce0-a7c0-4617-8f37-d75e0e01a85c', 'ZPW2000A型移频');
INSERT INTO `device_extend_values` VALUES ('ef1f5c97-7443-420e-9730-5ffa7e1e545c', 'f6b7e1d3-e167-4872-9e6a-0f8bd729f4cc', '78a68ad2-8760-48af-bb5c-a78141ea8d53', 'acdb18c4-0e24-45b0-b0de-622b8c73f300', '1.799');
INSERT INTO `device_extend_values` VALUES ('ef26f9ae-8160-4143-ad9d-f8a740532546', '06a1cc4c-9de5-4e05-9c63-5d868889fbfd', '78a68ad2-8760-48af-bb5c-a78141ea8d53', '250ff211-be54-4975-8862-95afe1e40621', '标准UM71');
INSERT INTO `device_extend_values` VALUES ('ef37935a-cc91-4d2c-8bf7-704f4b5e786e', '06a1cc4c-9de5-4e05-9c63-5d868889fbfd', '78a68ad2-8760-48af-bb5c-a78141ea8d53', '41986435-f62b-4dec-adef-ee3777604bc7', '标准UM71');
INSERT INTO `device_extend_values` VALUES ('ef42a21e-5335-4e93-83d0-7d1cf6981e85', '06a1cc4c-9de5-4e05-9c63-5d868889fbfd', '78a68ad2-8760-48af-bb5c-a78141ea8d53', '854a3509-e185-4d2b-9aa3-1299afb30913', '标准UM71');
INSERT INTO `device_extend_values` VALUES ('ef6925df-b6ee-45cc-a4a1-1fdedb8ef6cc', 'd5f28991-eafe-472c-b25d-33e6720320fd', '78a68ad2-8760-48af-bb5c-a78141ea8d53', '61f66f8e-1a00-4ee9-82ba-37eac1aa836d', '自闭');
INSERT INTO `device_extend_values` VALUES ('ef71cd16-5abe-4e3e-bdac-3a99c751c85a', '06a1cc4c-9de5-4e05-9c63-5d868889fbfd', '78a68ad2-8760-48af-bb5c-a78141ea8d53', 'e9fc05ab-70f6-42da-a14e-b88f9823a97f', '标准UM71');
INSERT INTO `device_extend_values` VALUES ('ef747da4-e48c-4e98-8cc5-e3bb0bf15680', '66390bfd-9f3c-41e1-bb6a-f281dd9953f3', '78a68ad2-8760-48af-bb5c-a78141ea8d53', '685eb5f5-f9ce-4dca-ad23-e2b6d45a7dff', '下');
INSERT INTO `device_extend_values` VALUES ('ef9b9ffe-90b1-47c9-8099-5e7815949b79', '66390bfd-9f3c-41e1-bb6a-f281dd9953f3', '78a68ad2-8760-48af-bb5c-a78141ea8d53', 'f3b137e8-9e57-410c-a862-e8079e03da99', '下');
INSERT INTO `device_extend_values` VALUES ('efdfaaa5-82fd-4b50-80c5-37b96a70959d', '2f11ce25-0826-4c32-8d90-bf2b140923ef', '78a68ad2-8760-48af-bb5c-a78141ea8d53', '1454384e-bcb5-4759-a637-5f0a4c97500a', '1700/2300/1700/ 2300/1700');
INSERT INTO `device_extend_values` VALUES ('f005bf99-a34d-41af-ae68-a64227d80f74', '2f11ce25-0826-4c32-8d90-bf2b140923ef', '78a68ad2-8760-48af-bb5c-a78141ea8d53', '05be799d-c5d5-4a62-90fd-8e7179af7341', '1700');
INSERT INTO `device_extend_values` VALUES ('f0191042-f2a1-4aed-a55e-bd2b68fdc7ee', '66390bfd-9f3c-41e1-bb6a-f281dd9953f3', '78a68ad2-8760-48af-bb5c-a78141ea8d53', 'f1b6cf95-401d-4e1a-9234-e63f2f614d6e', '上');
INSERT INTO `device_extend_values` VALUES ('f03669f5-85a3-4afd-b92d-c21e8a45df9a', '66390bfd-9f3c-41e1-bb6a-f281dd9953f3', '78a68ad2-8760-48af-bb5c-a78141ea8d53', 'f9841af1-781e-4a0a-b1f1-06147d7ffa57', '上');
INSERT INTO `device_extend_values` VALUES ('f0524935-8ed1-429d-9003-9fc05a652760', 'a4936812-d3ef-442d-aaa3-c8a5d2b8f885', '78a68ad2-8760-48af-bb5c-a78141ea8d53', '36a18d9b-4bd4-4a9d-b6c4-144bc5dcae47', '进站');
INSERT INTO `device_extend_values` VALUES ('f06cd5ca-e9b2-4cdd-b080-a3a2bf516e8f', '2f11ce25-0826-4c32-8d90-bf2b140923ef', '78a68ad2-8760-48af-bb5c-a78141ea8d53', '2a274fd7-bece-40bb-94fc-c278456d1b25', '2600');
INSERT INTO `device_extend_values` VALUES ('f0719cdd-8385-4f48-ae8b-7b69c2989a6c', '180f5a84-169b-4b93-922c-5ada48d52d2f', '78a68ad2-8760-48af-bb5c-a78141ea8d53', 'c10448e0-7873-4193-86eb-897da8a6893d', 'ZPW-2000A/K型无绝缘');
INSERT INTO `device_extend_values` VALUES ('f083ab86-9cc0-4c9c-8fbd-9e8eb4026288', '66390bfd-9f3c-41e1-bb6a-f281dd9953f3', '78a68ad2-8760-48af-bb5c-a78141ea8d53', '3b8ba5b1-05ca-4b0e-b0c4-ee5405c460a9', '下');
INSERT INTO `device_extend_values` VALUES ('f08bf396-b8b5-43a0-bd1c-4dfaad26f213', 'a4936812-d3ef-442d-aaa3-c8a5d2b8f885', '78a68ad2-8760-48af-bb5c-a78141ea8d53', 'b9f84491-f89f-4b40-a193-531304484c0a', '逆向进站');
INSERT INTO `device_extend_values` VALUES ('f0e05e53-79e7-4443-90c1-cafbbe8b9cba', 'a4936812-d3ef-442d-aaa3-c8a5d2b8f885', '78a68ad2-8760-48af-bb5c-a78141ea8d53', 'd61866cb-938f-435c-abc0-b0bde46ff72f', '出站');
INSERT INTO `device_extend_values` VALUES ('f0f03411-3c03-40a7-9ac2-d39e9f12fdcf', '2f11ce25-0826-4c32-8d90-bf2b140923ef', '78a68ad2-8760-48af-bb5c-a78141ea8d53', '258bb62c-18a1-479b-b8f6-d36760bf8dc5', '2600');
INSERT INTO `device_extend_values` VALUES ('f108ddac-c1b1-488b-9ebe-de8da01a5ccc', 'f6b7e1d3-e167-4872-9e6a-0f8bd729f4cc', '78a68ad2-8760-48af-bb5c-a78141ea8d53', 'f9841af1-781e-4a0a-b1f1-06147d7ffa57', '11.187');
INSERT INTO `device_extend_values` VALUES ('f1211a53-9e72-4088-a55c-5162c967aa2f', 'a4936812-d3ef-442d-aaa3-c8a5d2b8f885', '78a68ad2-8760-48af-bb5c-a78141ea8d53', 'e6899422-c6fb-4e02-b0f6-3637a6773a42', '通过');
INSERT INTO `device_extend_values` VALUES ('f1ff6afc-dc60-4d58-9878-f0c6d78df958', 'a4936812-d3ef-442d-aaa3-c8a5d2b8f885', '78a68ad2-8760-48af-bb5c-a78141ea8d53', '55baaa24-655e-4e35-b104-8c86c6b68f5b', '通过');
INSERT INTO `device_extend_values` VALUES ('f220c741-c8b2-477b-bba1-c2a6e78a6f1d', '180f5a84-169b-4b93-922c-5ada48d52d2f', '78a68ad2-8760-48af-bb5c-a78141ea8d53', '41986435-f62b-4dec-adef-ee3777604bc7', 'ZPW2000A型无绝缘');
INSERT INTO `device_extend_values` VALUES ('f24f48a3-20e1-4eb5-9dff-6b1b1d8648ca', 'f6b7e1d3-e167-4872-9e6a-0f8bd729f4cc', '78a68ad2-8760-48af-bb5c-a78141ea8d53', 'e6570b28-9f24-4447-8641-3158f7c4bcec', '11.187');
INSERT INTO `device_extend_values` VALUES ('f25e2195-16f8-49c3-a3ce-1a86ee71c428', '06a1cc4c-9de5-4e05-9c63-5d868889fbfd', '78a68ad2-8760-48af-bb5c-a78141ea8d53', '92e11cec-ff2d-4851-a73b-dccb41aca49f', '标准UM71');
INSERT INTO `device_extend_values` VALUES ('f2b1b71f-d218-479d-b942-4745c774bf2e', '2f11ce25-0826-4c32-8d90-bf2b140923ef', '78a68ad2-8760-48af-bb5c-a78141ea8d53', 'a7eee9f3-fcfb-4f06-8005-e7817730204a', '2600');
INSERT INTO `device_extend_values` VALUES ('f2f60095-3c05-46c2-9242-50714895ed90', '66390bfd-9f3c-41e1-bb6a-f281dd9953f3', '78a68ad2-8760-48af-bb5c-a78141ea8d53', 'd776fa27-8026-41ef-9f8f-877035f5cdac', '下');
INSERT INTO `device_extend_values` VALUES ('f3009cb7-d8bd-4273-a22a-e178c0622709', 'd5f28991-eafe-472c-b25d-33e6720320fd', '78a68ad2-8760-48af-bb5c-a78141ea8d53', '5118ce20-f3e8-4355-9647-7464fa7bdb2f', '半自闭');
INSERT INTO `device_extend_values` VALUES ('f3364528-9aab-4778-a96a-94b9738ee589', '66390bfd-9f3c-41e1-bb6a-f281dd9953f3', '78a68ad2-8760-48af-bb5c-a78141ea8d53', '19657327-9c16-4000-9581-13561e81969f', '下');
INSERT INTO `device_extend_values` VALUES ('f346356b-70de-41d6-b183-0304d55a8813', '06a1cc4c-9de5-4e05-9c63-5d868889fbfd', '78a68ad2-8760-48af-bb5c-a78141ea8d53', '9311ec4c-9b65-4d2a-8bc9-2c0ce9b54b81', '标准UM71');
INSERT INTO `device_extend_values` VALUES ('f355aa00-3a71-474e-a61c-42fccdc53d27', 'f6b7e1d3-e167-4872-9e6a-0f8bd729f4cc', '78a68ad2-8760-48af-bb5c-a78141ea8d53', '27a8e7b4-a6da-4eca-89a0-e973a8ad1ddf', '1.026');
INSERT INTO `device_extend_values` VALUES ('f36c5028-0b87-4a28-bebe-dd06cb7de938', 'f6b7e1d3-e167-4872-9e6a-0f8bd729f4cc', '78a68ad2-8760-48af-bb5c-a78141ea8d53', '57da45e9-07cd-47e1-a4e0-b679a9edaacc', '1.799');
INSERT INTO `device_extend_values` VALUES ('f388684f-1a12-4ecd-967c-68ca1ff5eafd', '2f11ce25-0826-4c32-8d90-bf2b140923ef', '78a68ad2-8760-48af-bb5c-a78141ea8d53', '9e6a448b-4fb5-4d05-a41c-808eb79e88d7', '2000');
INSERT INTO `device_extend_values` VALUES ('f3fbf44e-350b-4d73-860a-fd5862d80119', '2f11ce25-0826-4c32-8d90-bf2b140923ef', '78a68ad2-8760-48af-bb5c-a78141ea8d53', '3c3efd88-fc3d-4969-b4de-47582a9b9755', '1700');
INSERT INTO `device_extend_values` VALUES ('f404b68f-7e93-475d-927a-e91bc6c22999', 'f6b7e1d3-e167-4872-9e6a-0f8bd729f4cc', '78a68ad2-8760-48af-bb5c-a78141ea8d53', '17cdce6a-92aa-4239-89fa-cc19515d4826', '3.035');
INSERT INTO `device_extend_values` VALUES ('f4070f3d-fbfa-4b6a-a30a-91cf0f298b06', '2f11ce25-0826-4c32-8d90-bf2b140923ef', '78a68ad2-8760-48af-bb5c-a78141ea8d53', '1c8da941-5438-48c3-8555-facf8f684636', '2000/2600');
INSERT INTO `device_extend_values` VALUES ('f43d7258-e7ae-4041-a7e3-da1165f8fe1b', '2f11ce25-0826-4c32-8d90-bf2b140923ef', '78a68ad2-8760-48af-bb5c-a78141ea8d53', 'a3cc4d71-9932-4de2-ad88-1a154ed0ce71', '1700');
INSERT INTO `device_extend_values` VALUES ('f49dd26a-cb4e-4444-89fc-e7f8fab936ad', '06a1cc4c-9de5-4e05-9c63-5d868889fbfd', '78a68ad2-8760-48af-bb5c-a78141ea8d53', 'acdb18c4-0e24-45b0-b0de-622b8c73f300', '标准UM71');
INSERT INTO `device_extend_values` VALUES ('f4a4e6c8-52bf-45e8-920d-3357be4b1aba', 'd5f28991-eafe-472c-b25d-33e6720320fd', '78a68ad2-8760-48af-bb5c-a78141ea8d53', '840b0613-6407-44b6-9299-343a078064ed', '自闭');
INSERT INTO `device_extend_values` VALUES ('f4b68671-7931-4534-8c8f-b7dd7cea560b', '66390bfd-9f3c-41e1-bb6a-f281dd9953f3', '78a68ad2-8760-48af-bb5c-a78141ea8d53', '1ca83586-c149-4db5-97e9-727f8b6f0d35', '下');
INSERT INTO `device_extend_values` VALUES ('f4d39beb-8139-47f4-92fc-48c7554a3ff4', '2f11ce25-0826-4c32-8d90-bf2b140923ef', '78a68ad2-8760-48af-bb5c-a78141ea8d53', 'fab9ebca-d93c-4761-880a-3bc6454ffc8d', '1700');
INSERT INTO `device_extend_values` VALUES ('f5116d5e-5c20-4a7a-92b7-d8b928d97044', '2f11ce25-0826-4c32-8d90-bf2b140923ef', '78a68ad2-8760-48af-bb5c-a78141ea8d53', '92746a2a-a2b5-45ae-afe1-2256d8364d34', '2300');
INSERT INTO `device_extend_values` VALUES ('f5327273-681d-4364-85f2-0cd3f83490fa', 'a4936812-d3ef-442d-aaa3-c8a5d2b8f885', '78a68ad2-8760-48af-bb5c-a78141ea8d53', '081168f0-b382-4613-8575-904330c6112d', '进站');
INSERT INTO `device_extend_values` VALUES ('f5560416-ba3a-458e-8617-8e3cf9ec6d36', '2f11ce25-0826-4c32-8d90-bf2b140923ef', '78a68ad2-8760-48af-bb5c-a78141ea8d53', '0e2069c2-b8a7-40cd-9b4a-98a8a62a73da', '2000');
INSERT INTO `device_extend_values` VALUES ('f5593680-660a-4e38-b7e9-ec8de7c35446', '06a1cc4c-9de5-4e05-9c63-5d868889fbfd', '78a68ad2-8760-48af-bb5c-a78141ea8d53', 'a3cc4d71-9932-4de2-ad88-1a154ed0ce71', '标准UM71');
INSERT INTO `device_extend_values` VALUES ('f5858457-cdf7-428a-8b4c-24645e458a7d', 'a4936812-d3ef-442d-aaa3-c8a5d2b8f885', '78a68ad2-8760-48af-bb5c-a78141ea8d53', '4a9912a5-2b50-4937-970a-70f4a7e61731', '出站');
INSERT INTO `device_extend_values` VALUES ('f5edbcea-0c37-49fe-bd05-bb5abc63b9ca', '2f11ce25-0826-4c32-8d90-bf2b140923ef', '78a68ad2-8760-48af-bb5c-a78141ea8d53', '83a16f2b-de7e-4ca2-b83d-915536f35f42', '2600');
INSERT INTO `device_extend_values` VALUES ('f5fa8b77-b36b-408f-903f-e1d33c306538', '2f11ce25-0826-4c32-8d90-bf2b140923ef', '78a68ad2-8760-48af-bb5c-a78141ea8d53', '17cdce6a-92aa-4239-89fa-cc19515d4826', '1700');
INSERT INTO `device_extend_values` VALUES ('f62d1082-30db-4554-ba32-f8520ae38e78', '06a1cc4c-9de5-4e05-9c63-5d868889fbfd', '78a68ad2-8760-48af-bb5c-a78141ea8d53', '081168f0-b382-4613-8575-904330c6112d', '标准UM71');
INSERT INTO `device_extend_values` VALUES ('f660eec3-3ae7-45f0-a17c-33debc1f7ea0', '2f11ce25-0826-4c32-8d90-bf2b140923ef', '78a68ad2-8760-48af-bb5c-a78141ea8d53', '857c0d01-ec75-4d60-8da9-bbf41fe15b83', '1700/2300/1700/ 2300/1700');
INSERT INTO `device_extend_values` VALUES ('f694a91c-b5fb-406c-a307-81007b1b992e', '06a1cc4c-9de5-4e05-9c63-5d868889fbfd', '78a68ad2-8760-48af-bb5c-a78141ea8d53', 'f6443d74-20fb-46cc-bd4d-8638912d8702', '标准UM71');
INSERT INTO `device_extend_values` VALUES ('f6dc8712-2547-4fd0-b08f-9f8dd8f7cba1', '180f5a84-169b-4b93-922c-5ada48d52d2f', '78a68ad2-8760-48af-bb5c-a78141ea8d53', '24e0a754-4caf-4c4f-8695-0c3dee608b96', 'ZPW2000A型移频');
INSERT INTO `device_extend_values` VALUES ('f6fe8dc5-0340-4e5c-8bdf-7ea76d2a6401', 'a4936812-d3ef-442d-aaa3-c8a5d2b8f885', '78a68ad2-8760-48af-bb5c-a78141ea8d53', '1414cf63-8a76-4c81-a3f0-187ed1c6cd12', '出站');
INSERT INTO `device_extend_values` VALUES ('f7505b00-de46-4b5a-9f24-efbcdd25663f', 'd5f28991-eafe-472c-b25d-33e6720320fd', '78a68ad2-8760-48af-bb5c-a78141ea8d53', 'd282a8d4-c2b5-4c18-a126-82fe9c8f1638', '半自闭');
INSERT INTO `device_extend_values` VALUES ('f7659c02-860f-451c-9041-b067c3cf5394', '2f11ce25-0826-4c32-8d90-bf2b140923ef', '78a68ad2-8760-48af-bb5c-a78141ea8d53', '1ca83586-c149-4db5-97e9-727f8b6f0d35', '1700');
INSERT INTO `device_extend_values` VALUES ('f76661b7-b791-417b-adfa-908be5c026f7', 'a4936812-d3ef-442d-aaa3-c8a5d2b8f885', '78a68ad2-8760-48af-bb5c-a78141ea8d53', 'b64ecf61-9139-48a7-abd5-5ed1cee8cfe7', '通过');
INSERT INTO `device_extend_values` VALUES ('f7aead10-f7b3-4d89-a9e4-6e4246c2381b', '06a1cc4c-9de5-4e05-9c63-5d868889fbfd', '78a68ad2-8760-48af-bb5c-a78141ea8d53', '7386032c-a652-407b-baa5-25ddefb08fe1', '标准UM71');
INSERT INTO `device_extend_values` VALUES ('f7c15073-e1b0-47e3-bb28-a4e2cf30b5fe', 'd5f28991-eafe-472c-b25d-33e6720320fd', '78a68ad2-8760-48af-bb5c-a78141ea8d53', '64ddf142-3925-4d19-8510-3463ac3e9119', '半自闭');
INSERT INTO `device_extend_values` VALUES ('f80ca690-4c13-4762-9838-c28ab7cf9979', '180f5a84-169b-4b93-922c-5ada48d52d2f', '78a68ad2-8760-48af-bb5c-a78141ea8d53', '3ea9710a-a46a-42f7-b4f0-23e38ffff0a0', 'ZPW-2000A/K型无绝缘');
INSERT INTO `device_extend_values` VALUES ('f820c6cf-8914-4ef7-be49-e4799c824627', '06a1cc4c-9de5-4e05-9c63-5d868889fbfd', '78a68ad2-8760-48af-bb5c-a78141ea8d53', '7d9d4989-4bcf-4148-8cff-e10a7094186e', '标准UM71');
INSERT INTO `device_extend_values` VALUES ('f8265181-9244-4fe2-8ef4-4665754f364f', '180f5a84-169b-4b93-922c-5ada48d52d2f', '78a68ad2-8760-48af-bb5c-a78141ea8d53', 'd7419e22-2e1b-4b54-bc6a-4f8140fd41fa', 'ZPW-2000A/K型无绝缘');
INSERT INTO `device_extend_values` VALUES ('f88390dc-4631-4dd3-933f-a19110c1b962', '06a1cc4c-9de5-4e05-9c63-5d868889fbfd', '78a68ad2-8760-48af-bb5c-a78141ea8d53', '821ca00c-07e8-4c41-845f-e3a13dd9d353', '标准UM71');
INSERT INTO `device_extend_values` VALUES ('f88c320f-3b6d-4bb4-94a3-da797b1fcd83', '180f5a84-169b-4b93-922c-5ada48d52d2f', '78a68ad2-8760-48af-bb5c-a78141ea8d53', 'bcaf4a73-62f2-4705-8650-15d385528791', 'ZPW2000A型移频');
INSERT INTO `device_extend_values` VALUES ('f8ab92e0-3083-4282-b518-d112c1720048', 'f6b7e1d3-e167-4872-9e6a-0f8bd729f4cc', '78a68ad2-8760-48af-bb5c-a78141ea8d53', '3dd5586d-24ae-4e30-9c70-e14bd51215cc', '11.928');
INSERT INTO `device_extend_values` VALUES ('f8bc4914-9730-4fb5-b4e5-bf0d2e44c005', 'f6b7e1d3-e167-4872-9e6a-0f8bd729f4cc', '78a68ad2-8760-48af-bb5c-a78141ea8d53', 'e820f557-75c6-4467-b692-1c4345bb7556', '4.906');
INSERT INTO `device_extend_values` VALUES ('f8c98651-d068-4c83-9c9f-be71bcb2c029', '66390bfd-9f3c-41e1-bb6a-f281dd9953f3', '78a68ad2-8760-48af-bb5c-a78141ea8d53', 'e855f980-0b33-498e-8cca-da028fd09829', '上');
INSERT INTO `device_extend_values` VALUES ('f8cdc349-ae18-49ea-8325-bc622ffeeee6', 'a4936812-d3ef-442d-aaa3-c8a5d2b8f885', '78a68ad2-8760-48af-bb5c-a78141ea8d53', '19657327-9c16-4000-9581-13561e81969f', '出站');
INSERT INTO `device_extend_values` VALUES ('f964982e-9916-4c78-bf1b-9a2b7972c7c3', 'd5f28991-eafe-472c-b25d-33e6720320fd', '78a68ad2-8760-48af-bb5c-a78141ea8d53', 'bcaf4a73-62f2-4705-8650-15d385528791', '半自闭');
INSERT INTO `device_extend_values` VALUES ('f9693487-e8fa-4e94-bd7f-2dfce27bf517', '2f11ce25-0826-4c32-8d90-bf2b140923ef', '78a68ad2-8760-48af-bb5c-a78141ea8d53', '55baaa24-655e-4e35-b104-8c86c6b68f5b', '2000');
INSERT INTO `device_extend_values` VALUES ('f9886ba4-a97a-4d44-b944-0be8fb4008ff', '06a1cc4c-9de5-4e05-9c63-5d868889fbfd', '78a68ad2-8760-48af-bb5c-a78141ea8d53', 'e820f557-75c6-4467-b692-1c4345bb7556', '标准UM71');
INSERT INTO `device_extend_values` VALUES ('f9bea24a-d93b-4be6-ac1f-ea9b68c9089e', '2f11ce25-0826-4c32-8d90-bf2b140923ef', '78a68ad2-8760-48af-bb5c-a78141ea8d53', 'e855f980-0b33-498e-8cca-da028fd09829', '2300');
INSERT INTO `device_extend_values` VALUES ('f9c30ade-d6f8-46c6-92eb-af578a6515d2', '2f11ce25-0826-4c32-8d90-bf2b140923ef', '78a68ad2-8760-48af-bb5c-a78141ea8d53', '731ac4f4-c4fa-41fe-915b-0ea34bf14ac6', '1700/2300/1700/ 2300/1700');
INSERT INTO `device_extend_values` VALUES ('f9ccc98c-5cb0-4459-af05-3429077415cd', '2f11ce25-0826-4c32-8d90-bf2b140923ef', '78a68ad2-8760-48af-bb5c-a78141ea8d53', 'ac7bc05b-3d8b-4953-8c93-62c2968831bc', '2600');
INSERT INTO `device_extend_values` VALUES ('f9db54b1-a16a-44e6-9eb9-170b6075d170', '66390bfd-9f3c-41e1-bb6a-f281dd9953f3', '78a68ad2-8760-48af-bb5c-a78141ea8d53', '53a37501-f2ad-4aaa-b35b-461b3609ff0f', '下');
INSERT INTO `device_extend_values` VALUES ('fa10c69b-ba48-4903-83ff-d0d7639f299a', '180f5a84-169b-4b93-922c-5ada48d52d2f', '78a68ad2-8760-48af-bb5c-a78141ea8d53', '53447c49-df5e-430d-9a8f-094086fcb6bb', 'ZPW-2000A/K型无绝缘');
INSERT INTO `device_extend_values` VALUES ('fa16fc0d-a4c8-4146-a04d-98fd1f30856c', '06a1cc4c-9de5-4e05-9c63-5d868889fbfd', '78a68ad2-8760-48af-bb5c-a78141ea8d53', '5c8bb850-e3d7-40e7-996c-83abc2251195', '标准UM71');
INSERT INTO `device_extend_values` VALUES ('fa2d0457-21a8-4166-a8de-d8ea711c5332', '06a1cc4c-9de5-4e05-9c63-5d868889fbfd', '78a68ad2-8760-48af-bb5c-a78141ea8d53', '53a37501-f2ad-4aaa-b35b-461b3609ff0f', '标准UM71');
INSERT INTO `device_extend_values` VALUES ('fa58386b-f2bc-4b15-807d-b4bdf254ec51', 'a4936812-d3ef-442d-aaa3-c8a5d2b8f885', '78a68ad2-8760-48af-bb5c-a78141ea8d53', '72fd7dab-593b-44f9-8645-976c3c336252', '通过');
INSERT INTO `device_extend_values` VALUES ('fa643b55-47a1-471c-8d40-15d857ee53f9', '06a1cc4c-9de5-4e05-9c63-5d868889fbfd', '78a68ad2-8760-48af-bb5c-a78141ea8d53', '24e0a754-4caf-4c4f-8695-0c3dee608b96', '标准UM71');
INSERT INTO `device_extend_values` VALUES ('fa651e23-6f2b-49e9-b20b-bc0bab9fe775', 'a4936812-d3ef-442d-aaa3-c8a5d2b8f885', '78a68ad2-8760-48af-bb5c-a78141ea8d53', 'e820f557-75c6-4467-b692-1c4345bb7556', '通过');
INSERT INTO `device_extend_values` VALUES ('fa73611e-2a4a-4ea3-8149-d27065850276', 'f6b7e1d3-e167-4872-9e6a-0f8bd729f4cc', '78a68ad2-8760-48af-bb5c-a78141ea8d53', 'cabebf63-9109-4811-9b5b-26a38873bee6', '1.799');
INSERT INTO `device_extend_values` VALUES ('fa74a6a4-75cd-4e74-9a86-3e558c31b871', '2f11ce25-0826-4c32-8d90-bf2b140923ef', '78a68ad2-8760-48af-bb5c-a78141ea8d53', 'dff71780-cc2a-4a8e-b4b2-7cca4c82d2c1', '2600');
INSERT INTO `device_extend_values` VALUES ('fb03b878-f477-4cea-9700-9d81674c3f51', '180f5a84-169b-4b93-922c-5ada48d52d2f', '78a68ad2-8760-48af-bb5c-a78141ea8d53', '5555741e-d2ed-4757-9889-0e674cfc43a7', 'ZPW-2000A/K型无绝缘');
INSERT INTO `device_extend_values` VALUES ('fb199019-dceb-4b25-a779-5498becff605', '180f5a84-169b-4b93-922c-5ada48d52d2f', '78a68ad2-8760-48af-bb5c-a78141ea8d53', '1414cf63-8a76-4c81-a3f0-187ed1c6cd12', 'ZPW-2000A/K型无绝缘');
INSERT INTO `device_extend_values` VALUES ('fb5d971e-0bd4-48e9-9f2c-236e5b298b88', '06a1cc4c-9de5-4e05-9c63-5d868889fbfd', '78a68ad2-8760-48af-bb5c-a78141ea8d53', 'f4a1f9f2-c23e-4c64-a3c5-2b416c82e5ab', '标准UM71');
INSERT INTO `device_extend_values` VALUES ('fb9a6057-3fa5-4689-9976-3d66fe09e396', '2f11ce25-0826-4c32-8d90-bf2b140923ef', '78a68ad2-8760-48af-bb5c-a78141ea8d53', '5c8bb850-e3d7-40e7-996c-83abc2251195', '2600');
INSERT INTO `device_extend_values` VALUES ('fc270688-c7ea-47ed-8e47-f1a08f72f95d', '180f5a84-169b-4b93-922c-5ada48d52d2f', '78a68ad2-8760-48af-bb5c-a78141ea8d53', 'c0fa99e5-d669-457f-b107-02fbb1d76044', 'ZPW-2000A/K型无绝缘');
INSERT INTO `device_extend_values` VALUES ('fc3ca3c4-6dfd-4090-8265-8648269ea2d8', 'a4936812-d3ef-442d-aaa3-c8a5d2b8f885', '78a68ad2-8760-48af-bb5c-a78141ea8d53', '4b6d5bb0-1dd4-4c89-b118-a1a162297690', '出站');
INSERT INTO `device_extend_values` VALUES ('fc4495ee-4f2a-405a-b4ef-5acf922652b3', 'd5f28991-eafe-472c-b25d-33e6720320fd', '78a68ad2-8760-48af-bb5c-a78141ea8d53', '1c8da941-5438-48c3-8555-facf8f684636', '自闭');
INSERT INTO `device_extend_values` VALUES ('fc46f01f-0f0d-4648-a238-e0057217b9d4', 'a4936812-d3ef-442d-aaa3-c8a5d2b8f885', '78a68ad2-8760-48af-bb5c-a78141ea8d53', 'e2a30f88-9a87-468d-89c4-f087ef9c9c9d', '通过');
INSERT INTO `device_extend_values` VALUES ('fc84d222-064f-433d-82e7-234feef69dfb', '66390bfd-9f3c-41e1-bb6a-f281dd9953f3', '78a68ad2-8760-48af-bb5c-a78141ea8d53', '054af2f3-6e77-4540-b868-f44f6f27ccd5', '上');
INSERT INTO `device_extend_values` VALUES ('fd28b718-731d-4220-9165-1d72675f7db9', '180f5a84-169b-4b93-922c-5ada48d52d2f', '78a68ad2-8760-48af-bb5c-a78141ea8d53', '23883b20-b4dc-486a-8ece-1e3e0e8abb18', 'ZPW-2000A/K型无绝缘');
INSERT INTO `device_extend_values` VALUES ('fd45cc1e-cc99-4d2f-aaa7-77f36fbe2c27', 'a4936812-d3ef-442d-aaa3-c8a5d2b8f885', '78a68ad2-8760-48af-bb5c-a78141ea8d53', 'bf6c4faf-b8f6-469a-8aec-6abdc5d27450', '通过');
INSERT INTO `device_extend_values` VALUES ('fd46a7ed-a21b-4d65-a287-0bdcf93160f1', '2f11ce25-0826-4c32-8d90-bf2b140923ef', '78a68ad2-8760-48af-bb5c-a78141ea8d53', 'b64ecf61-9139-48a7-abd5-5ed1cee8cfe7', '2600/2000/2600/ 2000');
INSERT INTO `device_extend_values` VALUES ('fd5f3f3f-b550-477e-a520-868898504e4b', 'a4936812-d3ef-442d-aaa3-c8a5d2b8f885', '78a68ad2-8760-48af-bb5c-a78141ea8d53', '736b6c1b-7cab-4b4c-ac1b-0ebacbb0385b', '出站');
INSERT INTO `device_extend_values` VALUES ('fd7de5ca-a40b-485c-8017-b17c5cc70953', 'd5f28991-eafe-472c-b25d-33e6720320fd', '78a68ad2-8760-48af-bb5c-a78141ea8d53', '6f4cddaa-6ad7-4571-b784-a3cb62413a35', '自闭');
INSERT INTO `device_extend_values` VALUES ('fd8dfa0e-f051-4b1d-abdd-1674c1c3350f', '66390bfd-9f3c-41e1-bb6a-f281dd9953f3', '78a68ad2-8760-48af-bb5c-a78141ea8d53', '36a18d9b-4bd4-4a9d-b6c4-144bc5dcae47', '下');
INSERT INTO `device_extend_values` VALUES ('fdde5a56-1b36-427c-b827-9dc9eb282ef4', 'f6b7e1d3-e167-4872-9e6a-0f8bd729f4cc', '78a68ad2-8760-48af-bb5c-a78141ea8d53', '3ebda1ff-a823-4ac9-ad96-bd860ebf295e', '2.06');
INSERT INTO `device_extend_values` VALUES ('fe0f2369-d5a1-47b0-b6bf-a3bb2757450a', 'd5f28991-eafe-472c-b25d-33e6720320fd', '78a68ad2-8760-48af-bb5c-a78141ea8d53', '72fd7dab-593b-44f9-8645-976c3c336252', '自闭');
INSERT INTO `device_extend_values` VALUES ('fe569532-5fc6-4957-8263-0e8646089514', 'a4936812-d3ef-442d-aaa3-c8a5d2b8f885', '78a68ad2-8760-48af-bb5c-a78141ea8d53', '3b8ba5b1-05ca-4b0e-b0c4-ee5405c460a9', '出站');
INSERT INTO `device_extend_values` VALUES ('fe83a963-c3eb-4f79-8901-788406bc4888', '180f5a84-169b-4b93-922c-5ada48d52d2f', '78a68ad2-8760-48af-bb5c-a78141ea8d53', '19657327-9c16-4000-9581-13561e81969f', 'ZPW2000A型移频');
INSERT INTO `device_extend_values` VALUES ('fe96d547-4fea-44ea-9962-27f55f1829e7', '180f5a84-169b-4b93-922c-5ada48d52d2f', '78a68ad2-8760-48af-bb5c-a78141ea8d53', 'ccead67c-6dcd-4333-8222-212943d25c87', 'ZPW-2000A/K型无绝缘');
INSERT INTO `device_extend_values` VALUES ('fe9a031a-3226-4033-9578-6307121921a2', '66390bfd-9f3c-41e1-bb6a-f281dd9953f3', '78a68ad2-8760-48af-bb5c-a78141ea8d53', '24e0a754-4caf-4c4f-8695-0c3dee608b96', '下');
INSERT INTO `device_extend_values` VALUES ('fec74ffd-6344-4066-80a6-be44435b42af', 'a4936812-d3ef-442d-aaa3-c8a5d2b8f885', '78a68ad2-8760-48af-bb5c-a78141ea8d53', '27a8e7b4-a6da-4eca-89a0-e973a8ad1ddf', '出站');
INSERT INTO `device_extend_values` VALUES ('fed394dd-210e-4a38-b259-0479416d9fa5', '2f11ce25-0826-4c32-8d90-bf2b140923ef', '78a68ad2-8760-48af-bb5c-a78141ea8d53', '14050a25-427b-42c2-90dd-466df82fe217', '1700');
INSERT INTO `device_extend_values` VALUES ('fef9ea1e-b3e6-40ec-8eb3-c52163f6af38', 'a4936812-d3ef-442d-aaa3-c8a5d2b8f885', '78a68ad2-8760-48af-bb5c-a78141ea8d53', 'b2720066-2cb0-4050-890e-42777b396318', '进站');
INSERT INTO `device_extend_values` VALUES ('ff5d83e2-d920-4a02-9157-4f38fef290ee', 'd5f28991-eafe-472c-b25d-33e6720320fd', '78a68ad2-8760-48af-bb5c-a78141ea8d53', '731ac4f4-c4fa-41fe-915b-0ea34bf14ac6', '半自闭');
INSERT INTO `device_extend_values` VALUES ('ff636b02-5d85-4692-85d5-4d27b4670069', '66390bfd-9f3c-41e1-bb6a-f281dd9953f3', '78a68ad2-8760-48af-bb5c-a78141ea8d53', '55baaa24-655e-4e35-b104-8c86c6b68f5b', '上');
INSERT INTO `device_extend_values` VALUES ('ffaec47b-0bbf-458b-b693-ca7c03a3a177', 'f6b7e1d3-e167-4872-9e6a-0f8bd729f4cc', '78a68ad2-8760-48af-bb5c-a78141ea8d53', 'ccead67c-6dcd-4333-8222-212943d25c87', '0.376');
INSERT INTO `device_extend_values` VALUES ('ffc67828-9b32-4426-9ae5-111e80a5ed43', 'd5f28991-eafe-472c-b25d-33e6720320fd', '78a68ad2-8760-48af-bb5c-a78141ea8d53', '5555741e-d2ed-4757-9889-0e674cfc43a7', '自闭');
INSERT INTO `device_extend_values` VALUES ('ffd1e9b2-2172-43a0-84ba-d4b372a8e010', 'd5f28991-eafe-472c-b25d-33e6720320fd', '78a68ad2-8760-48af-bb5c-a78141ea8d53', '952dc180-af55-41bf-8688-368fd168ddee', '自闭');
INSERT INTO `device_extend_values` VALUES ('ffde130c-f8e9-4f65-b27d-648cab51cd38', '06a1cc4c-9de5-4e05-9c63-5d868889fbfd', '78a68ad2-8760-48af-bb5c-a78141ea8d53', 'f11ea74f-3bf3-4494-8578-987a00a6f8bd', '标准UM71');
INSERT INTO `device_extend_values` VALUES ('ffe59f68-18a4-4029-ab2c-878fe61561fc', '180f5a84-169b-4b93-922c-5ada48d52d2f', '78a68ad2-8760-48af-bb5c-a78141ea8d53', '4a9912a5-2b50-4937-970a-70f4a7e61731', 'ZPW2000A型移频');

-- ----------------------------
-- Table structure for device_type
-- ----------------------------
DROP TABLE IF EXISTS `device_type`;
CREATE TABLE `device_type`  (
  `id` varchar(36) CHARACTER SET utf8mb4 COLLATE utf8mb4_0900_ai_ci NOT NULL,
  `name` varchar(255) CHARACTER SET utf8mb4 COLLATE utf8mb4_0900_ai_ci NOT NULL,
  `expired` tinyint(4) NOT NULL,
  `add_time` datetime(0) NULL DEFAULT NULL,
  `update_time` datetime(0) NULL DEFAULT NULL,
  PRIMARY KEY (`id`) USING BTREE
) ENGINE = InnoDB CHARACTER SET = utf8mb4 COLLATE = utf8mb4_0900_ai_ci ROW_FORMAT = Dynamic;

-- ----------------------------
-- Records of device_type
-- ----------------------------
INSERT INTO `device_type` VALUES ('6390f984-774b-4d84-8ef6-609b05acc146', '电脑', 0, NULL, '2020-01-03 14:26:51');
INSERT INTO `device_type` VALUES ('78a68ad2-8760-48af-bb5c-a78141ea8d53', '信号机', 0, NULL, '2020-01-07 11:25:30');
INSERT INTO `device_type` VALUES ('85ee69e1-947c-460a-ba02-df060abe1e03', '万用表', 0, NULL, '2020-01-02 11:46:59');
INSERT INTO `device_type` VALUES ('92065cc2-b672-472b-abe3-09c856eb5f5d', '转辙机', 0, NULL, '2020-01-03 19:48:19');
INSERT INTO `device_type` VALUES ('937', '按摩椅', 0, NULL, '2020-01-02 11:46:59');
INSERT INTO `device_type` VALUES ('e9b8652a-b5cb-4efe-bb19-a68e3e3d20ae', '动态字段', 0, NULL, '2020-01-04 15:07:12');
INSERT INTO `device_type` VALUES ('f294bfe8-30d5-4e85-99ae-7ad72f4835ce', '233333', 0, NULL, '2020-01-04 16:10:25');

-- ----------------------------
-- Table structure for fragment
-- ----------------------------
DROP TABLE IF EXISTS `fragment`;
CREATE TABLE `fragment`  (
  `id` varchar(36) CHARACTER SET utf8mb4 COLLATE utf8mb4_0900_ai_ci NOT NULL,
  `name` varchar(255) CHARACTER SET utf8mb4 COLLATE utf8mb4_0900_ai_ci NOT NULL,
  `code` varchar(50) CHARACTER SET utf8mb4 COLLATE utf8mb4_0900_ai_ci NOT NULL,
  `work_area_id` varchar(36) CHARACTER SET utf8mb4 COLLATE utf8mb4_0900_ai_ci NOT NULL,
  `railway_line_id` varchar(36) CHARACTER SET utf8mb4 COLLATE utf8mb4_0900_ai_ci NOT NULL,
  `fragment_type` tinyint(4) NOT NULL,
  `hide` tinyint(4) NOT NULL,
  `add_time` datetime(0) NULL DEFAULT NULL,
  `update_time` datetime(0) NULL DEFAULT NULL,
  PRIMARY KEY (`id`) USING BTREE
) ENGINE = InnoDB CHARACTER SET = utf8mb4 COLLATE = utf8mb4_0900_ai_ci ROW_FORMAT = Dynamic;

-- ----------------------------
-- Records of fragment
-- ----------------------------
INSERT INTO `fragment` VALUES ('217b5e7a-ae11-4667-a967-0d4084c6d450', '上海杭州段', '1', '30f290e3-314c-425d-8699-8e7e409b446b', '55469608-8be7-41e0-8370-f7fac3efe848', 0, 0, NULL, '2020-01-09 13:49:05');
INSERT INTO `fragment` VALUES ('704f6bbc-7733-4739-8414-d432df33cfd1', '哈尔滨沈阳段', '233', '6', '0569bf83-8be2-4f60-8bae-c84db2dfe665', 0, 0, NULL, '2020-01-03 10:31:22');
INSERT INTO `fragment` VALUES ('8a06797d-8c9d-4e0b-917d-fa6a1593831f', '哈尔滨站', '', '6', '0569bf83-8be2-4f60-8bae-c84db2dfe665', 0, 0, '2020-01-02 18:53:09', '2020-01-02 18:53:09');
INSERT INTO `fragment` VALUES ('95e7f9d9-bef2-4f59-b5ee-ee2b13879a53', '上海站', '12315456', '30f290e3-314c-425d-8699-8e7e409b446b', '55469608-8be7-41e0-8370-f7fac3efe848', 1, 0, NULL, '2020-01-09 13:49:05');

-- ----------------------------
-- Table structure for lkj_approve_config
-- ----------------------------
DROP TABLE IF EXISTS `lkj_approve_config`;
CREATE TABLE `lkj_approve_config`  (
  `id` varchar(36) CHARACTER SET utf8mb4 COLLATE utf8mb4_0900_ai_ci NOT NULL,
  `section_id` varchar(36) CHARACTER SET utf8mb4 COLLATE utf8mb4_0900_ai_ci NOT NULL,
  `left_node_role_id` varchar(36) CHARACTER SET utf8mb4 COLLATE utf8mb4_0900_ai_ci NOT NULL,
  `right_node_role_id` varchar(36) CHARACTER SET utf8mb4 COLLATE utf8mb4_0900_ai_ci NOT NULL,
  PRIMARY KEY (`id`) USING BTREE
) ENGINE = InnoDB CHARACTER SET = utf8mb4 COLLATE = utf8mb4_0900_ai_ci ROW_FORMAT = Dynamic;

-- ----------------------------
-- Records of lkj_approve_config
-- ----------------------------
INSERT INTO `lkj_approve_config` VALUES ('325052de-fe68-434c-b5aa-3a1646b73054', '2', 'ecacd1a2-7ed8-41a2-acc4-28daa79597ff', '0e5e6ce8-90af-40a3-b85c-77cb230be0a7');
INSERT INTO `lkj_approve_config` VALUES ('8f3b17ab-d23e-4aaf-ba49-e10ab3ebac07', '3', 'ecacd1a2-7ed8-41a2-acc4-28daa79597ff', '0e5e6ce8-90af-40a3-b85c-77cb230be0a7');
INSERT INTO `lkj_approve_config` VALUES ('f8b73e2f-7bbe-47f7-ad7f-c747a47d1fac', '2', '0e5e6ce8-90af-40a3-b85c-77cb230be0a7', 'db061d41-f270-4ed8-a5e4-019bd8fe375e');

-- ----------------------------
-- Table structure for lkj_approve_flow
-- ----------------------------
DROP TABLE IF EXISTS `lkj_approve_flow`;
CREATE TABLE `lkj_approve_flow`  (
  `id` varchar(36) CHARACTER SET utf8mb4 COLLATE utf8mb4_0900_ai_ci NOT NULL,
  `submit_user_id` varchar(36) CHARACTER SET utf8mb4 COLLATE utf8mb4_0900_ai_ci NOT NULL,
  `current_reviewer` varchar(36) CHARACTER SET utf8mb4 COLLATE utf8mb4_0900_ai_ci NULL DEFAULT NULL,
  `flow_no` varchar(255) CHARACTER SET utf8mb4 COLLATE utf8mb4_0900_ai_ci NOT NULL,
  `name` varchar(255) CHARACTER SET utf8mb4 COLLATE utf8mb4_0900_ai_ci NOT NULL,
  `telegraph` varchar(255) CHARACTER SET utf8mb4 COLLATE utf8mb4_0900_ai_ci NULL DEFAULT NULL,
  `approve_status` tinyint(4) NOT NULL,
  `remark` varchar(255) CHARACTER SET utf8mb4 COLLATE utf8mb4_0900_ai_ci NULL DEFAULT NULL,
  `add_time` datetime(0) NULL DEFAULT NULL,
  `udpate_time` datetime(0) NULL DEFAULT NULL,
  PRIMARY KEY (`id`) USING BTREE
) ENGINE = InnoDB CHARACTER SET = utf8mb4 COLLATE = utf8mb4_0900_ai_ci ROW_FORMAT = Dynamic;

-- ----------------------------
-- Records of lkj_approve_flow
-- ----------------------------
INSERT INTO `lkj_approve_flow` VALUES ('190e8940-b750-4dd2-859d-ea9ae8c4e6ff', '59a59c40-6943-43f0-ae29-c21736faeda0', '39e80726-efa0-4d44-a001-174996f1d7ae', '190e8940-b750-4dd2-859d-ea9ae8c4e6ff', 'yuangonglkj测量 2020-01-15', '', 1, '', '2020-01-15 15:49:01', '2020-01-15 15:50:31');
INSERT INTO `lkj_approve_flow` VALUES ('3b0e3b6c-e178-4415-8f4e-05f459389b1f', '59a59c40-6943-43f0-ae29-c21736faeda0', '39e80726-efa0-4d44-a001-174996f1d7ae', '3b0e3b6c-e178-4415-8f4e-05f459389b1f', 'yuangonglkj测量 2020-01-15', '/uploadimg/2020_01/15/dbe81e7d45fd41e0ba57cfd5dc6b3c0e.png', 1, '', '2020-01-15 16:22:26', '2020-01-15 16:24:14');
INSERT INTO `lkj_approve_flow` VALUES ('44c42da8-b43a-4d54-902f-ea181a64bd28', '59a59c40-6943-43f0-ae29-c21736faeda0', '39e80726-efa0-4d44-a001-174996f1d7ae', '44c42da8-b43a-4d54-902f-ea181a64bd28', 'yuangonglkj测量 2020-01-15', '/uploadimg/2020_01/15/a100565d72124dc3bd475acb21c777d3.png', 0, '', '2020-01-15 15:59:46', '2020-01-15 16:10:13');
INSERT INTO `lkj_approve_flow` VALUES ('8782795d-70d1-40d5-b38c-1ab94c5353dc', '59a59c40-6943-43f0-ae29-c21736faeda0', '39e80726-efa0-4d44-a001-174996f1d7ae', '8782795d-70d1-40d5-b38c-1ab94c5353dc', 'yuangonglkj测量 2020-01-15', '/uploadimg/2020_01/15/a100565d72124dc3bd475acb21c777d3.png', 0, '', '2020-01-15 16:06:19', '2020-01-15 16:08:39');
INSERT INTO `lkj_approve_flow` VALUES ('a735814f-717c-4891-b61c-e52cd1dc1578', '59a59c40-6943-43f0-ae29-c21736faeda0', '39e80726-efa0-4d44-a001-174996f1d7ae', 'a735814f-717c-4891-b61c-e52cd1dc1578', 'yuangonglkj测量 2020-01-15', '/uploadimg/2020_01/15/a100565d72124dc3bd475acb21c777d3.png', 1, '', '2020-01-15 15:39:47', '2020-01-15 15:45:50');
INSERT INTO `lkj_approve_flow` VALUES ('b6dc83a9-df94-4f89-9cc7-b30d50b21994', '39e80726-efa0-4d44-a001-174996f1d7ae', '39e80726-efa0-4d44-a001-174996f1d7ae', 'b6dc83a9-df94-4f89-9cc7-b30d50b21994', 'duanzhanglkj测量 2020-01-15', '/uploadimg/2020_01/15/773df807868a4cabb2fd5d8c03f2f5a2.png', 1, '22', '2020-01-15 16:52:32', '2020-01-15 16:52:32');
INSERT INTO `lkj_approve_flow` VALUES ('c8a22a8b-01d5-4173-8236-844478650c6a', '39e80726-efa0-4d44-a001-174996f1d7ae', '39e80726-efa0-4d44-a001-174996f1d7ae', 'c8a22a8b-01d5-4173-8236-844478650c6a', 'duanzhanglkj测量 2020-01-15', '/uploadimg/2020_01/15/893b449362924151becdc8f70b3192ab.png', 1, '', '2020-01-15 16:55:11', '2020-01-15 16:55:11');
INSERT INTO `lkj_approve_flow` VALUES ('e2898b86-711f-4ff3-a55f-71c6c919e4dd', '39e80726-efa0-4d44-a001-174996f1d7ae', '39e80726-efa0-4d44-a001-174996f1d7ae', 'e2898b86-711f-4ff3-a55f-71c6c919e4dd', 'duanzhanglkj测量 2020-01-15', '', 1, '', '2020-01-15 10:51:50', '2020-01-15 15:40:51');

-- ----------------------------
-- Table structure for lkj_approve_node
-- ----------------------------
DROP TABLE IF EXISTS `lkj_approve_node`;
CREATE TABLE `lkj_approve_node`  (
  `id` varchar(36) CHARACTER SET utf8mb4 COLLATE utf8mb4_0900_ai_ci NOT NULL,
  `lkj_approve_flow_id` varchar(36) CHARACTER SET utf8mb4 COLLATE utf8mb4_0900_ai_ci NOT NULL,
  `previous_node_id` varchar(36) CHARACTER SET utf8mb4 COLLATE utf8mb4_0900_ai_ci NULL DEFAULT NULL,
  `approve_opinion` text CHARACTER SET utf8mb4 COLLATE utf8mb4_0900_ai_ci NULL,
  `approve_user_id` varchar(36) CHARACTER SET utf8mb4 COLLATE utf8mb4_0900_ai_ci NOT NULL,
  `user_approve_status` tinyint(4) NOT NULL,
  `add_time` datetime(0) NULL,
  `udpate_time` datetime(0) NULL DEFAULT NULL,
  PRIMARY KEY (`id`) USING BTREE
) ENGINE = InnoDB CHARACTER SET = utf8mb4 COLLATE = utf8mb4_0900_ai_ci ROW_FORMAT = Dynamic;

-- ----------------------------
-- Records of lkj_approve_node
-- ----------------------------
INSERT INTO `lkj_approve_node` VALUES ('0d0bccaf-e83c-4b1a-b93d-2bf9eb9bb3e1', '44c42da8-b43a-4d54-902f-ea181a64bd28', NULL, NULL, '59a59c40-6943-43f0-ae29-c21736faeda0', 1, '2020-01-15 15:59:46', '2020-01-15 15:59:46');
INSERT INTO `lkj_approve_node` VALUES ('277fcae5-bd67-480c-b6ba-0e1027dfb65a', '44c42da8-b43a-4d54-902f-ea181a64bd28', 'cfbdfd88-fa73-4a44-b48b-9c57ea58d777', NULL, '39e80726-efa0-4d44-a001-174996f1d7ae', 0, '2020-01-15 16:10:13', '2020-01-15 16:10:13');
INSERT INTO `lkj_approve_node` VALUES ('29854bc1-2df0-48ed-a525-5d93aacdf9e4', 'a735814f-717c-4891-b61c-e52cd1dc1578', '3b694c45-c714-4373-a763-fab13ee26f96', NULL, '39e80726-efa0-4d44-a001-174996f1d7ae', 1, '2020-01-15 15:40:24', '2020-01-15 15:45:50');
INSERT INTO `lkj_approve_node` VALUES ('2b07421a-361d-4450-9ef0-18bfe3f2b3d8', '3b0e3b6c-e178-4415-8f4e-05f459389b1f', 'a56dbd56-04a1-483d-bc74-dd4d5edd4e92', NULL, '39e80726-efa0-4d44-a001-174996f1d7ae', 1, '2020-01-15 16:23:11', '2020-01-15 16:24:14');
INSERT INTO `lkj_approve_node` VALUES ('300b0701-8b1f-493f-8b28-777a4d0a52d6', '8782795d-70d1-40d5-b38c-1ab94c5353dc', '926f4826-129f-4a7d-a090-370155e39d43', NULL, '39e80726-efa0-4d44-a001-174996f1d7ae', 0, '2020-01-15 16:08:39', '2020-01-15 16:08:39');
INSERT INTO `lkj_approve_node` VALUES ('36e4c82e-9df2-4aca-8f86-53b65e5751a5', '190e8940-b750-4dd2-859d-ea9ae8c4e6ff', NULL, NULL, '59a59c40-6943-43f0-ae29-c21736faeda0', 1, '2020-01-15 15:49:01', '2020-01-15 15:49:01');
INSERT INTO `lkj_approve_node` VALUES ('3b694c45-c714-4373-a763-fab13ee26f96', 'a735814f-717c-4891-b61c-e52cd1dc1578', 'b40e2972-5dd8-45c3-8918-80ad6dcbfebd', NULL, 'e4cc58e9-338e-4f4b-a3cf-06ec58ea043f', 1, '2020-01-15 15:39:47', '2020-01-15 15:40:24');
INSERT INTO `lkj_approve_node` VALUES ('4894dade-4c35-4725-b29e-fd727e644cc9', 'b6dc83a9-df94-4f89-9cc7-b30d50b21994', NULL, NULL, '39e80726-efa0-4d44-a001-174996f1d7ae', 1, '2020-01-15 16:52:32', '2020-01-15 16:52:32');
INSERT INTO `lkj_approve_node` VALUES ('5162ced8-2504-4248-9fb1-fa81e480235b', '3b0e3b6c-e178-4415-8f4e-05f459389b1f', NULL, NULL, '59a59c40-6943-43f0-ae29-c21736faeda0', 1, '2020-01-15 16:22:26', '2020-01-15 16:22:26');
INSERT INTO `lkj_approve_node` VALUES ('734ae2a2-f2be-4ec4-ab06-275c99b56256', 'c8a22a8b-01d5-4173-8236-844478650c6a', NULL, NULL, '39e80726-efa0-4d44-a001-174996f1d7ae', 1, '2020-01-15 16:55:11', '2020-01-15 16:55:11');
INSERT INTO `lkj_approve_node` VALUES ('926f4826-129f-4a7d-a090-370155e39d43', '8782795d-70d1-40d5-b38c-1ab94c5353dc', '93977978-1446-442e-b24c-acad1fd0ef00', NULL, 'e4cc58e9-338e-4f4b-a3cf-06ec58ea043f', 1, '2020-01-15 16:06:19', '2020-01-15 16:08:39');
INSERT INTO `lkj_approve_node` VALUES ('93977978-1446-442e-b24c-acad1fd0ef00', '8782795d-70d1-40d5-b38c-1ab94c5353dc', NULL, NULL, '59a59c40-6943-43f0-ae29-c21736faeda0', 1, '2020-01-15 16:06:19', '2020-01-15 16:06:19');
INSERT INTO `lkj_approve_node` VALUES ('989587f4-a84c-49cb-a9f7-12454007a0ff', '190e8940-b750-4dd2-859d-ea9ae8c4e6ff', 'dcfe9a02-ffcc-447b-8c29-ac38d87aa233', NULL, '39e80726-efa0-4d44-a001-174996f1d7ae', 0, '2020-01-15 15:50:31', '2020-01-15 15:50:31');
INSERT INTO `lkj_approve_node` VALUES ('99181acb-d0e6-494a-9f8d-2f6ea38b9c86', 'e2898b86-711f-4ff3-a55f-71c6c919e4dd', NULL, NULL, '39e80726-efa0-4d44-a001-174996f1d7ae', 1, '2020-01-15 10:51:50', '2020-01-15 15:40:51');
INSERT INTO `lkj_approve_node` VALUES ('a56dbd56-04a1-483d-bc74-dd4d5edd4e92', '3b0e3b6c-e178-4415-8f4e-05f459389b1f', '5162ced8-2504-4248-9fb1-fa81e480235b', NULL, 'e4cc58e9-338e-4f4b-a3cf-06ec58ea043f', 1, '2020-01-15 16:22:26', '2020-01-15 16:23:11');
INSERT INTO `lkj_approve_node` VALUES ('b40e2972-5dd8-45c3-8918-80ad6dcbfebd', 'a735814f-717c-4891-b61c-e52cd1dc1578', NULL, NULL, '59a59c40-6943-43f0-ae29-c21736faeda0', 1, '2020-01-15 15:39:47', '2020-01-15 15:39:47');
INSERT INTO `lkj_approve_node` VALUES ('cfbdfd88-fa73-4a44-b48b-9c57ea58d777', '44c42da8-b43a-4d54-902f-ea181a64bd28', '0d0bccaf-e83c-4b1a-b93d-2bf9eb9bb3e1', NULL, 'e4cc58e9-338e-4f4b-a3cf-06ec58ea043f', 1, '2020-01-15 15:59:46', '2020-01-15 16:10:13');
INSERT INTO `lkj_approve_node` VALUES ('dcfe9a02-ffcc-447b-8c29-ac38d87aa233', '190e8940-b750-4dd2-859d-ea9ae8c4e6ff', '36e4c82e-9df2-4aca-8f86-53b65e5751a5', NULL, 'e4cc58e9-338e-4f4b-a3cf-06ec58ea043f', 1, '2020-01-15 15:49:01', '2020-01-15 15:50:31');

-- ----------------------------
-- Table structure for lkj_data_line
-- ----------------------------
DROP TABLE IF EXISTS `lkj_data_line`;
CREATE TABLE `lkj_data_line`  (
  `id` varchar(36) CHARACTER SET utf8mb4 COLLATE utf8mb4_0900_ai_ci NOT NULL,
  `fragment_id` varchar(36) CHARACTER SET utf8mb4 COLLATE utf8mb4_0900_ai_ci NOT NULL,
  `left_device_id` varchar(36) CHARACTER SET utf8mb4 COLLATE utf8mb4_0900_ai_ci NOT NULL,
  `right_device_id` varchar(36) CHARACTER SET utf8mb4 COLLATE utf8mb4_0900_ai_ci NOT NULL,
  `seq` int(11) NULL DEFAULT NULL,
  `lkj_approve_flow_id` varchar(36) CHARACTER SET utf8mb4 COLLATE utf8mb4_0900_ai_ci NOT NULL,
  `distance` double NOT NULL,
  `unique_code` text CHARACTER SET utf8mb4 COLLATE utf8mb4_0900_ai_ci NOT NULL,
  `downriver` tinyint(4) NOT NULL,
  `retrograde` tinyint(4) NOT NULL,
  `approve_status` tinyint(4) NOT NULL,
  `outdated` tinyint(4) NOT NULL,
  `add_time` datetime(0) NULL DEFAULT NULL,
  `update_time` datetime(0) NULL DEFAULT NULL,
  PRIMARY KEY (`id`) USING BTREE
) ENGINE = InnoDB CHARACTER SET = utf8mb4 COLLATE = utf8mb4_0900_ai_ci ROW_FORMAT = Dynamic;

-- ----------------------------
-- Records of lkj_data_line
-- ----------------------------
INSERT INTO `lkj_data_line` VALUES ('0298b8f4-5d05-443c-90cf-afaa275eaf1c', '8a06797d-8c9d-4e0b-917d-fa6a1593831f', '054af2f3-6e77-4540-b868-f44f6f27ccd5', '61cd497a-481e-49b9-819a-6fbd172dc6e5', 32, 'e2898b86-711f-4ff3-a55f-71c6c919e4dd', 1338, '0-1-054af2f3-6e77-4540-b868-f44f6f27ccd5-61cd497a-481e-49b9-819a-6fbd172dc6e5-f03d11a6-702c-4b0e-8849-7676a2355789', 0, 1, 1, 0, '2020-01-15 10:51:52', '2020-01-15 15:40:51');
INSERT INTO `lkj_data_line` VALUES ('04f59d81-4f30-4941-a5e1-37a15d0b3d3e', '8a06797d-8c9d-4e0b-917d-fa6a1593831f', 'dff71780-cc2a-4a8e-b4b2-7cca4c82d2c1', '821ca00c-07e8-4c41-845f-e3a13dd9d353', 95, 'b6dc83a9-df94-4f89-9cc7-b30d50b21994', 694, '1-1-d0fe9754-2154-483b-84ba-bf1df766e400-dff71780-cc2a-4a8e-b4b2-7cca4c82d2c1-821ca00c-07e8-4c41-845f-e3a13dd9d353', 1, 1, 1, 0, '2020-01-15 16:52:32', '2020-01-15 16:52:32');
INSERT INTO `lkj_data_line` VALUES ('09f722d1-e811-4a93-8ce3-1041f010bd35', '8a06797d-8c9d-4e0b-917d-fa6a1593831f', 'f4a1f9f2-c23e-4c64-a3c5-2b416c82e5ab', '840b0613-6407-44b6-9299-343a078064ed', 0, 'e2898b86-711f-4ff3-a55f-71c6c919e4dd', 1533, '1-0-f4a1f9f2-c23e-4c64-a3c5-2b416c82e5ab-840b0613-6407-44b6-9299-343a078064ed-53a37501-f2ad-4aaa-b35b-461b3609ff0f', 1, 0, 1, 0, '2020-01-15 10:51:52', '2020-01-15 15:40:51');
INSERT INTO `lkj_data_line` VALUES ('0a99d7bf-d00f-4af7-b826-12e19f029635', '8a06797d-8c9d-4e0b-917d-fa6a1593831f', '2e36c22f-08ec-4efd-ab7a-c5f95a2bc9f6', '821ca00c-07e8-4c41-845f-e3a13dd9d353', 93, 'b6dc83a9-df94-4f89-9cc7-b30d50b21994', 694, '1-1-d0fe9754-2154-483b-84ba-bf1df766e400-2e36c22f-08ec-4efd-ab7a-c5f95a2bc9f6-821ca00c-07e8-4c41-845f-e3a13dd9d353', 1, 1, 1, 0, '2020-01-15 16:52:32', '2020-01-15 16:52:32');
INSERT INTO `lkj_data_line` VALUES ('0f929cb2-f8c8-43ec-b768-8afd668593c1', '704f6bbc-7733-4739-8414-d432df33cfd1', 'dff71780-cc2a-4a8e-b4b2-7cca4c82d2c1', '821ca00c-07e8-4c41-845f-e3a13dd9d353', 15, 'a735814f-717c-4891-b61c-e52cd1dc1578', 694, '1-1-d0fe9754-2154-483b-84ba-bf1df766e400-dff71780-cc2a-4a8e-b4b2-7cca4c82d2c1-821ca00c-07e8-4c41-845f-e3a13dd9d353', 1, 1, 1, 0, '2020-01-15 15:39:47', '2020-01-15 15:45:50');
INSERT INTO `lkj_data_line` VALUES ('101b4779-3eba-4895-afc2-41601330620e', '8a06797d-8c9d-4e0b-917d-fa6a1593831f', '30bb6a0b-db8f-47fa-9819-b1fce0a26ff7', 'cfb6b2aa-416a-4917-a6bc-544d889c1c1f', 60, '190e8940-b750-4dd2-859d-ea9ae8c4e6ff', 1420, '0-0-30bb6a0b-db8f-47fa-9819-b1fce0a26ff7-cfb6b2aa-416a-4917-a6bc-544d889c1c1f-c579b1ba-fce1-4900-b84b-7b42d35d5da9', 0, 0, 1, 0, '2020-01-15 15:49:01', '2020-01-15 15:50:25');
INSERT INTO `lkj_data_line` VALUES ('1279663c-bb6b-4b0a-a8ce-998f2a1f34f3', '8a06797d-8c9d-4e0b-917d-fa6a1593831f', '30bb6a0b-db8f-47fa-9819-b1fce0a26ff7', '2e36c22f-08ec-4efd-ab7a-c5f95a2bc9f6', 102, 'b6dc83a9-df94-4f89-9cc7-b30d50b21994', 1423, '0-0-30bb6a0b-db8f-47fa-9819-b1fce0a26ff7-2e36c22f-08ec-4efd-ab7a-c5f95a2bc9f6-c579b1ba-fce1-4900-b84b-7b42d35d5da9', 0, 0, 1, 0, '2020-01-15 16:52:32', '2020-01-15 16:52:32');
INSERT INTO `lkj_data_line` VALUES ('14b0b19f-6408-4f5d-8039-ee634b0cd548', '704f6bbc-7733-4739-8414-d432df33cfd1', '30bb6a0b-db8f-47fa-9819-b1fce0a26ff7', '325897ba-6f9a-4441-bb7b-849e9ba4acb5', 26, 'a735814f-717c-4891-b61c-e52cd1dc1578', 1420, '0-0-30bb6a0b-db8f-47fa-9819-b1fce0a26ff7-325897ba-6f9a-4441-bb7b-849e9ba4acb5-c579b1ba-fce1-4900-b84b-7b42d35d5da9', 0, 0, 1, 0, '2020-01-15 15:39:47', '2020-01-15 15:45:50');
INSERT INTO `lkj_data_line` VALUES ('1796a265-5c13-4186-a9e7-58df09b952c0', '8a06797d-8c9d-4e0b-917d-fa6a1593831f', 'dff71780-cc2a-4a8e-b4b2-7cca4c82d2c1', 'c579b1ba-fce1-4900-b84b-7b42d35d5da9', 65, '190e8940-b750-4dd2-859d-ea9ae8c4e6ff', 1429, '0-0-30bb6a0b-db8f-47fa-9819-b1fce0a26ff7-dff71780-cc2a-4a8e-b4b2-7cca4c82d2c1-c579b1ba-fce1-4900-b84b-7b42d35d5da9', 0, 0, 1, 0, '2020-01-15 15:49:01', '2020-01-15 15:50:25');
INSERT INTO `lkj_data_line` VALUES ('190b1473-1116-4e7c-a7bb-dfe01cffcd0d', '8a06797d-8c9d-4e0b-917d-fa6a1593831f', 'd0fe9754-2154-483b-84ba-bf1df766e400', '325897ba-6f9a-4441-bb7b-849e9ba4acb5', 10, 'e2898b86-711f-4ff3-a55f-71c6c919e4dd', 1681, '1-1-d0fe9754-2154-483b-84ba-bf1df766e400-325897ba-6f9a-4441-bb7b-849e9ba4acb5-821ca00c-07e8-4c41-845f-e3a13dd9d353', 1, 1, 1, 0, '2020-01-15 10:51:52', '2020-01-15 15:40:51');
INSERT INTO `lkj_data_line` VALUES ('19bdb215-441c-45a9-9caf-49af02f3a6c1', '8a06797d-8c9d-4e0b-917d-fa6a1593831f', '4a9912a5-2b50-4937-970a-70f4a7e61731', '53a37501-f2ad-4aaa-b35b-461b3609ff0f', 47, '190e8940-b750-4dd2-859d-ea9ae8c4e6ff', 1803, '1-0-f4a1f9f2-c23e-4c64-a3c5-2b416c82e5ab-4a9912a5-2b50-4937-970a-70f4a7e61731-53a37501-f2ad-4aaa-b35b-461b3609ff0f', 1, 0, 1, 0, '2020-01-15 15:49:01', '2020-01-15 15:50:25');
INSERT INTO `lkj_data_line` VALUES ('1b271af0-f12d-47aa-9260-28b7473867af', '8a06797d-8c9d-4e0b-917d-fa6a1593831f', '81990ca4-033d-4948-b026-86fc948fc4e0', '53a37501-f2ad-4aaa-b35b-461b3609ff0f', 49, '190e8940-b750-4dd2-859d-ea9ae8c4e6ff', 2005, '1-0-f4a1f9f2-c23e-4c64-a3c5-2b416c82e5ab-81990ca4-033d-4948-b026-86fc948fc4e0-53a37501-f2ad-4aaa-b35b-461b3609ff0f', 1, 0, 1, 0, '2020-01-15 15:49:01', '2020-01-15 15:50:25');
INSERT INTO `lkj_data_line` VALUES ('1b4fec30-2d61-4081-a6a2-2ec38572c4fb', '8a06797d-8c9d-4e0b-917d-fa6a1593831f', 'f4a1f9f2-c23e-4c64-a3c5-2b416c82e5ab', '81990ca4-033d-4948-b026-86fc948fc4e0', 48, '190e8940-b750-4dd2-859d-ea9ae8c4e6ff', 1341, '1-0-f4a1f9f2-c23e-4c64-a3c5-2b416c82e5ab-81990ca4-033d-4948-b026-86fc948fc4e0-53a37501-f2ad-4aaa-b35b-461b3609ff0f', 1, 0, 1, 0, '2020-01-15 15:49:01', '2020-01-15 15:50:25');
INSERT INTO `lkj_data_line` VALUES ('1bed2acb-f3e4-45c8-86f5-afac4d1eff6e', '8a06797d-8c9d-4e0b-917d-fa6a1593831f', '325897ba-6f9a-4441-bb7b-849e9ba4acb5', '821ca00c-07e8-4c41-845f-e3a13dd9d353', 91, 'b6dc83a9-df94-4f89-9cc7-b30d50b21994', 691, '1-1-d0fe9754-2154-483b-84ba-bf1df766e400-325897ba-6f9a-4441-bb7b-849e9ba4acb5-821ca00c-07e8-4c41-845f-e3a13dd9d353', 1, 1, 1, 0, '2020-01-15 16:52:32', '2020-01-15 16:52:32');
INSERT INTO `lkj_data_line` VALUES ('1f3e6f8b-0b2c-4393-932f-87a08cf512a5', '8a06797d-8c9d-4e0b-917d-fa6a1593831f', '2e1b83ec-19f3-4e11-b3fa-a0b14bebe2eb', '821ca00c-07e8-4c41-845f-e3a13dd9d353', 99, 'b6dc83a9-df94-4f89-9cc7-b30d50b21994', 691, '1-1-d0fe9754-2154-483b-84ba-bf1df766e400-2e1b83ec-19f3-4e11-b3fa-a0b14bebe2eb-821ca00c-07e8-4c41-845f-e3a13dd9d353', 1, 1, 1, 0, '2020-01-15 16:52:32', '2020-01-15 16:52:32');
INSERT INTO `lkj_data_line` VALUES ('1f810e6e-6680-42c5-b158-41a84c26be6e', '8a06797d-8c9d-4e0b-917d-fa6a1593831f', 'f4a1f9f2-c23e-4c64-a3c5-2b416c82e5ab', 'a6688969-c417-46a9-ae54-46f6f27401b1', 84, 'b6dc83a9-df94-4f89-9cc7-b30d50b21994', 1338, '1-0-f4a1f9f2-c23e-4c64-a3c5-2b416c82e5ab-a6688969-c417-46a9-ae54-46f6f27401b1-53a37501-f2ad-4aaa-b35b-461b3609ff0f', 1, 0, 1, 0, '2020-01-15 16:52:32', '2020-01-15 16:52:32');
INSERT INTO `lkj_data_line` VALUES ('22e07d84-77c1-4e9c-a779-3737642f1a81', '8a06797d-8c9d-4e0b-917d-fa6a1593831f', 'f4a1f9f2-c23e-4c64-a3c5-2b416c82e5ab', 'a6688969-c417-46a9-ae54-46f6f27401b1', 4, 'e2898b86-711f-4ff3-a55f-71c6c919e4dd', 1338, '1-0-f4a1f9f2-c23e-4c64-a3c5-2b416c82e5ab-a6688969-c417-46a9-ae54-46f6f27401b1-53a37501-f2ad-4aaa-b35b-461b3609ff0f', 1, 0, 1, 1, '2020-01-15 10:51:52', '2020-01-15 15:49:28');
INSERT INTO `lkj_data_line` VALUES ('23e56332-979b-4d74-80d6-17325bf375ef', '8a06797d-8c9d-4e0b-917d-fa6a1593831f', 'd0fe9754-2154-483b-84ba-bf1df766e400', '2e1b83ec-19f3-4e11-b3fa-a0b14bebe2eb', 98, 'b6dc83a9-df94-4f89-9cc7-b30d50b21994', 1681, '1-1-d0fe9754-2154-483b-84ba-bf1df766e400-2e1b83ec-19f3-4e11-b3fa-a0b14bebe2eb-821ca00c-07e8-4c41-845f-e3a13dd9d353', 1, 1, 1, 0, '2020-01-15 16:52:32', '2020-01-15 16:52:32');
INSERT INTO `lkj_data_line` VALUES ('24755771-1f8b-4ee3-801c-9a520713f83c', '8a06797d-8c9d-4e0b-917d-fa6a1593831f', '054af2f3-6e77-4540-b868-f44f6f27ccd5', '325897ba-6f9a-4441-bb7b-849e9ba4acb5', 1, '3b0e3b6c-e178-4415-8f4e-05f459389b1f', 114, '1-1-054af2f3-6e77-4540-b868-f44f6f27ccd5-325897ba-6f9a-4441-bb7b-849e9ba4acb5', 1, 1, 1, 0, '2020-01-15 16:22:26', '2020-01-15 16:24:14');
INSERT INTO `lkj_data_line` VALUES ('26e030e4-6087-4ce4-a359-1037d714c536', '8a06797d-8c9d-4e0b-917d-fa6a1593831f', '92746a2a-a2b5-45ae-afe1-2256d8364d34', 'f03d11a6-702c-4b0e-8849-7676a2355789', 119, 'b6dc83a9-df94-4f89-9cc7-b30d50b21994', 3877, '0-1-054af2f3-6e77-4540-b868-f44f6f27ccd5-92746a2a-a2b5-45ae-afe1-2256d8364d34-f03d11a6-702c-4b0e-8849-7676a2355789', 0, 1, 1, 0, '2020-01-15 16:52:32', '2020-01-15 16:52:32');
INSERT INTO `lkj_data_line` VALUES ('275cd6ac-cd2a-41d8-919e-bfab9be06bcc', '704f6bbc-7733-4739-8414-d432df33cfd1', 'cfb6b2aa-416a-4917-a6bc-544d889c1c1f', 'c579b1ba-fce1-4900-b84b-7b42d35d5da9', 21, 'a735814f-717c-4891-b61c-e52cd1dc1578', 1432, '0-0-30bb6a0b-db8f-47fa-9819-b1fce0a26ff7-cfb6b2aa-416a-4917-a6bc-544d889c1c1f-c579b1ba-fce1-4900-b84b-7b42d35d5da9', 0, 0, 1, 0, '2020-01-15 15:39:47', '2020-01-15 15:45:50');
INSERT INTO `lkj_data_line` VALUES ('276e0f0f-10a4-474f-88b9-370450703825', '8a06797d-8c9d-4e0b-917d-fa6a1593831f', '92746a2a-a2b5-45ae-afe1-2256d8364d34', 'f03d11a6-702c-4b0e-8849-7676a2355789', 39, 'e2898b86-711f-4ff3-a55f-71c6c919e4dd', 3877, '0-1-054af2f3-6e77-4540-b868-f44f6f27ccd5-92746a2a-a2b5-45ae-afe1-2256d8364d34-f03d11a6-702c-4b0e-8849-7676a2355789', 0, 1, 1, 1, '2020-01-15 10:51:52', '2020-01-15 16:52:32');
INSERT INTO `lkj_data_line` VALUES ('277417fb-7e9d-417b-a5d0-e29803766850', '8a06797d-8c9d-4e0b-917d-fa6a1593831f', 'a6688969-c417-46a9-ae54-46f6f27401b1', '53a37501-f2ad-4aaa-b35b-461b3609ff0f', 5, 'e2898b86-711f-4ff3-a55f-71c6c919e4dd', 2008, '1-0-f4a1f9f2-c23e-4c64-a3c5-2b416c82e5ab-a6688969-c417-46a9-ae54-46f6f27401b1-53a37501-f2ad-4aaa-b35b-461b3609ff0f', 1, 0, 1, 1, '2020-01-15 10:51:52', '2020-01-15 15:49:28');
INSERT INTO `lkj_data_line` VALUES ('27d30b02-b7be-4c8a-80c0-b05ac898f0bc', '8a06797d-8c9d-4e0b-917d-fa6a1593831f', 'f4a1f9f2-c23e-4c64-a3c5-2b416c82e5ab', '4a9912a5-2b50-4937-970a-70f4a7e61731', 86, 'b6dc83a9-df94-4f89-9cc7-b30d50b21994', 1543, '1-0-f4a1f9f2-c23e-4c64-a3c5-2b416c82e5ab-4a9912a5-2b50-4937-970a-70f4a7e61731-53a37501-f2ad-4aaa-b35b-461b3609ff0f', 1, 0, 1, 0, '2020-01-15 16:52:32', '2020-01-15 16:52:32');
INSERT INTO `lkj_data_line` VALUES ('2855b613-4d4b-4eb6-837e-a1f5bc295f1b', '8a06797d-8c9d-4e0b-917d-fa6a1593831f', 'd282a8d4-c2b5-4c18-a126-82fe9c8f1638', 'f03d11a6-702c-4b0e-8849-7676a2355789', 75, '190e8940-b750-4dd2-859d-ea9ae8c4e6ff', 3880, '0-1-054af2f3-6e77-4540-b868-f44f6f27ccd5-d282a8d4-c2b5-4c18-a126-82fe9c8f1638-f03d11a6-702c-4b0e-8849-7676a2355789', 0, 1, 1, 0, '2020-01-15 15:49:01', '2020-01-15 15:50:25');
INSERT INTO `lkj_data_line` VALUES ('28829026-fe64-410f-a668-7b3c59614be1', '704f6bbc-7733-4739-8414-d432df33cfd1', 'f4a1f9f2-c23e-4c64-a3c5-2b416c82e5ab', '4a9912a5-2b50-4937-970a-70f4a7e61731', 6, 'a735814f-717c-4891-b61c-e52cd1dc1578', 1543, '1-0-f4a1f9f2-c23e-4c64-a3c5-2b416c82e5ab-4a9912a5-2b50-4937-970a-70f4a7e61731-53a37501-f2ad-4aaa-b35b-461b3609ff0f', 1, 0, 1, 0, '2020-01-15 15:39:47', '2020-01-15 15:45:50');
INSERT INTO `lkj_data_line` VALUES ('2d0ebd59-c274-44c7-a8f3-658d4c0be6ef', '704f6bbc-7733-4739-8414-d432df33cfd1', 'd0fe9754-2154-483b-84ba-bf1df766e400', '325897ba-6f9a-4441-bb7b-849e9ba4acb5', 10, 'a735814f-717c-4891-b61c-e52cd1dc1578', 1681, '1-1-d0fe9754-2154-483b-84ba-bf1df766e400-325897ba-6f9a-4441-bb7b-849e9ba4acb5-821ca00c-07e8-4c41-845f-e3a13dd9d353', 1, 1, 1, 0, '2020-01-15 15:39:47', '2020-01-15 15:45:50');
INSERT INTO `lkj_data_line` VALUES ('2d8ee570-8497-4f58-af40-69b45e93a7ca', '8a06797d-8c9d-4e0b-917d-fa6a1593831f', '61cd497a-481e-49b9-819a-6fbd172dc6e5', 'f03d11a6-702c-4b0e-8849-7676a2355789', 113, 'b6dc83a9-df94-4f89-9cc7-b30d50b21994', 3880, '0-1-054af2f3-6e77-4540-b868-f44f6f27ccd5-61cd497a-481e-49b9-819a-6fbd172dc6e5-f03d11a6-702c-4b0e-8849-7676a2355789', 0, 1, 1, 0, '2020-01-15 16:52:32', '2020-01-15 16:52:32');
INSERT INTO `lkj_data_line` VALUES ('2ec1a56a-0012-48f6-a7a4-9612666b3e70', '8a06797d-8c9d-4e0b-917d-fa6a1593831f', 'f4a1f9f2-c23e-4c64-a3c5-2b416c82e5ab', '3b8ba5b1-05ca-4b0e-b0c4-ee5405c460a9', 42, '190e8940-b750-4dd2-859d-ea9ae8c4e6ff', 1338, '1-0-f4a1f9f2-c23e-4c64-a3c5-2b416c82e5ab-3b8ba5b1-05ca-4b0e-b0c4-ee5405c460a9-53a37501-f2ad-4aaa-b35b-461b3609ff0f', 1, 0, 1, 0, '2020-01-15 15:49:01', '2020-01-15 15:50:25');
INSERT INTO `lkj_data_line` VALUES ('2f5d97b9-d660-4eac-b0f1-f4cf6bd6bcde', '704f6bbc-7733-4739-8414-d432df33cfd1', '054af2f3-6e77-4540-b868-f44f6f27ccd5', 'd282a8d4-c2b5-4c18-a126-82fe9c8f1638', 34, 'a735814f-717c-4891-b61c-e52cd1dc1578', 1338, '0-1-054af2f3-6e77-4540-b868-f44f6f27ccd5-d282a8d4-c2b5-4c18-a126-82fe9c8f1638-f03d11a6-702c-4b0e-8849-7676a2355789', 0, 1, 1, 0, '2020-01-15 15:39:47', '2020-01-15 15:45:50');
INSERT INTO `lkj_data_line` VALUES ('31131175-0dbe-4f9b-884e-741c0f066275', '704f6bbc-7733-4739-8414-d432df33cfd1', '054af2f3-6e77-4540-b868-f44f6f27ccd5', '92746a2a-a2b5-45ae-afe1-2256d8364d34', 38, 'a735814f-717c-4891-b61c-e52cd1dc1578', 1341, '0-1-054af2f3-6e77-4540-b868-f44f6f27ccd5-92746a2a-a2b5-45ae-afe1-2256d8364d34-f03d11a6-702c-4b0e-8849-7676a2355789', 0, 1, 1, 1, '2020-01-15 15:39:47', '2020-01-15 16:52:32');
INSERT INTO `lkj_data_line` VALUES ('312708bf-df86-4d01-8d64-0541ecf4f4bf', '704f6bbc-7733-4739-8414-d432df33cfd1', '325897ba-6f9a-4441-bb7b-849e9ba4acb5', '821ca00c-07e8-4c41-845f-e3a13dd9d353', 11, 'a735814f-717c-4891-b61c-e52cd1dc1578', 691, '1-1-d0fe9754-2154-483b-84ba-bf1df766e400-325897ba-6f9a-4441-bb7b-849e9ba4acb5-821ca00c-07e8-4c41-845f-e3a13dd9d353', 1, 1, 1, 0, '2020-01-15 15:39:47', '2020-01-15 15:45:50');
INSERT INTO `lkj_data_line` VALUES ('31347882-7404-4c5e-ab71-bf7dbe39f7f2', '8a06797d-8c9d-4e0b-917d-fa6a1593831f', 'cfb6b2aa-416a-4917-a6bc-544d889c1c1f', '821ca00c-07e8-4c41-845f-e3a13dd9d353', 97, 'b6dc83a9-df94-4f89-9cc7-b30d50b21994', 691, '1-1-d0fe9754-2154-483b-84ba-bf1df766e400-cfb6b2aa-416a-4917-a6bc-544d889c1c1f-821ca00c-07e8-4c41-845f-e3a13dd9d353', 1, 1, 1, 0, '2020-01-15 16:52:32', '2020-01-15 16:52:32');
INSERT INTO `lkj_data_line` VALUES ('34c9b81e-4e9e-43df-82c0-30594839df83', '704f6bbc-7733-4739-8414-d432df33cfd1', 'd0fe9754-2154-483b-84ba-bf1df766e400', '2e36c22f-08ec-4efd-ab7a-c5f95a2bc9f6', 12, 'a735814f-717c-4891-b61c-e52cd1dc1578', 1684, '1-1-d0fe9754-2154-483b-84ba-bf1df766e400-2e36c22f-08ec-4efd-ab7a-c5f95a2bc9f6-821ca00c-07e8-4c41-845f-e3a13dd9d353', 1, 1, 1, 0, '2020-01-15 15:39:47', '2020-01-15 15:45:50');
INSERT INTO `lkj_data_line` VALUES ('3601f34d-326c-4897-9947-f90f9e9571a8', '8a06797d-8c9d-4e0b-917d-fa6a1593831f', 'd0fe9754-2154-483b-84ba-bf1df766e400', '325897ba-6f9a-4441-bb7b-849e9ba4acb5', 90, 'b6dc83a9-df94-4f89-9cc7-b30d50b21994', 1681, '1-1-d0fe9754-2154-483b-84ba-bf1df766e400-325897ba-6f9a-4441-bb7b-849e9ba4acb5-821ca00c-07e8-4c41-845f-e3a13dd9d353', 1, 1, 1, 0, '2020-01-15 16:52:32', '2020-01-15 16:52:32');
INSERT INTO `lkj_data_line` VALUES ('369aab78-c17c-4d4d-b80d-b12f023eb2f8', '8a06797d-8c9d-4e0b-917d-fa6a1593831f', 'f4a1f9f2-c23e-4c64-a3c5-2b416c82e5ab', '840b0613-6407-44b6-9299-343a078064ed', 80, 'b6dc83a9-df94-4f89-9cc7-b30d50b21994', 1533, '1-0-f4a1f9f2-c23e-4c64-a3c5-2b416c82e5ab-840b0613-6407-44b6-9299-343a078064ed-53a37501-f2ad-4aaa-b35b-461b3609ff0f', 1, 0, 1, 0, '2020-01-15 16:52:32', '2020-01-15 16:52:32');
INSERT INTO `lkj_data_line` VALUES ('37bd0c6c-4064-4f83-a303-d8e02a9f7c65', '8a06797d-8c9d-4e0b-917d-fa6a1593831f', 'f4a1f9f2-c23e-4c64-a3c5-2b416c82e5ab', '3b8ba5b1-05ca-4b0e-b0c4-ee5405c460a9', 82, 'b6dc83a9-df94-4f89-9cc7-b30d50b21994', 1338, '1-0-f4a1f9f2-c23e-4c64-a3c5-2b416c82e5ab-3b8ba5b1-05ca-4b0e-b0c4-ee5405c460a9-53a37501-f2ad-4aaa-b35b-461b3609ff0f', 1, 0, 1, 0, '2020-01-15 16:52:32', '2020-01-15 16:52:32');
INSERT INTO `lkj_data_line` VALUES ('3a784aa7-32c9-4361-8297-9eb5f6e0d6b6', '8a06797d-8c9d-4e0b-917d-fa6a1593831f', '3b8ba5b1-05ca-4b0e-b0c4-ee5405c460a9', '53a37501-f2ad-4aaa-b35b-461b3609ff0f', 3, 'e2898b86-711f-4ff3-a55f-71c6c919e4dd', 2008, '1-0-f4a1f9f2-c23e-4c64-a3c5-2b416c82e5ab-3b8ba5b1-05ca-4b0e-b0c4-ee5405c460a9-53a37501-f2ad-4aaa-b35b-461b3609ff0f', 1, 0, 1, 0, '2020-01-15 10:51:52', '2020-01-15 15:40:51');
INSERT INTO `lkj_data_line` VALUES ('3a80f519-db97-4f00-94d5-e2a59545ebce', '8a06797d-8c9d-4e0b-917d-fa6a1593831f', '325897ba-6f9a-4441-bb7b-849e9ba4acb5', '821ca00c-07e8-4c41-845f-e3a13dd9d353', 51, '190e8940-b750-4dd2-859d-ea9ae8c4e6ff', 691, '1-1-d0fe9754-2154-483b-84ba-bf1df766e400-325897ba-6f9a-4441-bb7b-849e9ba4acb5-821ca00c-07e8-4c41-845f-e3a13dd9d353', 1, 1, 1, 0, '2020-01-15 15:49:01', '2020-01-15 15:50:25');
INSERT INTO `lkj_data_line` VALUES ('3a94f781-c94c-4d9a-b308-6fe960e72873', '8a06797d-8c9d-4e0b-917d-fa6a1593831f', 'd0fe9754-2154-483b-84ba-bf1df766e400', 'dff71780-cc2a-4a8e-b4b2-7cca4c82d2c1', 14, 'e2898b86-711f-4ff3-a55f-71c6c919e4dd', 1684, '1-1-d0fe9754-2154-483b-84ba-bf1df766e400-dff71780-cc2a-4a8e-b4b2-7cca4c82d2c1-821ca00c-07e8-4c41-845f-e3a13dd9d353', 1, 1, 1, 0, '2020-01-15 10:51:52', '2020-01-15 15:40:51');
INSERT INTO `lkj_data_line` VALUES ('3b13b205-e26c-48da-b5e6-b49a4793e558', '704f6bbc-7733-4739-8414-d432df33cfd1', '81990ca4-033d-4948-b026-86fc948fc4e0', '53a37501-f2ad-4aaa-b35b-461b3609ff0f', 9, 'a735814f-717c-4891-b61c-e52cd1dc1578', 2005, '1-0-f4a1f9f2-c23e-4c64-a3c5-2b416c82e5ab-81990ca4-033d-4948-b026-86fc948fc4e0-53a37501-f2ad-4aaa-b35b-461b3609ff0f', 1, 0, 1, 0, '2020-01-15 15:39:47', '2020-01-15 15:45:50');
INSERT INTO `lkj_data_line` VALUES ('3d20d5a4-2c79-4fd4-aeb1-67b18b2ecb93', '8a06797d-8c9d-4e0b-917d-fa6a1593831f', '054af2f3-6e77-4540-b868-f44f6f27ccd5', '61cd497a-481e-49b9-819a-6fbd172dc6e5', 112, 'b6dc83a9-df94-4f89-9cc7-b30d50b21994', 1338, '0-1-054af2f3-6e77-4540-b868-f44f6f27ccd5-61cd497a-481e-49b9-819a-6fbd172dc6e5-f03d11a6-702c-4b0e-8849-7676a2355789', 0, 1, 1, 0, '2020-01-15 16:52:32', '2020-01-15 16:52:32');
INSERT INTO `lkj_data_line` VALUES ('3db55d66-a63e-4886-8c22-9aa84e8e94d6', '8a06797d-8c9d-4e0b-917d-fa6a1593831f', '840b0613-6407-44b6-9299-343a078064ed', 'f03d11a6-702c-4b0e-8849-7676a2355789', 117, 'b6dc83a9-df94-4f89-9cc7-b30d50b21994', 3685, '0-1-054af2f3-6e77-4540-b868-f44f6f27ccd5-840b0613-6407-44b6-9299-343a078064ed-f03d11a6-702c-4b0e-8849-7676a2355789', 0, 1, 1, 0, '2020-01-15 16:52:32', '2020-01-15 16:52:32');
INSERT INTO `lkj_data_line` VALUES ('3de93caa-89dc-4abc-be2f-091bd93f61d3', '8a06797d-8c9d-4e0b-917d-fa6a1593831f', 'd0fe9754-2154-483b-84ba-bf1df766e400', '325897ba-6f9a-4441-bb7b-849e9ba4acb5', 50, '190e8940-b750-4dd2-859d-ea9ae8c4e6ff', 1681, '1-1-d0fe9754-2154-483b-84ba-bf1df766e400-325897ba-6f9a-4441-bb7b-849e9ba4acb5-821ca00c-07e8-4c41-845f-e3a13dd9d353', 1, 1, 1, 0, '2020-01-15 15:49:01', '2020-01-15 15:50:25');
INSERT INTO `lkj_data_line` VALUES ('4081f924-e0f9-4764-997d-f03696ff7926', '704f6bbc-7733-4739-8414-d432df33cfd1', 'dff71780-cc2a-4a8e-b4b2-7cca4c82d2c1', 'c579b1ba-fce1-4900-b84b-7b42d35d5da9', 25, 'a735814f-717c-4891-b61c-e52cd1dc1578', 1429, '0-0-30bb6a0b-db8f-47fa-9819-b1fce0a26ff7-dff71780-cc2a-4a8e-b4b2-7cca4c82d2c1-c579b1ba-fce1-4900-b84b-7b42d35d5da9', 0, 0, 1, 0, '2020-01-15 15:39:47', '2020-01-15 15:45:50');
INSERT INTO `lkj_data_line` VALUES ('40ca3262-080f-4cca-bdb6-610e7482f2e8', '8a06797d-8c9d-4e0b-917d-fa6a1593831f', '2e36c22f-08ec-4efd-ab7a-c5f95a2bc9f6', 'c579b1ba-fce1-4900-b84b-7b42d35d5da9', 23, 'e2898b86-711f-4ff3-a55f-71c6c919e4dd', 1429, '0-0-30bb6a0b-db8f-47fa-9819-b1fce0a26ff7-2e36c22f-08ec-4efd-ab7a-c5f95a2bc9f6-c579b1ba-fce1-4900-b84b-7b42d35d5da9', 0, 0, 1, 1, '2020-01-15 10:51:52', '2020-01-15 15:40:58');
INSERT INTO `lkj_data_line` VALUES ('41257178-51d0-4e9d-bac7-dd256db329c8', '704f6bbc-7733-4739-8414-d432df33cfd1', 'd0fe9754-2154-483b-84ba-bf1df766e400', 'cfb6b2aa-416a-4917-a6bc-544d889c1c1f', 16, 'a735814f-717c-4891-b61c-e52cd1dc1578', 1681, '1-1-d0fe9754-2154-483b-84ba-bf1df766e400-cfb6b2aa-416a-4917-a6bc-544d889c1c1f-821ca00c-07e8-4c41-845f-e3a13dd9d353', 1, 1, 1, 0, '2020-01-15 15:39:47', '2020-01-15 15:45:50');
INSERT INTO `lkj_data_line` VALUES ('427dfaa2-7af1-4cf2-90c6-2ae4f4177e0d', '8a06797d-8c9d-4e0b-917d-fa6a1593831f', '61cd497a-481e-49b9-819a-6fbd172dc6e5', 'f03d11a6-702c-4b0e-8849-7676a2355789', 33, 'e2898b86-711f-4ff3-a55f-71c6c919e4dd', 3880, '0-1-054af2f3-6e77-4540-b868-f44f6f27ccd5-61cd497a-481e-49b9-819a-6fbd172dc6e5-f03d11a6-702c-4b0e-8849-7676a2355789', 0, 1, 1, 0, '2020-01-15 10:51:52', '2020-01-15 15:40:51');
INSERT INTO `lkj_data_line` VALUES ('43eec110-2ad2-4a4d-a00e-8a2a947483bd', '704f6bbc-7733-4739-8414-d432df33cfd1', '30bb6a0b-db8f-47fa-9819-b1fce0a26ff7', 'dff71780-cc2a-4a8e-b4b2-7cca4c82d2c1', 24, 'a735814f-717c-4891-b61c-e52cd1dc1578', 1423, '0-0-30bb6a0b-db8f-47fa-9819-b1fce0a26ff7-dff71780-cc2a-4a8e-b4b2-7cca4c82d2c1-c579b1ba-fce1-4900-b84b-7b42d35d5da9', 0, 0, 1, 0, '2020-01-15 15:39:47', '2020-01-15 15:45:50');
INSERT INTO `lkj_data_line` VALUES ('46a51f94-2962-45b8-9252-51ddb0c6c2db', '8a06797d-8c9d-4e0b-917d-fa6a1593831f', '2dc5d2c3-828f-4982-9708-a9738120c24a', 'f03d11a6-702c-4b0e-8849-7676a2355789', 111, 'b6dc83a9-df94-4f89-9cc7-b30d50b21994', 3675, '0-1-054af2f3-6e77-4540-b868-f44f6f27ccd5-2dc5d2c3-828f-4982-9708-a9738120c24a-f03d11a6-702c-4b0e-8849-7676a2355789', 0, 1, 1, 0, '2020-01-15 16:52:32', '2020-01-15 16:52:32');
INSERT INTO `lkj_data_line` VALUES ('47b962ff-04b1-4ac5-939c-6be7f70da541', '8a06797d-8c9d-4e0b-917d-fa6a1593831f', '2e36c22f-08ec-4efd-ab7a-c5f95a2bc9f6', '821ca00c-07e8-4c41-845f-e3a13dd9d353', 13, 'e2898b86-711f-4ff3-a55f-71c6c919e4dd', 694, '1-1-d0fe9754-2154-483b-84ba-bf1df766e400-2e36c22f-08ec-4efd-ab7a-c5f95a2bc9f6-821ca00c-07e8-4c41-845f-e3a13dd9d353', 1, 1, 1, 0, '2020-01-15 10:51:52', '2020-01-15 15:40:51');
INSERT INTO `lkj_data_line` VALUES ('49197547-b4b3-4155-b2d5-02bef36748e2', '8a06797d-8c9d-4e0b-917d-fa6a1593831f', 'f4a1f9f2-c23e-4c64-a3c5-2b416c82e5ab', '4a9912a5-2b50-4937-970a-70f4a7e61731', 6, 'e2898b86-711f-4ff3-a55f-71c6c919e4dd', 1543, '1-0-f4a1f9f2-c23e-4c64-a3c5-2b416c82e5ab-4a9912a5-2b50-4937-970a-70f4a7e61731-53a37501-f2ad-4aaa-b35b-461b3609ff0f', 1, 0, 1, 0, '2020-01-15 10:51:52', '2020-01-15 15:40:51');
INSERT INTO `lkj_data_line` VALUES ('497ce8d0-34a3-44e8-8c80-71982415353c', '8a06797d-8c9d-4e0b-917d-fa6a1593831f', '4a9912a5-2b50-4937-970a-70f4a7e61731', '53a37501-f2ad-4aaa-b35b-461b3609ff0f', 87, 'b6dc83a9-df94-4f89-9cc7-b30d50b21994', 1803, '1-0-f4a1f9f2-c23e-4c64-a3c5-2b416c82e5ab-4a9912a5-2b50-4937-970a-70f4a7e61731-53a37501-f2ad-4aaa-b35b-461b3609ff0f', 1, 0, 1, 0, '2020-01-15 16:52:32', '2020-01-15 16:52:32');
INSERT INTO `lkj_data_line` VALUES ('4a4ff7f8-4399-4685-b2c7-c2c0ab8e6d98', '8a06797d-8c9d-4e0b-917d-fa6a1593831f', 'd282a8d4-c2b5-4c18-a126-82fe9c8f1638', 'f03d11a6-702c-4b0e-8849-7676a2355789', 115, 'b6dc83a9-df94-4f89-9cc7-b30d50b21994', 3880, '0-1-054af2f3-6e77-4540-b868-f44f6f27ccd5-d282a8d4-c2b5-4c18-a126-82fe9c8f1638-f03d11a6-702c-4b0e-8849-7676a2355789', 0, 1, 1, 0, '2020-01-15 16:52:32', '2020-01-15 16:52:32');
INSERT INTO `lkj_data_line` VALUES ('4a6b0bc8-bd37-4f86-a472-13660ee5b074', '8a06797d-8c9d-4e0b-917d-fa6a1593831f', 'f4a1f9f2-c23e-4c64-a3c5-2b416c82e5ab', '81990ca4-033d-4948-b026-86fc948fc4e0', 8, 'e2898b86-711f-4ff3-a55f-71c6c919e4dd', 1341, '1-0-f4a1f9f2-c23e-4c64-a3c5-2b416c82e5ab-81990ca4-033d-4948-b026-86fc948fc4e0-53a37501-f2ad-4aaa-b35b-461b3609ff0f', 1, 0, 1, 0, '2020-01-15 10:51:52', '2020-01-15 15:40:51');
INSERT INTO `lkj_data_line` VALUES ('4ca0ce07-79d6-4100-8b68-f3dfb1d556b2', '8a06797d-8c9d-4e0b-917d-fa6a1593831f', 'd0fe9754-2154-483b-84ba-bf1df766e400', '2e36c22f-08ec-4efd-ab7a-c5f95a2bc9f6', 92, 'b6dc83a9-df94-4f89-9cc7-b30d50b21994', 1684, '1-1-d0fe9754-2154-483b-84ba-bf1df766e400-2e36c22f-08ec-4efd-ab7a-c5f95a2bc9f6-821ca00c-07e8-4c41-845f-e3a13dd9d353', 1, 1, 1, 0, '2020-01-15 16:52:32', '2020-01-15 16:52:32');
INSERT INTO `lkj_data_line` VALUES ('4db17ad2-984b-48ad-88af-899a12fa8abd', '8a06797d-8c9d-4e0b-917d-fa6a1593831f', '054af2f3-6e77-4540-b868-f44f6f27ccd5', '840b0613-6407-44b6-9299-343a078064ed', 36, 'e2898b86-711f-4ff3-a55f-71c6c919e4dd', 1533, '0-1-054af2f3-6e77-4540-b868-f44f6f27ccd5-840b0613-6407-44b6-9299-343a078064ed-f03d11a6-702c-4b0e-8849-7676a2355789', 0, 1, 1, 0, '2020-01-15 10:51:52', '2020-01-15 15:40:51');
INSERT INTO `lkj_data_line` VALUES ('505f00ac-9670-4112-a69f-5df70aa46169', '704f6bbc-7733-4739-8414-d432df33cfd1', '2dc5d2c3-828f-4982-9708-a9738120c24a', 'f03d11a6-702c-4b0e-8849-7676a2355789', 31, 'a735814f-717c-4891-b61c-e52cd1dc1578', 3675, '0-1-054af2f3-6e77-4540-b868-f44f6f27ccd5-2dc5d2c3-828f-4982-9708-a9738120c24a-f03d11a6-702c-4b0e-8849-7676a2355789', 0, 1, 1, 0, '2020-01-15 15:39:47', '2020-01-15 15:45:50');
INSERT INTO `lkj_data_line` VALUES ('507c4eb3-41c7-4e77-b97b-c45814369aab', '8a06797d-8c9d-4e0b-917d-fa6a1593831f', '840b0613-6407-44b6-9299-343a078064ed', '53a37501-f2ad-4aaa-b35b-461b3609ff0f', 1, 'e2898b86-711f-4ff3-a55f-71c6c919e4dd', 1813, '1-0-f4a1f9f2-c23e-4c64-a3c5-2b416c82e5ab-840b0613-6407-44b6-9299-343a078064ed-53a37501-f2ad-4aaa-b35b-461b3609ff0f', 1, 0, 1, 0, '2020-01-15 10:51:52', '2020-01-15 15:40:51');
INSERT INTO `lkj_data_line` VALUES ('50e7014f-a40a-4866-949b-0524c941604b', '8a06797d-8c9d-4e0b-917d-fa6a1593831f', '30bb6a0b-db8f-47fa-9819-b1fce0a26ff7', '325897ba-6f9a-4441-bb7b-849e9ba4acb5', 66, '190e8940-b750-4dd2-859d-ea9ae8c4e6ff', 1420, '0-0-30bb6a0b-db8f-47fa-9819-b1fce0a26ff7-325897ba-6f9a-4441-bb7b-849e9ba4acb5-c579b1ba-fce1-4900-b84b-7b42d35d5da9', 0, 0, 1, 0, '2020-01-15 15:49:01', '2020-01-15 15:50:25');
INSERT INTO `lkj_data_line` VALUES ('542c6edd-80d9-4c24-9acb-23bc180a5368', '704f6bbc-7733-4739-8414-d432df33cfd1', '3b8ba5b1-05ca-4b0e-b0c4-ee5405c460a9', '53a37501-f2ad-4aaa-b35b-461b3609ff0f', 3, 'a735814f-717c-4891-b61c-e52cd1dc1578', 2008, '1-0-f4a1f9f2-c23e-4c64-a3c5-2b416c82e5ab-3b8ba5b1-05ca-4b0e-b0c4-ee5405c460a9-53a37501-f2ad-4aaa-b35b-461b3609ff0f', 1, 0, 1, 0, '2020-01-15 15:39:47', '2020-01-15 15:45:50');
INSERT INTO `lkj_data_line` VALUES ('575fed43-bf39-47b7-8ce0-0316c45e930f', '8a06797d-8c9d-4e0b-917d-fa6a1593831f', 'cfb6b2aa-416a-4917-a6bc-544d889c1c1f', 'c579b1ba-fce1-4900-b84b-7b42d35d5da9', 21, 'e2898b86-711f-4ff3-a55f-71c6c919e4dd', 1432, '0-0-30bb6a0b-db8f-47fa-9819-b1fce0a26ff7-cfb6b2aa-416a-4917-a6bc-544d889c1c1f-c579b1ba-fce1-4900-b84b-7b42d35d5da9', 0, 0, 1, 0, '2020-01-15 10:51:52', '2020-01-15 15:40:51');
INSERT INTO `lkj_data_line` VALUES ('57ae83d1-9149-49d1-98b0-adf9dbab2b90', '704f6bbc-7733-4739-8414-d432df33cfd1', 'f03d11a6-702c-4b0e-8849-7676a2355789', '325897ba-6f9a-4441-bb7b-849e9ba4acb5', NULL, '44c42da8-b43a-4d54-902f-ea181a64bd28', 114514, '1-1-f03d11a6-702c-4b0e-8849-7676a2355789-325897ba-6f9a-4441-bb7b-849e9ba4acb5', 1, 1, 0, 0, '2020-01-15 15:59:46', '2020-01-15 15:59:46');
INSERT INTO `lkj_data_line` VALUES ('57c32d2a-29c2-40e5-8190-138c5f4dd73c', '8a06797d-8c9d-4e0b-917d-fa6a1593831f', '840b0613-6407-44b6-9299-343a078064ed', '53a37501-f2ad-4aaa-b35b-461b3609ff0f', 81, 'b6dc83a9-df94-4f89-9cc7-b30d50b21994', 1813, '1-0-f4a1f9f2-c23e-4c64-a3c5-2b416c82e5ab-840b0613-6407-44b6-9299-343a078064ed-53a37501-f2ad-4aaa-b35b-461b3609ff0f', 1, 0, 1, 0, '2020-01-15 16:52:32', '2020-01-15 16:52:32');
INSERT INTO `lkj_data_line` VALUES ('5a93c88a-907e-44ac-a87d-afcf91c1ec4c', '704f6bbc-7733-4739-8414-d432df33cfd1', '61cd497a-481e-49b9-819a-6fbd172dc6e5', 'f03d11a6-702c-4b0e-8849-7676a2355789', 33, 'a735814f-717c-4891-b61c-e52cd1dc1578', 3880, '0-1-054af2f3-6e77-4540-b868-f44f6f27ccd5-61cd497a-481e-49b9-819a-6fbd172dc6e5-f03d11a6-702c-4b0e-8849-7676a2355789', 0, 1, 1, 0, '2020-01-15 15:39:47', '2020-01-15 15:45:50');
INSERT INTO `lkj_data_line` VALUES ('5dabe06e-0b7a-42fb-b3f4-5752a6095a3b', '8a06797d-8c9d-4e0b-917d-fa6a1593831f', 'f4a1f9f2-c23e-4c64-a3c5-2b416c82e5ab', '4a9912a5-2b50-4937-970a-70f4a7e61731', 46, '190e8940-b750-4dd2-859d-ea9ae8c4e6ff', 1543, '1-0-f4a1f9f2-c23e-4c64-a3c5-2b416c82e5ab-4a9912a5-2b50-4937-970a-70f4a7e61731-53a37501-f2ad-4aaa-b35b-461b3609ff0f', 1, 0, 1, 0, '2020-01-15 15:49:01', '2020-01-15 15:50:25');
INSERT INTO `lkj_data_line` VALUES ('5e6c5c8b-03b2-400f-a76d-32ff66329233', '8a06797d-8c9d-4e0b-917d-fa6a1593831f', 'a6688969-c417-46a9-ae54-46f6f27401b1', '53a37501-f2ad-4aaa-b35b-461b3609ff0f', 85, 'b6dc83a9-df94-4f89-9cc7-b30d50b21994', 2008, '1-0-f4a1f9f2-c23e-4c64-a3c5-2b416c82e5ab-a6688969-c417-46a9-ae54-46f6f27401b1-53a37501-f2ad-4aaa-b35b-461b3609ff0f', 1, 0, 1, 0, '2020-01-15 16:52:32', '2020-01-15 16:52:32');
INSERT INTO `lkj_data_line` VALUES ('5e89d5be-2d14-4c16-92ba-478649098960', '8a06797d-8c9d-4e0b-917d-fa6a1593831f', '840b0613-6407-44b6-9299-343a078064ed', '53a37501-f2ad-4aaa-b35b-461b3609ff0f', 41, '190e8940-b750-4dd2-859d-ea9ae8c4e6ff', 1813, '1-0-f4a1f9f2-c23e-4c64-a3c5-2b416c82e5ab-840b0613-6407-44b6-9299-343a078064ed-53a37501-f2ad-4aaa-b35b-461b3609ff0f', 1, 0, 1, 0, '2020-01-15 15:49:01', '2020-01-15 15:50:25');
INSERT INTO `lkj_data_line` VALUES ('5fb71bd7-b3d1-456f-a1f6-ad213aafb41a', '8a06797d-8c9d-4e0b-917d-fa6a1593831f', '2e1b83ec-19f3-4e11-b3fa-a0b14bebe2eb', '821ca00c-07e8-4c41-845f-e3a13dd9d353', 59, '190e8940-b750-4dd2-859d-ea9ae8c4e6ff', 691, '1-1-d0fe9754-2154-483b-84ba-bf1df766e400-2e1b83ec-19f3-4e11-b3fa-a0b14bebe2eb-821ca00c-07e8-4c41-845f-e3a13dd9d353', 1, 1, 1, 0, '2020-01-15 15:49:01', '2020-01-15 15:50:25');
INSERT INTO `lkj_data_line` VALUES ('60e7223a-7d04-4597-b816-ca94089d9d48', '8a06797d-8c9d-4e0b-917d-fa6a1593831f', '325897ba-6f9a-4441-bb7b-849e9ba4acb5', 'c579b1ba-fce1-4900-b84b-7b42d35d5da9', 107, 'b6dc83a9-df94-4f89-9cc7-b30d50b21994', 1432, '0-0-30bb6a0b-db8f-47fa-9819-b1fce0a26ff7-325897ba-6f9a-4441-bb7b-849e9ba4acb5-c579b1ba-fce1-4900-b84b-7b42d35d5da9', 0, 0, 1, 0, '2020-01-15 16:52:32', '2020-01-15 16:52:32');
INSERT INTO `lkj_data_line` VALUES ('6216cfeb-b45f-493b-8ae6-ff1b363d66c2', '8a06797d-8c9d-4e0b-917d-fa6a1593831f', 'd0fe9754-2154-483b-84ba-bf1df766e400', 'cfb6b2aa-416a-4917-a6bc-544d889c1c1f', 96, 'b6dc83a9-df94-4f89-9cc7-b30d50b21994', 1681, '1-1-d0fe9754-2154-483b-84ba-bf1df766e400-cfb6b2aa-416a-4917-a6bc-544d889c1c1f-821ca00c-07e8-4c41-845f-e3a13dd9d353', 1, 1, 1, 0, '2020-01-15 16:52:32', '2020-01-15 16:52:32');
INSERT INTO `lkj_data_line` VALUES ('6466125d-993d-48bc-916a-4c23500a628a', '8a06797d-8c9d-4e0b-917d-fa6a1593831f', '325897ba-6f9a-4441-bb7b-849e9ba4acb5', 'c579b1ba-fce1-4900-b84b-7b42d35d5da9', 27, 'e2898b86-711f-4ff3-a55f-71c6c919e4dd', 1432, '0-0-30bb6a0b-db8f-47fa-9819-b1fce0a26ff7-325897ba-6f9a-4441-bb7b-849e9ba4acb5-c579b1ba-fce1-4900-b84b-7b42d35d5da9', 0, 0, 1, 0, '2020-01-15 10:51:52', '2020-01-15 15:40:51');
INSERT INTO `lkj_data_line` VALUES ('6dc2893a-4aa6-455b-84f0-e61fde3e6937', '8a06797d-8c9d-4e0b-917d-fa6a1593831f', '840b0613-6407-44b6-9299-343a078064ed', 'f03d11a6-702c-4b0e-8849-7676a2355789', 77, '190e8940-b750-4dd2-859d-ea9ae8c4e6ff', 3685, '0-1-054af2f3-6e77-4540-b868-f44f6f27ccd5-840b0613-6407-44b6-9299-343a078064ed-f03d11a6-702c-4b0e-8849-7676a2355789', 0, 1, 1, 0, '2020-01-15 15:49:01', '2020-01-15 15:50:25');
INSERT INTO `lkj_data_line` VALUES ('7002f767-b7e0-480e-8e25-b58ae344d102', '704f6bbc-7733-4739-8414-d432df33cfd1', '2e36c22f-08ec-4efd-ab7a-c5f95a2bc9f6', 'c579b1ba-fce1-4900-b84b-7b42d35d5da9', 23, 'a735814f-717c-4891-b61c-e52cd1dc1578', 1429, '0-0-30bb6a0b-db8f-47fa-9819-b1fce0a26ff7-2e36c22f-08ec-4efd-ab7a-c5f95a2bc9f6-c579b1ba-fce1-4900-b84b-7b42d35d5da9', 0, 0, 1, 0, '2020-01-15 15:39:47', '2020-01-15 15:45:50');
INSERT INTO `lkj_data_line` VALUES ('71b92313-8b5e-48fd-8f2a-5a0524181ca6', '8a06797d-8c9d-4e0b-917d-fa6a1593831f', '2e36c22f-08ec-4efd-ab7a-c5f95a2bc9f6', 'c579b1ba-fce1-4900-b84b-7b42d35d5da9', 103, 'b6dc83a9-df94-4f89-9cc7-b30d50b21994', 1429, '0-0-30bb6a0b-db8f-47fa-9819-b1fce0a26ff7-2e36c22f-08ec-4efd-ab7a-c5f95a2bc9f6-c579b1ba-fce1-4900-b84b-7b42d35d5da9', 0, 0, 1, 0, '2020-01-15 16:52:32', '2020-01-15 16:52:32');
INSERT INTO `lkj_data_line` VALUES ('724fa36e-4134-42da-a9c1-3a53bdd89437', '8a06797d-8c9d-4e0b-917d-fa6a1593831f', '054af2f3-6e77-4540-b868-f44f6f27ccd5', '61cd497a-481e-49b9-819a-6fbd172dc6e5', 72, '190e8940-b750-4dd2-859d-ea9ae8c4e6ff', 1338, '0-1-054af2f3-6e77-4540-b868-f44f6f27ccd5-61cd497a-481e-49b9-819a-6fbd172dc6e5-f03d11a6-702c-4b0e-8849-7676a2355789', 0, 1, 1, 0, '2020-01-15 15:49:01', '2020-01-15 15:50:25');
INSERT INTO `lkj_data_line` VALUES ('73620827-29b6-4064-83bc-e0b806e03bfe', '8a06797d-8c9d-4e0b-917d-fa6a1593831f', '30bb6a0b-db8f-47fa-9819-b1fce0a26ff7', '325897ba-6f9a-4441-bb7b-849e9ba4acb5', 26, 'e2898b86-711f-4ff3-a55f-71c6c919e4dd', 1420, '0-0-30bb6a0b-db8f-47fa-9819-b1fce0a26ff7-325897ba-6f9a-4441-bb7b-849e9ba4acb5-c579b1ba-fce1-4900-b84b-7b42d35d5da9', 0, 0, 1, 0, '2020-01-15 10:51:52', '2020-01-15 15:40:51');
INSERT INTO `lkj_data_line` VALUES ('750e0377-007a-48cb-b49f-ecc5c3d51b4d', '704f6bbc-7733-4739-8414-d432df33cfd1', 'f4a1f9f2-c23e-4c64-a3c5-2b416c82e5ab', '81990ca4-033d-4948-b026-86fc948fc4e0', 8, 'a735814f-717c-4891-b61c-e52cd1dc1578', 1341, '1-0-f4a1f9f2-c23e-4c64-a3c5-2b416c82e5ab-81990ca4-033d-4948-b026-86fc948fc4e0-53a37501-f2ad-4aaa-b35b-461b3609ff0f', 1, 0, 1, 0, '2020-01-15 15:39:47', '2020-01-15 15:45:50');
INSERT INTO `lkj_data_line` VALUES ('764f686f-2f58-4c00-9ea4-3cc34986b6ce', '8a06797d-8c9d-4e0b-917d-fa6a1593831f', '30bb6a0b-db8f-47fa-9819-b1fce0a26ff7', 'dff71780-cc2a-4a8e-b4b2-7cca4c82d2c1', 104, 'b6dc83a9-df94-4f89-9cc7-b30d50b21994', 1423, '0-0-30bb6a0b-db8f-47fa-9819-b1fce0a26ff7-dff71780-cc2a-4a8e-b4b2-7cca4c82d2c1-c579b1ba-fce1-4900-b84b-7b42d35d5da9', 0, 0, 1, 0, '2020-01-15 16:52:32', '2020-01-15 16:52:32');
INSERT INTO `lkj_data_line` VALUES ('766a1244-9893-4328-a92f-ada7e54769b6', '704f6bbc-7733-4739-8414-d432df33cfd1', 'f03d11a6-702c-4b0e-8849-7676a2355789', '2dc5d2c3-828f-4982-9708-a9738120c24a', 0, 'c8a22a8b-01d5-4173-8236-844478650c6a', 114514, '1-1-f03d11a6-702c-4b0e-8849-7676a2355789-2dc5d2c3-828f-4982-9708-a9738120c24a', 1, 1, 1, 0, '2020-01-15 16:55:11', '2020-01-15 16:55:11');
INSERT INTO `lkj_data_line` VALUES ('775ca4d1-5797-4a6c-bdff-3028d78f012a', '704f6bbc-7733-4739-8414-d432df33cfd1', 'f4a1f9f2-c23e-4c64-a3c5-2b416c82e5ab', 'a6688969-c417-46a9-ae54-46f6f27401b1', 4, 'a735814f-717c-4891-b61c-e52cd1dc1578', 1338, '1-0-f4a1f9f2-c23e-4c64-a3c5-2b416c82e5ab-a6688969-c417-46a9-ae54-46f6f27401b1-53a37501-f2ad-4aaa-b35b-461b3609ff0f', 1, 0, 1, 1, '2020-01-15 15:39:47', '2020-01-15 15:49:28');
INSERT INTO `lkj_data_line` VALUES ('780e7ac8-2e26-438c-b33c-371f3c7ca78d', '704f6bbc-7733-4739-8414-d432df33cfd1', '4a9912a5-2b50-4937-970a-70f4a7e61731', '53a37501-f2ad-4aaa-b35b-461b3609ff0f', 7, 'a735814f-717c-4891-b61c-e52cd1dc1578', 1803, '1-0-f4a1f9f2-c23e-4c64-a3c5-2b416c82e5ab-4a9912a5-2b50-4937-970a-70f4a7e61731-53a37501-f2ad-4aaa-b35b-461b3609ff0f', 1, 0, 1, 0, '2020-01-15 15:39:47', '2020-01-15 15:45:50');
INSERT INTO `lkj_data_line` VALUES ('78b79abd-fa78-4158-9394-acfde51fc825', '704f6bbc-7733-4739-8414-d432df33cfd1', 'd0fe9754-2154-483b-84ba-bf1df766e400', 'dff71780-cc2a-4a8e-b4b2-7cca4c82d2c1', 14, 'a735814f-717c-4891-b61c-e52cd1dc1578', 1684, '1-1-d0fe9754-2154-483b-84ba-bf1df766e400-dff71780-cc2a-4a8e-b4b2-7cca4c82d2c1-821ca00c-07e8-4c41-845f-e3a13dd9d353', 1, 1, 1, 0, '2020-01-15 15:39:47', '2020-01-15 15:45:50');
INSERT INTO `lkj_data_line` VALUES ('7bd4cea3-3e8b-4073-b9df-f2350c561b61', '8a06797d-8c9d-4e0b-917d-fa6a1593831f', 'd0fe9754-2154-483b-84ba-bf1df766e400', '2e36c22f-08ec-4efd-ab7a-c5f95a2bc9f6', 12, 'e2898b86-711f-4ff3-a55f-71c6c919e4dd', 1684, '1-1-d0fe9754-2154-483b-84ba-bf1df766e400-2e36c22f-08ec-4efd-ab7a-c5f95a2bc9f6-821ca00c-07e8-4c41-845f-e3a13dd9d353', 1, 1, 1, 0, '2020-01-15 10:51:52', '2020-01-15 15:40:51');
INSERT INTO `lkj_data_line` VALUES ('7d469420-1b5c-4ac2-8710-b4dc30548aeb', '704f6bbc-7733-4739-8414-d432df33cfd1', 'a6688969-c417-46a9-ae54-46f6f27401b1', '53a37501-f2ad-4aaa-b35b-461b3609ff0f', 5, 'a735814f-717c-4891-b61c-e52cd1dc1578', 2008, '1-0-f4a1f9f2-c23e-4c64-a3c5-2b416c82e5ab-a6688969-c417-46a9-ae54-46f6f27401b1-53a37501-f2ad-4aaa-b35b-461b3609ff0f', 1, 0, 1, 1, '2020-01-15 15:39:47', '2020-01-15 15:49:28');
INSERT INTO `lkj_data_line` VALUES ('7e85e719-f898-4f89-a264-55180e66f750', '8a06797d-8c9d-4e0b-917d-fa6a1593831f', '054af2f3-6e77-4540-b868-f44f6f27ccd5', '92746a2a-a2b5-45ae-afe1-2256d8364d34', 38, 'e2898b86-711f-4ff3-a55f-71c6c919e4dd', 1341, '0-1-054af2f3-6e77-4540-b868-f44f6f27ccd5-92746a2a-a2b5-45ae-afe1-2256d8364d34-f03d11a6-702c-4b0e-8849-7676a2355789', 0, 1, 1, 1, '2020-01-15 10:51:52', '2020-01-15 16:52:32');
INSERT INTO `lkj_data_line` VALUES ('8086322c-abdf-44ff-99bd-2928bc4d6b0f', '8a06797d-8c9d-4e0b-917d-fa6a1593831f', '054af2f3-6e77-4540-b868-f44f6f27ccd5', '2dc5d2c3-828f-4982-9708-a9738120c24a', 30, 'e2898b86-711f-4ff3-a55f-71c6c919e4dd', 1543, '0-1-054af2f3-6e77-4540-b868-f44f6f27ccd5-2dc5d2c3-828f-4982-9708-a9738120c24a-f03d11a6-702c-4b0e-8849-7676a2355789', 0, 1, 1, 0, '2020-01-15 10:51:52', '2020-01-15 15:40:51');
INSERT INTO `lkj_data_line` VALUES ('82cb2971-0f33-4673-8bf8-560d79b02a6b', '704f6bbc-7733-4739-8414-d432df33cfd1', '30bb6a0b-db8f-47fa-9819-b1fce0a26ff7', 'cfb6b2aa-416a-4917-a6bc-544d889c1c1f', 20, 'a735814f-717c-4891-b61c-e52cd1dc1578', 1420, '0-0-30bb6a0b-db8f-47fa-9819-b1fce0a26ff7-cfb6b2aa-416a-4917-a6bc-544d889c1c1f-c579b1ba-fce1-4900-b84b-7b42d35d5da9', 0, 0, 1, 0, '2020-01-15 15:39:47', '2020-01-15 15:45:50');
INSERT INTO `lkj_data_line` VALUES ('8327a975-ce7c-48b1-88de-41c853737db5', '8a06797d-8c9d-4e0b-917d-fa6a1593831f', 'f4a1f9f2-c23e-4c64-a3c5-2b416c82e5ab', '81990ca4-033d-4948-b026-86fc948fc4e0', 88, 'b6dc83a9-df94-4f89-9cc7-b30d50b21994', 1341, '1-0-f4a1f9f2-c23e-4c64-a3c5-2b416c82e5ab-81990ca4-033d-4948-b026-86fc948fc4e0-53a37501-f2ad-4aaa-b35b-461b3609ff0f', 1, 0, 1, 0, '2020-01-15 16:52:32', '2020-01-15 16:52:32');
INSERT INTO `lkj_data_line` VALUES ('84a24136-e9cf-414c-8c8b-fde644c2b5c4', '8a06797d-8c9d-4e0b-917d-fa6a1593831f', '2dc5d2c3-828f-4982-9708-a9738120c24a', 'f03d11a6-702c-4b0e-8849-7676a2355789', 71, '190e8940-b750-4dd2-859d-ea9ae8c4e6ff', 3675, '0-1-054af2f3-6e77-4540-b868-f44f6f27ccd5-2dc5d2c3-828f-4982-9708-a9738120c24a-f03d11a6-702c-4b0e-8849-7676a2355789', 0, 1, 1, 0, '2020-01-15 15:49:01', '2020-01-15 15:50:25');
INSERT INTO `lkj_data_line` VALUES ('8662e958-bdae-44ec-b6e8-d6eb46af1b47', '8a06797d-8c9d-4e0b-917d-fa6a1593831f', 'dff71780-cc2a-4a8e-b4b2-7cca4c82d2c1', '821ca00c-07e8-4c41-845f-e3a13dd9d353', 15, 'e2898b86-711f-4ff3-a55f-71c6c919e4dd', 694, '1-1-d0fe9754-2154-483b-84ba-bf1df766e400-dff71780-cc2a-4a8e-b4b2-7cca4c82d2c1-821ca00c-07e8-4c41-845f-e3a13dd9d353', 1, 1, 1, 0, '2020-01-15 10:51:52', '2020-01-15 15:40:51');
INSERT INTO `lkj_data_line` VALUES ('86d3c9b1-409d-4f6d-8d82-11938b86fbca', '8a06797d-8c9d-4e0b-917d-fa6a1593831f', '054af2f3-6e77-4540-b868-f44f6f27ccd5', 'd282a8d4-c2b5-4c18-a126-82fe9c8f1638', 34, 'e2898b86-711f-4ff3-a55f-71c6c919e4dd', 1338, '0-1-054af2f3-6e77-4540-b868-f44f6f27ccd5-d282a8d4-c2b5-4c18-a126-82fe9c8f1638-f03d11a6-702c-4b0e-8849-7676a2355789', 0, 1, 1, 0, '2020-01-15 10:51:52', '2020-01-15 15:40:51');
INSERT INTO `lkj_data_line` VALUES ('8b19f66c-dc1d-4c4e-aae0-e1924c6904ff', '8a06797d-8c9d-4e0b-917d-fa6a1593831f', 'dff71780-cc2a-4a8e-b4b2-7cca4c82d2c1', 'c579b1ba-fce1-4900-b84b-7b42d35d5da9', 25, 'e2898b86-711f-4ff3-a55f-71c6c919e4dd', 1429, '0-0-30bb6a0b-db8f-47fa-9819-b1fce0a26ff7-dff71780-cc2a-4a8e-b4b2-7cca4c82d2c1-c579b1ba-fce1-4900-b84b-7b42d35d5da9', 0, 0, 1, 0, '2020-01-15 10:51:52', '2020-01-15 15:40:51');
INSERT INTO `lkj_data_line` VALUES ('8bbedcf8-ea70-4dd9-b2a4-97dc6064e30d', '704f6bbc-7733-4739-8414-d432df33cfd1', 'f4a1f9f2-c23e-4c64-a3c5-2b416c82e5ab', '3b8ba5b1-05ca-4b0e-b0c4-ee5405c460a9', 2, 'a735814f-717c-4891-b61c-e52cd1dc1578', 1338, '1-0-f4a1f9f2-c23e-4c64-a3c5-2b416c82e5ab-3b8ba5b1-05ca-4b0e-b0c4-ee5405c460a9-53a37501-f2ad-4aaa-b35b-461b3609ff0f', 1, 0, 1, 0, '2020-01-15 15:39:47', '2020-01-15 15:45:50');
INSERT INTO `lkj_data_line` VALUES ('8c5cb7e5-3e12-4bc8-9b6b-9f4640216a96', '8a06797d-8c9d-4e0b-917d-fa6a1593831f', '325897ba-6f9a-4441-bb7b-849e9ba4acb5', 'c579b1ba-fce1-4900-b84b-7b42d35d5da9', 67, '190e8940-b750-4dd2-859d-ea9ae8c4e6ff', 1432, '0-0-30bb6a0b-db8f-47fa-9819-b1fce0a26ff7-325897ba-6f9a-4441-bb7b-849e9ba4acb5-c579b1ba-fce1-4900-b84b-7b42d35d5da9', 0, 0, 1, 0, '2020-01-15 15:49:01', '2020-01-15 15:50:25');
INSERT INTO `lkj_data_line` VALUES ('8c6a8fa4-a119-42d4-a2cb-a61ccdc1b450', '8a06797d-8c9d-4e0b-917d-fa6a1593831f', '30bb6a0b-db8f-47fa-9819-b1fce0a26ff7', 'dff71780-cc2a-4a8e-b4b2-7cca4c82d2c1', 64, '190e8940-b750-4dd2-859d-ea9ae8c4e6ff', 1423, '0-0-30bb6a0b-db8f-47fa-9819-b1fce0a26ff7-dff71780-cc2a-4a8e-b4b2-7cca4c82d2c1-c579b1ba-fce1-4900-b84b-7b42d35d5da9', 0, 0, 1, 0, '2020-01-15 15:49:01', '2020-01-15 15:50:25');
INSERT INTO `lkj_data_line` VALUES ('8da5accf-a640-4fc7-b7e8-d43ce40d3e1a', '704f6bbc-7733-4739-8414-d432df33cfd1', '840b0613-6407-44b6-9299-343a078064ed', 'f03d11a6-702c-4b0e-8849-7676a2355789', 37, 'a735814f-717c-4891-b61c-e52cd1dc1578', 3685, '0-1-054af2f3-6e77-4540-b868-f44f6f27ccd5-840b0613-6407-44b6-9299-343a078064ed-f03d11a6-702c-4b0e-8849-7676a2355789', 0, 1, 1, 0, '2020-01-15 15:39:47', '2020-01-15 15:45:50');
INSERT INTO `lkj_data_line` VALUES ('8f88f82f-5d22-4844-b4b3-d180fa116bc1', '704f6bbc-7733-4739-8414-d432df33cfd1', '325897ba-6f9a-4441-bb7b-849e9ba4acb5', 'c579b1ba-fce1-4900-b84b-7b42d35d5da9', 27, 'a735814f-717c-4891-b61c-e52cd1dc1578', 1432, '0-0-30bb6a0b-db8f-47fa-9819-b1fce0a26ff7-325897ba-6f9a-4441-bb7b-849e9ba4acb5-c579b1ba-fce1-4900-b84b-7b42d35d5da9', 0, 0, 1, 0, '2020-01-15 15:39:47', '2020-01-15 15:45:50');
INSERT INTO `lkj_data_line` VALUES ('91a711aa-c445-4e44-80b1-441e6e36c112', '8a06797d-8c9d-4e0b-917d-fa6a1593831f', '30bb6a0b-db8f-47fa-9819-b1fce0a26ff7', '2e36c22f-08ec-4efd-ab7a-c5f95a2bc9f6', 22, 'e2898b86-711f-4ff3-a55f-71c6c919e4dd', 1423, '0-0-30bb6a0b-db8f-47fa-9819-b1fce0a26ff7-2e36c22f-08ec-4efd-ab7a-c5f95a2bc9f6-c579b1ba-fce1-4900-b84b-7b42d35d5da9', 0, 0, 1, 1, '2020-01-15 10:51:52', '2020-01-15 15:40:58');
INSERT INTO `lkj_data_line` VALUES ('941cebdb-bd9b-4f78-a722-fdbff02ab086', '8a06797d-8c9d-4e0b-917d-fa6a1593831f', '92746a2a-a2b5-45ae-afe1-2256d8364d34', 'f03d11a6-702c-4b0e-8849-7676a2355789', 79, '190e8940-b750-4dd2-859d-ea9ae8c4e6ff', 3877, '0-1-054af2f3-6e77-4540-b868-f44f6f27ccd5-92746a2a-a2b5-45ae-afe1-2256d8364d34-f03d11a6-702c-4b0e-8849-7676a2355789', 0, 1, 1, 1, '2020-01-15 15:49:01', '2020-01-15 16:52:32');
INSERT INTO `lkj_data_line` VALUES ('9bb6523b-3e13-429b-996d-df84a94a763b', '8a06797d-8c9d-4e0b-917d-fa6a1593831f', '30bb6a0b-db8f-47fa-9819-b1fce0a26ff7', '325897ba-6f9a-4441-bb7b-849e9ba4acb5', 106, 'b6dc83a9-df94-4f89-9cc7-b30d50b21994', 1420, '0-0-30bb6a0b-db8f-47fa-9819-b1fce0a26ff7-325897ba-6f9a-4441-bb7b-849e9ba4acb5-c579b1ba-fce1-4900-b84b-7b42d35d5da9', 0, 0, 1, 0, '2020-01-15 16:52:32', '2020-01-15 16:52:32');
INSERT INTO `lkj_data_line` VALUES ('9d0a5963-adc0-460d-a246-9b5f90b4ee3f', '704f6bbc-7733-4739-8414-d432df33cfd1', '840b0613-6407-44b6-9299-343a078064ed', '53a37501-f2ad-4aaa-b35b-461b3609ff0f', 1, 'a735814f-717c-4891-b61c-e52cd1dc1578', 1813, '1-0-f4a1f9f2-c23e-4c64-a3c5-2b416c82e5ab-840b0613-6407-44b6-9299-343a078064ed-53a37501-f2ad-4aaa-b35b-461b3609ff0f', 1, 0, 1, 0, '2020-01-15 15:39:47', '2020-01-15 15:45:50');
INSERT INTO `lkj_data_line` VALUES ('9def94f9-6d52-4de7-90b5-d0d98a3933a3', '8a06797d-8c9d-4e0b-917d-fa6a1593831f', 'd0fe9754-2154-483b-84ba-bf1df766e400', '2e36c22f-08ec-4efd-ab7a-c5f95a2bc9f6', 52, '190e8940-b750-4dd2-859d-ea9ae8c4e6ff', 1684, '1-1-d0fe9754-2154-483b-84ba-bf1df766e400-2e36c22f-08ec-4efd-ab7a-c5f95a2bc9f6-821ca00c-07e8-4c41-845f-e3a13dd9d353', 1, 1, 1, 0, '2020-01-15 15:49:01', '2020-01-15 15:50:25');
INSERT INTO `lkj_data_line` VALUES ('a0b02827-df3e-4bba-a841-db30be04cc3a', '8a06797d-8c9d-4e0b-917d-fa6a1593831f', '2e36c22f-08ec-4efd-ab7a-c5f95a2bc9f6', 'c579b1ba-fce1-4900-b84b-7b42d35d5da9', 63, '190e8940-b750-4dd2-859d-ea9ae8c4e6ff', 1429, '0-0-30bb6a0b-db8f-47fa-9819-b1fce0a26ff7-2e36c22f-08ec-4efd-ab7a-c5f95a2bc9f6-c579b1ba-fce1-4900-b84b-7b42d35d5da9', 0, 0, 1, 0, '2020-01-15 15:49:01', '2020-01-15 15:50:25');
INSERT INTO `lkj_data_line` VALUES ('a515c61f-ad05-4c0f-a00c-ba5a1e7c535c', '8a06797d-8c9d-4e0b-917d-fa6a1593831f', '30bb6a0b-db8f-47fa-9819-b1fce0a26ff7', 'cfb6b2aa-416a-4917-a6bc-544d889c1c1f', 20, 'e2898b86-711f-4ff3-a55f-71c6c919e4dd', 1420, '0-0-30bb6a0b-db8f-47fa-9819-b1fce0a26ff7-cfb6b2aa-416a-4917-a6bc-544d889c1c1f-c579b1ba-fce1-4900-b84b-7b42d35d5da9', 0, 0, 1, 0, '2020-01-15 10:51:52', '2020-01-15 15:40:51');
INSERT INTO `lkj_data_line` VALUES ('a7094073-1c06-4bd2-87d6-801fb3fd8879', '8a06797d-8c9d-4e0b-917d-fa6a1593831f', '054af2f3-6e77-4540-b868-f44f6f27ccd5', 'd282a8d4-c2b5-4c18-a126-82fe9c8f1638', 74, '190e8940-b750-4dd2-859d-ea9ae8c4e6ff', 1338, '0-1-054af2f3-6e77-4540-b868-f44f6f27ccd5-d282a8d4-c2b5-4c18-a126-82fe9c8f1638-f03d11a6-702c-4b0e-8849-7676a2355789', 0, 1, 1, 0, '2020-01-15 15:49:01', '2020-01-15 15:50:25');
INSERT INTO `lkj_data_line` VALUES ('aa9c7fe3-69a1-4af8-abbf-d1031e3ba71a', '704f6bbc-7733-4739-8414-d432df33cfd1', 'f4a1f9f2-c23e-4c64-a3c5-2b416c82e5ab', '840b0613-6407-44b6-9299-343a078064ed', 0, 'a735814f-717c-4891-b61c-e52cd1dc1578', 1533, '1-0-f4a1f9f2-c23e-4c64-a3c5-2b416c82e5ab-840b0613-6407-44b6-9299-343a078064ed-53a37501-f2ad-4aaa-b35b-461b3609ff0f', 1, 0, 1, 0, '2020-01-15 15:39:47', '2020-01-15 15:45:50');
INSERT INTO `lkj_data_line` VALUES ('abdf4b43-195d-4155-a3a1-b20b1c05af01', '8a06797d-8c9d-4e0b-917d-fa6a1593831f', 'cfb6b2aa-416a-4917-a6bc-544d889c1c1f', 'c579b1ba-fce1-4900-b84b-7b42d35d5da9', 101, 'b6dc83a9-df94-4f89-9cc7-b30d50b21994', 1432, '0-0-30bb6a0b-db8f-47fa-9819-b1fce0a26ff7-cfb6b2aa-416a-4917-a6bc-544d889c1c1f-c579b1ba-fce1-4900-b84b-7b42d35d5da9', 0, 0, 1, 0, '2020-01-15 16:52:32', '2020-01-15 16:52:32');
INSERT INTO `lkj_data_line` VALUES ('ae833645-6098-4f53-b4c3-c45823f39c15', '8a06797d-8c9d-4e0b-917d-fa6a1593831f', '2e36c22f-08ec-4efd-ab7a-c5f95a2bc9f6', '821ca00c-07e8-4c41-845f-e3a13dd9d353', 53, '190e8940-b750-4dd2-859d-ea9ae8c4e6ff', 694, '1-1-d0fe9754-2154-483b-84ba-bf1df766e400-2e36c22f-08ec-4efd-ab7a-c5f95a2bc9f6-821ca00c-07e8-4c41-845f-e3a13dd9d353', 1, 1, 1, 0, '2020-01-15 15:49:01', '2020-01-15 15:50:25');
INSERT INTO `lkj_data_line` VALUES ('ae8e894f-5ffa-4f8b-88df-289282e70da3', '8a06797d-8c9d-4e0b-917d-fa6a1593831f', '30bb6a0b-db8f-47fa-9819-b1fce0a26ff7', '2e36c22f-08ec-4efd-ab7a-c5f95a2bc9f6', 62, '190e8940-b750-4dd2-859d-ea9ae8c4e6ff', 1423, '0-0-30bb6a0b-db8f-47fa-9819-b1fce0a26ff7-2e36c22f-08ec-4efd-ab7a-c5f95a2bc9f6-c579b1ba-fce1-4900-b84b-7b42d35d5da9', 0, 0, 1, 0, '2020-01-15 15:49:01', '2020-01-15 15:50:25');
INSERT INTO `lkj_data_line` VALUES ('b1ce6bd7-9442-4326-a0b4-03224d297dcf', '8a06797d-8c9d-4e0b-917d-fa6a1593831f', '30bb6a0b-db8f-47fa-9819-b1fce0a26ff7', '2e1b83ec-19f3-4e11-b3fa-a0b14bebe2eb', 28, 'e2898b86-711f-4ff3-a55f-71c6c919e4dd', 1420, '0-0-30bb6a0b-db8f-47fa-9819-b1fce0a26ff7-2e1b83ec-19f3-4e11-b3fa-a0b14bebe2eb-c579b1ba-fce1-4900-b84b-7b42d35d5da9', 0, 0, 1, 0, '2020-01-15 10:51:52', '2020-01-15 15:40:51');
INSERT INTO `lkj_data_line` VALUES ('b2df0111-351b-4c05-859c-52351e56fc54', '8a06797d-8c9d-4e0b-917d-fa6a1593831f', '30bb6a0b-db8f-47fa-9819-b1fce0a26ff7', '2e1b83ec-19f3-4e11-b3fa-a0b14bebe2eb', 68, '190e8940-b750-4dd2-859d-ea9ae8c4e6ff', 1420, '0-0-30bb6a0b-db8f-47fa-9819-b1fce0a26ff7-2e1b83ec-19f3-4e11-b3fa-a0b14bebe2eb-c579b1ba-fce1-4900-b84b-7b42d35d5da9', 0, 0, 1, 0, '2020-01-15 15:49:01', '2020-01-15 15:50:25');
INSERT INTO `lkj_data_line` VALUES ('b2e35ba4-b149-4102-a4be-8e75bdee191a', '8a06797d-8c9d-4e0b-917d-fa6a1593831f', '30bb6a0b-db8f-47fa-9819-b1fce0a26ff7', 'cfb6b2aa-416a-4917-a6bc-544d889c1c1f', 100, 'b6dc83a9-df94-4f89-9cc7-b30d50b21994', 1420, '0-0-30bb6a0b-db8f-47fa-9819-b1fce0a26ff7-cfb6b2aa-416a-4917-a6bc-544d889c1c1f-c579b1ba-fce1-4900-b84b-7b42d35d5da9', 0, 0, 1, 0, '2020-01-15 16:52:32', '2020-01-15 16:52:32');
INSERT INTO `lkj_data_line` VALUES ('b5717b7a-95b0-4b28-aa71-d5379e32b50d', '8a06797d-8c9d-4e0b-917d-fa6a1593831f', 'd0fe9754-2154-483b-84ba-bf1df766e400', 'cfb6b2aa-416a-4917-a6bc-544d889c1c1f', 16, 'e2898b86-711f-4ff3-a55f-71c6c919e4dd', 1681, '1-1-d0fe9754-2154-483b-84ba-bf1df766e400-cfb6b2aa-416a-4917-a6bc-544d889c1c1f-821ca00c-07e8-4c41-845f-e3a13dd9d353', 1, 1, 1, 0, '2020-01-15 10:51:52', '2020-01-15 15:40:51');
INSERT INTO `lkj_data_line` VALUES ('b650f79e-0c93-4268-8ecf-5c735c2f64f1', '8a06797d-8c9d-4e0b-917d-fa6a1593831f', 'd0fe9754-2154-483b-84ba-bf1df766e400', 'dff71780-cc2a-4a8e-b4b2-7cca4c82d2c1', 54, '190e8940-b750-4dd2-859d-ea9ae8c4e6ff', 1684, '1-1-d0fe9754-2154-483b-84ba-bf1df766e400-dff71780-cc2a-4a8e-b4b2-7cca4c82d2c1-821ca00c-07e8-4c41-845f-e3a13dd9d353', 1, 1, 1, 0, '2020-01-15 15:49:01', '2020-01-15 15:50:25');
INSERT INTO `lkj_data_line` VALUES ('b6efbb05-85f4-46ad-940e-e54a45924e45', '704f6bbc-7733-4739-8414-d432df33cfd1', '054af2f3-6e77-4540-b868-f44f6f27ccd5', '2dc5d2c3-828f-4982-9708-a9738120c24a', 30, 'a735814f-717c-4891-b61c-e52cd1dc1578', 1543, '0-1-054af2f3-6e77-4540-b868-f44f6f27ccd5-2dc5d2c3-828f-4982-9708-a9738120c24a-f03d11a6-702c-4b0e-8849-7676a2355789', 0, 1, 1, 0, '2020-01-15 15:39:47', '2020-01-15 15:45:50');
INSERT INTO `lkj_data_line` VALUES ('b7c765e9-d548-4764-afea-213a65b45b43', '8a06797d-8c9d-4e0b-917d-fa6a1593831f', 'dff71780-cc2a-4a8e-b4b2-7cca4c82d2c1', 'c579b1ba-fce1-4900-b84b-7b42d35d5da9', 105, 'b6dc83a9-df94-4f89-9cc7-b30d50b21994', 1429, '0-0-30bb6a0b-db8f-47fa-9819-b1fce0a26ff7-dff71780-cc2a-4a8e-b4b2-7cca4c82d2c1-c579b1ba-fce1-4900-b84b-7b42d35d5da9', 0, 0, 1, 0, '2020-01-15 16:52:32', '2020-01-15 16:52:32');
INSERT INTO `lkj_data_line` VALUES ('b89e4d47-12ec-4bcf-a0f7-03fd842f7ddd', '8a06797d-8c9d-4e0b-917d-fa6a1593831f', '3b8ba5b1-05ca-4b0e-b0c4-ee5405c460a9', '53a37501-f2ad-4aaa-b35b-461b3609ff0f', 43, '190e8940-b750-4dd2-859d-ea9ae8c4e6ff', 2008, '1-0-f4a1f9f2-c23e-4c64-a3c5-2b416c82e5ab-3b8ba5b1-05ca-4b0e-b0c4-ee5405c460a9-53a37501-f2ad-4aaa-b35b-461b3609ff0f', 1, 0, 1, 0, '2020-01-15 15:49:01', '2020-01-15 15:50:25');
INSERT INTO `lkj_data_line` VALUES ('ba2b95ee-5328-4470-823c-fecd8d164957', '704f6bbc-7733-4739-8414-d432df33cfd1', 'd0fe9754-2154-483b-84ba-bf1df766e400', '2e1b83ec-19f3-4e11-b3fa-a0b14bebe2eb', 18, 'a735814f-717c-4891-b61c-e52cd1dc1578', 1681, '1-1-d0fe9754-2154-483b-84ba-bf1df766e400-2e1b83ec-19f3-4e11-b3fa-a0b14bebe2eb-821ca00c-07e8-4c41-845f-e3a13dd9d353', 1, 1, 1, 0, '2020-01-15 15:39:47', '2020-01-15 15:45:50');
INSERT INTO `lkj_data_line` VALUES ('ba35645c-a3cb-4237-90fc-3a8385a2e5f5', '8a06797d-8c9d-4e0b-917d-fa6a1593831f', 'd0fe9754-2154-483b-84ba-bf1df766e400', '2e1b83ec-19f3-4e11-b3fa-a0b14bebe2eb', 58, '190e8940-b750-4dd2-859d-ea9ae8c4e6ff', 1681, '1-1-d0fe9754-2154-483b-84ba-bf1df766e400-2e1b83ec-19f3-4e11-b3fa-a0b14bebe2eb-821ca00c-07e8-4c41-845f-e3a13dd9d353', 1, 1, 1, 0, '2020-01-15 15:49:01', '2020-01-15 15:50:25');
INSERT INTO `lkj_data_line` VALUES ('bc15e842-8b5e-4c3e-82d0-53f9eef63f95', '8a06797d-8c9d-4e0b-917d-fa6a1593831f', '054af2f3-6e77-4540-b868-f44f6f27ccd5', '2dc5d2c3-828f-4982-9708-a9738120c24a', 70, '190e8940-b750-4dd2-859d-ea9ae8c4e6ff', 1543, '0-1-054af2f3-6e77-4540-b868-f44f6f27ccd5-2dc5d2c3-828f-4982-9708-a9738120c24a-f03d11a6-702c-4b0e-8849-7676a2355789', 0, 1, 1, 0, '2020-01-15 15:49:01', '2020-01-15 15:50:25');
INSERT INTO `lkj_data_line` VALUES ('bcc82ed3-d305-4657-b3d4-9bfd0154a263', '8a06797d-8c9d-4e0b-917d-fa6a1593831f', 'cfb6b2aa-416a-4917-a6bc-544d889c1c1f', 'c579b1ba-fce1-4900-b84b-7b42d35d5da9', 61, '190e8940-b750-4dd2-859d-ea9ae8c4e6ff', 1432, '0-0-30bb6a0b-db8f-47fa-9819-b1fce0a26ff7-cfb6b2aa-416a-4917-a6bc-544d889c1c1f-c579b1ba-fce1-4900-b84b-7b42d35d5da9', 0, 0, 1, 0, '2020-01-15 15:49:01', '2020-01-15 15:50:25');
INSERT INTO `lkj_data_line` VALUES ('bec81d0a-94fe-4142-b44d-5a6a839767f0', '8a06797d-8c9d-4e0b-917d-fa6a1593831f', '054af2f3-6e77-4540-b868-f44f6f27ccd5', '840b0613-6407-44b6-9299-343a078064ed', 76, '190e8940-b750-4dd2-859d-ea9ae8c4e6ff', 1533, '0-1-054af2f3-6e77-4540-b868-f44f6f27ccd5-840b0613-6407-44b6-9299-343a078064ed-f03d11a6-702c-4b0e-8849-7676a2355789', 0, 1, 1, 0, '2020-01-15 15:49:01', '2020-01-15 15:50:25');
INSERT INTO `lkj_data_line` VALUES ('c615c044-562b-47d1-a7a8-242a06f98ee8', '8a06797d-8c9d-4e0b-917d-fa6a1593831f', '054af2f3-6e77-4540-b868-f44f6f27ccd5', '2dc5d2c3-828f-4982-9708-a9738120c24a', 110, 'b6dc83a9-df94-4f89-9cc7-b30d50b21994', 1543, '0-1-054af2f3-6e77-4540-b868-f44f6f27ccd5-2dc5d2c3-828f-4982-9708-a9738120c24a-f03d11a6-702c-4b0e-8849-7676a2355789', 0, 1, 1, 0, '2020-01-15 16:52:32', '2020-01-15 16:52:32');
INSERT INTO `lkj_data_line` VALUES ('c6a1191b-dbd0-4c4e-a730-a1645469a06e', '704f6bbc-7733-4739-8414-d432df33cfd1', '2e1b83ec-19f3-4e11-b3fa-a0b14bebe2eb', '821ca00c-07e8-4c41-845f-e3a13dd9d353', 19, 'a735814f-717c-4891-b61c-e52cd1dc1578', 691, '1-1-d0fe9754-2154-483b-84ba-bf1df766e400-2e1b83ec-19f3-4e11-b3fa-a0b14bebe2eb-821ca00c-07e8-4c41-845f-e3a13dd9d353', 1, 1, 1, 0, '2020-01-15 15:39:47', '2020-01-15 15:45:50');
INSERT INTO `lkj_data_line` VALUES ('c8b7ce68-ebb4-46e8-a390-9f06ccc3aeec', '8a06797d-8c9d-4e0b-917d-fa6a1593831f', '2e1b83ec-19f3-4e11-b3fa-a0b14bebe2eb', 'c579b1ba-fce1-4900-b84b-7b42d35d5da9', 69, '190e8940-b750-4dd2-859d-ea9ae8c4e6ff', 1432, '0-0-30bb6a0b-db8f-47fa-9819-b1fce0a26ff7-2e1b83ec-19f3-4e11-b3fa-a0b14bebe2eb-c579b1ba-fce1-4900-b84b-7b42d35d5da9', 0, 0, 1, 0, '2020-01-15 15:49:01', '2020-01-15 15:50:25');
INSERT INTO `lkj_data_line` VALUES ('c909c17b-cbc0-4f94-93e0-6d1bea5c92c0', '8a06797d-8c9d-4e0b-917d-fa6a1593831f', 'd282a8d4-c2b5-4c18-a126-82fe9c8f1638', 'f03d11a6-702c-4b0e-8849-7676a2355789', 35, 'e2898b86-711f-4ff3-a55f-71c6c919e4dd', 3880, '0-1-054af2f3-6e77-4540-b868-f44f6f27ccd5-d282a8d4-c2b5-4c18-a126-82fe9c8f1638-f03d11a6-702c-4b0e-8849-7676a2355789', 0, 1, 1, 0, '2020-01-15 10:51:52', '2020-01-15 15:40:51');
INSERT INTO `lkj_data_line` VALUES ('c9aeaef8-c213-4d6f-a0b3-2eff6c285d0f', '8a06797d-8c9d-4e0b-917d-fa6a1593831f', '2e1b83ec-19f3-4e11-b3fa-a0b14bebe2eb', 'c579b1ba-fce1-4900-b84b-7b42d35d5da9', 29, 'e2898b86-711f-4ff3-a55f-71c6c919e4dd', 1432, '0-0-30bb6a0b-db8f-47fa-9819-b1fce0a26ff7-2e1b83ec-19f3-4e11-b3fa-a0b14bebe2eb-c579b1ba-fce1-4900-b84b-7b42d35d5da9', 0, 0, 1, 0, '2020-01-15 10:51:52', '2020-01-15 15:40:51');
INSERT INTO `lkj_data_line` VALUES ('cad1dd33-2da2-4345-8f41-b2b1903362c8', '8a06797d-8c9d-4e0b-917d-fa6a1593831f', '2dc5d2c3-828f-4982-9708-a9738120c24a', 'f03d11a6-702c-4b0e-8849-7676a2355789', 31, 'e2898b86-711f-4ff3-a55f-71c6c919e4dd', 3675, '0-1-054af2f3-6e77-4540-b868-f44f6f27ccd5-2dc5d2c3-828f-4982-9708-a9738120c24a-f03d11a6-702c-4b0e-8849-7676a2355789', 0, 1, 1, 0, '2020-01-15 10:51:52', '2020-01-15 15:40:51');
INSERT INTO `lkj_data_line` VALUES ('cdd0ee13-8c90-4651-8cf9-89fcaa6aa19f', '8a06797d-8c9d-4e0b-917d-fa6a1593831f', 'd0fe9754-2154-483b-84ba-bf1df766e400', 'dff71780-cc2a-4a8e-b4b2-7cca4c82d2c1', 94, 'b6dc83a9-df94-4f89-9cc7-b30d50b21994', 1684, '1-1-d0fe9754-2154-483b-84ba-bf1df766e400-dff71780-cc2a-4a8e-b4b2-7cca4c82d2c1-821ca00c-07e8-4c41-845f-e3a13dd9d353', 1, 1, 1, 0, '2020-01-15 16:52:32', '2020-01-15 16:52:32');
INSERT INTO `lkj_data_line` VALUES ('cf21dc59-3b4d-4e23-bde2-c8cb2778b68e', '8a06797d-8c9d-4e0b-917d-fa6a1593831f', 'cfb6b2aa-416a-4917-a6bc-544d889c1c1f', '821ca00c-07e8-4c41-845f-e3a13dd9d353', 17, 'e2898b86-711f-4ff3-a55f-71c6c919e4dd', 691, '1-1-d0fe9754-2154-483b-84ba-bf1df766e400-cfb6b2aa-416a-4917-a6bc-544d889c1c1f-821ca00c-07e8-4c41-845f-e3a13dd9d353', 1, 1, 1, 0, '2020-01-15 10:51:52', '2020-01-15 15:40:51');
INSERT INTO `lkj_data_line` VALUES ('d1c79f17-74dd-4a23-aea1-a4f5358df9db', '8a06797d-8c9d-4e0b-917d-fa6a1593831f', '2e1b83ec-19f3-4e11-b3fa-a0b14bebe2eb', '821ca00c-07e8-4c41-845f-e3a13dd9d353', 19, 'e2898b86-711f-4ff3-a55f-71c6c919e4dd', 691, '1-1-d0fe9754-2154-483b-84ba-bf1df766e400-2e1b83ec-19f3-4e11-b3fa-a0b14bebe2eb-821ca00c-07e8-4c41-845f-e3a13dd9d353', 1, 1, 1, 0, '2020-01-15 10:51:52', '2020-01-15 15:40:51');
INSERT INTO `lkj_data_line` VALUES ('d5a34c34-6a44-4013-a658-1428db343d0b', '8a06797d-8c9d-4e0b-917d-fa6a1593831f', 'cfb6b2aa-416a-4917-a6bc-544d889c1c1f', '821ca00c-07e8-4c41-845f-e3a13dd9d353', 57, '190e8940-b750-4dd2-859d-ea9ae8c4e6ff', 691, '1-1-d0fe9754-2154-483b-84ba-bf1df766e400-cfb6b2aa-416a-4917-a6bc-544d889c1c1f-821ca00c-07e8-4c41-845f-e3a13dd9d353', 1, 1, 1, 0, '2020-01-15 15:49:01', '2020-01-15 15:50:25');
INSERT INTO `lkj_data_line` VALUES ('d8707181-102c-4001-8e56-694701e6ba27', '704f6bbc-7733-4739-8414-d432df33cfd1', '2dc5d2c3-828f-4982-9708-a9738120c24a', '325897ba-6f9a-4441-bb7b-849e9ba4acb5', 2, '8782795d-70d1-40d5-b38c-1ab94c5353dc', 1919810, '0-1-2dc5d2c3-828f-4982-9708-a9738120c24a-325897ba-6f9a-4441-bb7b-849e9ba4acb5', 0, 1, 0, 0, '2020-01-15 16:06:19', '2020-01-15 16:06:19');
INSERT INTO `lkj_data_line` VALUES ('dadb152b-6228-4e90-93d3-852b12e5e605', '704f6bbc-7733-4739-8414-d432df33cfd1', 'd282a8d4-c2b5-4c18-a126-82fe9c8f1638', 'f03d11a6-702c-4b0e-8849-7676a2355789', 35, 'a735814f-717c-4891-b61c-e52cd1dc1578', 3880, '0-1-054af2f3-6e77-4540-b868-f44f6f27ccd5-d282a8d4-c2b5-4c18-a126-82fe9c8f1638-f03d11a6-702c-4b0e-8849-7676a2355789', 0, 1, 1, 0, '2020-01-15 15:39:47', '2020-01-15 15:45:50');
INSERT INTO `lkj_data_line` VALUES ('dc3d4cfc-a65b-47bb-8993-66a1e3fb0e91', '8a06797d-8c9d-4e0b-917d-fa6a1593831f', 'd0fe9754-2154-483b-84ba-bf1df766e400', '2e1b83ec-19f3-4e11-b3fa-a0b14bebe2eb', 18, 'e2898b86-711f-4ff3-a55f-71c6c919e4dd', 1681, '1-1-d0fe9754-2154-483b-84ba-bf1df766e400-2e1b83ec-19f3-4e11-b3fa-a0b14bebe2eb-821ca00c-07e8-4c41-845f-e3a13dd9d353', 1, 1, 1, 0, '2020-01-15 10:51:52', '2020-01-15 15:40:51');
INSERT INTO `lkj_data_line` VALUES ('ddf21e6a-b4fa-47bc-a6c3-eccd338622dd', '8a06797d-8c9d-4e0b-917d-fa6a1593831f', 'dff71780-cc2a-4a8e-b4b2-7cca4c82d2c1', '821ca00c-07e8-4c41-845f-e3a13dd9d353', 55, '190e8940-b750-4dd2-859d-ea9ae8c4e6ff', 694, '1-1-d0fe9754-2154-483b-84ba-bf1df766e400-dff71780-cc2a-4a8e-b4b2-7cca4c82d2c1-821ca00c-07e8-4c41-845f-e3a13dd9d353', 1, 1, 1, 0, '2020-01-15 15:49:01', '2020-01-15 15:50:25');
INSERT INTO `lkj_data_line` VALUES ('df80044e-0b52-432b-8cbc-0c8cfef0c347', '8a06797d-8c9d-4e0b-917d-fa6a1593831f', '81990ca4-033d-4948-b026-86fc948fc4e0', '53a37501-f2ad-4aaa-b35b-461b3609ff0f', 89, 'b6dc83a9-df94-4f89-9cc7-b30d50b21994', 2005, '1-0-f4a1f9f2-c23e-4c64-a3c5-2b416c82e5ab-81990ca4-033d-4948-b026-86fc948fc4e0-53a37501-f2ad-4aaa-b35b-461b3609ff0f', 1, 0, 1, 0, '2020-01-15 16:52:32', '2020-01-15 16:52:32');
INSERT INTO `lkj_data_line` VALUES ('e05e7c47-e433-4d1c-be1c-f08741fa2295', '704f6bbc-7733-4739-8414-d432df33cfd1', '2e36c22f-08ec-4efd-ab7a-c5f95a2bc9f6', '821ca00c-07e8-4c41-845f-e3a13dd9d353', 13, 'a735814f-717c-4891-b61c-e52cd1dc1578', 694, '1-1-d0fe9754-2154-483b-84ba-bf1df766e400-2e36c22f-08ec-4efd-ab7a-c5f95a2bc9f6-821ca00c-07e8-4c41-845f-e3a13dd9d353', 1, 1, 1, 0, '2020-01-15 15:39:47', '2020-01-15 15:45:50');
INSERT INTO `lkj_data_line` VALUES ('e11982be-a151-4ee8-ae2e-dd707f21da05', '8a06797d-8c9d-4e0b-917d-fa6a1593831f', 'd0fe9754-2154-483b-84ba-bf1df766e400', 'cfb6b2aa-416a-4917-a6bc-544d889c1c1f', 56, '190e8940-b750-4dd2-859d-ea9ae8c4e6ff', 1681, '1-1-d0fe9754-2154-483b-84ba-bf1df766e400-cfb6b2aa-416a-4917-a6bc-544d889c1c1f-821ca00c-07e8-4c41-845f-e3a13dd9d353', 1, 1, 1, 0, '2020-01-15 15:49:01', '2020-01-15 15:50:25');
INSERT INTO `lkj_data_line` VALUES ('e20593fb-19a7-4a3b-8909-9d4b16e81837', '704f6bbc-7733-4739-8414-d432df33cfd1', '054af2f3-6e77-4540-b868-f44f6f27ccd5', '61cd497a-481e-49b9-819a-6fbd172dc6e5', 32, 'a735814f-717c-4891-b61c-e52cd1dc1578', 1338, '0-1-054af2f3-6e77-4540-b868-f44f6f27ccd5-61cd497a-481e-49b9-819a-6fbd172dc6e5-f03d11a6-702c-4b0e-8849-7676a2355789', 0, 1, 1, 0, '2020-01-15 15:39:47', '2020-01-15 15:45:50');
INSERT INTO `lkj_data_line` VALUES ('e4c2ae2a-fd3e-4534-8c77-c28f9d753e4f', '8a06797d-8c9d-4e0b-917d-fa6a1593831f', '30bb6a0b-db8f-47fa-9819-b1fce0a26ff7', '2e1b83ec-19f3-4e11-b3fa-a0b14bebe2eb', 108, 'b6dc83a9-df94-4f89-9cc7-b30d50b21994', 1420, '0-0-30bb6a0b-db8f-47fa-9819-b1fce0a26ff7-2e1b83ec-19f3-4e11-b3fa-a0b14bebe2eb-c579b1ba-fce1-4900-b84b-7b42d35d5da9', 0, 0, 1, 0, '2020-01-15 16:52:32', '2020-01-15 16:52:32');
INSERT INTO `lkj_data_line` VALUES ('e59655ad-006b-43c4-b4b5-c4a68bea49c9', '704f6bbc-7733-4739-8414-d432df33cfd1', '92746a2a-a2b5-45ae-afe1-2256d8364d34', 'f03d11a6-702c-4b0e-8849-7676a2355789', 39, 'a735814f-717c-4891-b61c-e52cd1dc1578', 3877, '0-1-054af2f3-6e77-4540-b868-f44f6f27ccd5-92746a2a-a2b5-45ae-afe1-2256d8364d34-f03d11a6-702c-4b0e-8849-7676a2355789', 0, 1, 1, 1, '2020-01-15 15:39:47', '2020-01-15 16:52:32');
INSERT INTO `lkj_data_line` VALUES ('e5a0228c-fcf2-4f19-a337-28eecbb4206d', '8a06797d-8c9d-4e0b-917d-fa6a1593831f', 'f4a1f9f2-c23e-4c64-a3c5-2b416c82e5ab', 'a6688969-c417-46a9-ae54-46f6f27401b1', 44, '190e8940-b750-4dd2-859d-ea9ae8c4e6ff', 1338, '1-0-f4a1f9f2-c23e-4c64-a3c5-2b416c82e5ab-a6688969-c417-46a9-ae54-46f6f27401b1-53a37501-f2ad-4aaa-b35b-461b3609ff0f', 1, 0, 1, 0, '2020-01-15 15:49:01', '2020-01-15 15:50:25');
INSERT INTO `lkj_data_line` VALUES ('e67d884b-d47c-4d97-a4f2-1694b612e33b', '704f6bbc-7733-4739-8414-d432df33cfd1', '054af2f3-6e77-4540-b868-f44f6f27ccd5', '840b0613-6407-44b6-9299-343a078064ed', 36, 'a735814f-717c-4891-b61c-e52cd1dc1578', 1533, '0-1-054af2f3-6e77-4540-b868-f44f6f27ccd5-840b0613-6407-44b6-9299-343a078064ed-f03d11a6-702c-4b0e-8849-7676a2355789', 0, 1, 1, 0, '2020-01-15 15:39:47', '2020-01-15 15:45:50');
INSERT INTO `lkj_data_line` VALUES ('e83499c7-f96d-45b6-9fd4-f8bd97e52d0a', '8a06797d-8c9d-4e0b-917d-fa6a1593831f', '054af2f3-6e77-4540-b868-f44f6f27ccd5', '840b0613-6407-44b6-9299-343a078064ed', 116, 'b6dc83a9-df94-4f89-9cc7-b30d50b21994', 1533, '0-1-054af2f3-6e77-4540-b868-f44f6f27ccd5-840b0613-6407-44b6-9299-343a078064ed-f03d11a6-702c-4b0e-8849-7676a2355789', 0, 1, 1, 0, '2020-01-15 16:52:32', '2020-01-15 16:52:32');
INSERT INTO `lkj_data_line` VALUES ('e9471297-7c8e-45b5-afc6-39110c8ddb19', '704f6bbc-7733-4739-8414-d432df33cfd1', '2e1b83ec-19f3-4e11-b3fa-a0b14bebe2eb', 'c579b1ba-fce1-4900-b84b-7b42d35d5da9', 29, 'a735814f-717c-4891-b61c-e52cd1dc1578', 1432, '0-0-30bb6a0b-db8f-47fa-9819-b1fce0a26ff7-2e1b83ec-19f3-4e11-b3fa-a0b14bebe2eb-c579b1ba-fce1-4900-b84b-7b42d35d5da9', 0, 0, 1, 0, '2020-01-15 15:39:47', '2020-01-15 15:45:50');
INSERT INTO `lkj_data_line` VALUES ('e988b9ae-d791-42aa-8d0b-e75fbe5f981d', '704f6bbc-7733-4739-8414-d432df33cfd1', '30bb6a0b-db8f-47fa-9819-b1fce0a26ff7', '2e1b83ec-19f3-4e11-b3fa-a0b14bebe2eb', 28, 'a735814f-717c-4891-b61c-e52cd1dc1578', 1420, '0-0-30bb6a0b-db8f-47fa-9819-b1fce0a26ff7-2e1b83ec-19f3-4e11-b3fa-a0b14bebe2eb-c579b1ba-fce1-4900-b84b-7b42d35d5da9', 0, 0, 1, 0, '2020-01-15 15:39:47', '2020-01-15 15:45:50');
INSERT INTO `lkj_data_line` VALUES ('ea4619dc-bbab-4ebe-9760-99ef707b55ff', '704f6bbc-7733-4739-8414-d432df33cfd1', 'cfb6b2aa-416a-4917-a6bc-544d889c1c1f', '821ca00c-07e8-4c41-845f-e3a13dd9d353', 17, 'a735814f-717c-4891-b61c-e52cd1dc1578', 691, '1-1-d0fe9754-2154-483b-84ba-bf1df766e400-cfb6b2aa-416a-4917-a6bc-544d889c1c1f-821ca00c-07e8-4c41-845f-e3a13dd9d353', 1, 1, 1, 0, '2020-01-15 15:39:47', '2020-01-15 15:45:50');
INSERT INTO `lkj_data_line` VALUES ('eb0c06f1-79bc-42c7-a3ca-b9ac3d69e4c9', '8a06797d-8c9d-4e0b-917d-fa6a1593831f', '81990ca4-033d-4948-b026-86fc948fc4e0', '53a37501-f2ad-4aaa-b35b-461b3609ff0f', 9, 'e2898b86-711f-4ff3-a55f-71c6c919e4dd', 2005, '1-0-f4a1f9f2-c23e-4c64-a3c5-2b416c82e5ab-81990ca4-033d-4948-b026-86fc948fc4e0-53a37501-f2ad-4aaa-b35b-461b3609ff0f', 1, 0, 1, 0, '2020-01-15 10:51:52', '2020-01-15 15:40:51');
INSERT INTO `lkj_data_line` VALUES ('ecf0e973-eb89-4286-9119-4fe3aa954549', '8a06797d-8c9d-4e0b-917d-fa6a1593831f', '2e1b83ec-19f3-4e11-b3fa-a0b14bebe2eb', 'c579b1ba-fce1-4900-b84b-7b42d35d5da9', 109, 'b6dc83a9-df94-4f89-9cc7-b30d50b21994', 1432, '0-0-30bb6a0b-db8f-47fa-9819-b1fce0a26ff7-2e1b83ec-19f3-4e11-b3fa-a0b14bebe2eb-c579b1ba-fce1-4900-b84b-7b42d35d5da9', 0, 0, 1, 0, '2020-01-15 16:52:32', '2020-01-15 16:52:32');
INSERT INTO `lkj_data_line` VALUES ('ed7a6c8e-bae6-4669-b8dc-123a0a98691f', '8a06797d-8c9d-4e0b-917d-fa6a1593831f', '30bb6a0b-db8f-47fa-9819-b1fce0a26ff7', 'dff71780-cc2a-4a8e-b4b2-7cca4c82d2c1', 24, 'e2898b86-711f-4ff3-a55f-71c6c919e4dd', 1423, '0-0-30bb6a0b-db8f-47fa-9819-b1fce0a26ff7-dff71780-cc2a-4a8e-b4b2-7cca4c82d2c1-c579b1ba-fce1-4900-b84b-7b42d35d5da9', 0, 0, 1, 0, '2020-01-15 10:51:52', '2020-01-15 15:40:51');
INSERT INTO `lkj_data_line` VALUES ('edd1ce22-0f4f-435d-8eb8-9a59aec5ddb6', '8a06797d-8c9d-4e0b-917d-fa6a1593831f', 'f4a1f9f2-c23e-4c64-a3c5-2b416c82e5ab', '3b8ba5b1-05ca-4b0e-b0c4-ee5405c460a9', 2, 'e2898b86-711f-4ff3-a55f-71c6c919e4dd', 1338, '1-0-f4a1f9f2-c23e-4c64-a3c5-2b416c82e5ab-3b8ba5b1-05ca-4b0e-b0c4-ee5405c460a9-53a37501-f2ad-4aaa-b35b-461b3609ff0f', 1, 0, 1, 0, '2020-01-15 10:51:52', '2020-01-15 15:40:51');
INSERT INTO `lkj_data_line` VALUES ('eddd8c3f-302c-4a12-b415-f202e1c9763d', '8a06797d-8c9d-4e0b-917d-fa6a1593831f', 'f4a1f9f2-c23e-4c64-a3c5-2b416c82e5ab', '840b0613-6407-44b6-9299-343a078064ed', 40, '190e8940-b750-4dd2-859d-ea9ae8c4e6ff', 1533, '1-0-f4a1f9f2-c23e-4c64-a3c5-2b416c82e5ab-840b0613-6407-44b6-9299-343a078064ed-53a37501-f2ad-4aaa-b35b-461b3609ff0f', 1, 0, 1, 0, '2020-01-15 15:49:01', '2020-01-15 15:50:25');
INSERT INTO `lkj_data_line` VALUES ('eff5175b-f3e3-472f-8f08-b3f49559ff37', '8a06797d-8c9d-4e0b-917d-fa6a1593831f', '054af2f3-6e77-4540-b868-f44f6f27ccd5', '92746a2a-a2b5-45ae-afe1-2256d8364d34', 78, '190e8940-b750-4dd2-859d-ea9ae8c4e6ff', 1341, '0-1-054af2f3-6e77-4540-b868-f44f6f27ccd5-92746a2a-a2b5-45ae-afe1-2256d8364d34-f03d11a6-702c-4b0e-8849-7676a2355789', 0, 1, 1, 1, '2020-01-15 15:49:01', '2020-01-15 16:52:32');
INSERT INTO `lkj_data_line` VALUES ('f0811735-2375-4842-bcce-ede462f6ad85', '8a06797d-8c9d-4e0b-917d-fa6a1593831f', '61cd497a-481e-49b9-819a-6fbd172dc6e5', 'f03d11a6-702c-4b0e-8849-7676a2355789', 73, '190e8940-b750-4dd2-859d-ea9ae8c4e6ff', 3880, '0-1-054af2f3-6e77-4540-b868-f44f6f27ccd5-61cd497a-481e-49b9-819a-6fbd172dc6e5-f03d11a6-702c-4b0e-8849-7676a2355789', 0, 1, 1, 0, '2020-01-15 15:49:01', '2020-01-15 15:50:25');
INSERT INTO `lkj_data_line` VALUES ('f43b3ef5-0bf9-4b07-b631-0f1bf52da879', '8a06797d-8c9d-4e0b-917d-fa6a1593831f', '3b8ba5b1-05ca-4b0e-b0c4-ee5405c460a9', '53a37501-f2ad-4aaa-b35b-461b3609ff0f', 83, 'b6dc83a9-df94-4f89-9cc7-b30d50b21994', 2008, '1-0-f4a1f9f2-c23e-4c64-a3c5-2b416c82e5ab-3b8ba5b1-05ca-4b0e-b0c4-ee5405c460a9-53a37501-f2ad-4aaa-b35b-461b3609ff0f', 1, 0, 1, 0, '2020-01-15 16:52:32', '2020-01-15 16:52:32');
INSERT INTO `lkj_data_line` VALUES ('f46b8d2d-eed8-4d04-8aec-cce094b14ada', '8a06797d-8c9d-4e0b-917d-fa6a1593831f', '054af2f3-6e77-4540-b868-f44f6f27ccd5', 'd282a8d4-c2b5-4c18-a126-82fe9c8f1638', 114, 'b6dc83a9-df94-4f89-9cc7-b30d50b21994', 1338, '0-1-054af2f3-6e77-4540-b868-f44f6f27ccd5-d282a8d4-c2b5-4c18-a126-82fe9c8f1638-f03d11a6-702c-4b0e-8849-7676a2355789', 0, 1, 1, 0, '2020-01-15 16:52:32', '2020-01-15 16:52:32');
INSERT INTO `lkj_data_line` VALUES ('f4f46364-529a-4e2b-ad7a-5ba0f0cc5e60', '8a06797d-8c9d-4e0b-917d-fa6a1593831f', '4a9912a5-2b50-4937-970a-70f4a7e61731', '53a37501-f2ad-4aaa-b35b-461b3609ff0f', 7, 'e2898b86-711f-4ff3-a55f-71c6c919e4dd', 1803, '1-0-f4a1f9f2-c23e-4c64-a3c5-2b416c82e5ab-4a9912a5-2b50-4937-970a-70f4a7e61731-53a37501-f2ad-4aaa-b35b-461b3609ff0f', 1, 0, 1, 0, '2020-01-15 10:51:52', '2020-01-15 15:40:51');
INSERT INTO `lkj_data_line` VALUES ('f4f894d8-c7b3-4689-9e5c-0ca2cf3f5161', '704f6bbc-7733-4739-8414-d432df33cfd1', '30bb6a0b-db8f-47fa-9819-b1fce0a26ff7', '2e36c22f-08ec-4efd-ab7a-c5f95a2bc9f6', 22, 'a735814f-717c-4891-b61c-e52cd1dc1578', 1423, '0-0-30bb6a0b-db8f-47fa-9819-b1fce0a26ff7-2e36c22f-08ec-4efd-ab7a-c5f95a2bc9f6-c579b1ba-fce1-4900-b84b-7b42d35d5da9', 0, 0, 1, 0, '2020-01-15 15:39:47', '2020-01-15 15:45:50');
INSERT INTO `lkj_data_line` VALUES ('f76ad3a3-8735-44c1-8bfe-bc33e2bbf44b', '8a06797d-8c9d-4e0b-917d-fa6a1593831f', '325897ba-6f9a-4441-bb7b-849e9ba4acb5', '821ca00c-07e8-4c41-845f-e3a13dd9d353', 11, 'e2898b86-711f-4ff3-a55f-71c6c919e4dd', 691, '1-1-d0fe9754-2154-483b-84ba-bf1df766e400-325897ba-6f9a-4441-bb7b-849e9ba4acb5-821ca00c-07e8-4c41-845f-e3a13dd9d353', 1, 1, 1, 0, '2020-01-15 10:51:52', '2020-01-15 15:40:51');
INSERT INTO `lkj_data_line` VALUES ('f99eacdf-6785-4a6e-ad6c-1f06d8ad5a42', '8a06797d-8c9d-4e0b-917d-fa6a1593831f', '840b0613-6407-44b6-9299-343a078064ed', 'f03d11a6-702c-4b0e-8849-7676a2355789', 37, 'e2898b86-711f-4ff3-a55f-71c6c919e4dd', 3685, '0-1-054af2f3-6e77-4540-b868-f44f6f27ccd5-840b0613-6407-44b6-9299-343a078064ed-f03d11a6-702c-4b0e-8849-7676a2355789', 0, 1, 1, 0, '2020-01-15 10:51:52', '2020-01-15 15:40:51');
INSERT INTO `lkj_data_line` VALUES ('fe2e1d7a-556a-4db3-a1aa-1d82397f316d', '8a06797d-8c9d-4e0b-917d-fa6a1593831f', 'a6688969-c417-46a9-ae54-46f6f27401b1', '53a37501-f2ad-4aaa-b35b-461b3609ff0f', 45, '190e8940-b750-4dd2-859d-ea9ae8c4e6ff', 2008, '1-0-f4a1f9f2-c23e-4c64-a3c5-2b416c82e5ab-a6688969-c417-46a9-ae54-46f6f27401b1-53a37501-f2ad-4aaa-b35b-461b3609ff0f', 1, 0, 1, 0, '2020-01-15 15:49:01', '2020-01-15 15:50:25');
INSERT INTO `lkj_data_line` VALUES ('fead3308-93de-4d05-9958-01b458b1d933', '8a06797d-8c9d-4e0b-917d-fa6a1593831f', '054af2f3-6e77-4540-b868-f44f6f27ccd5', '92746a2a-a2b5-45ae-afe1-2256d8364d34', 118, 'b6dc83a9-df94-4f89-9cc7-b30d50b21994', 1341, '0-1-054af2f3-6e77-4540-b868-f44f6f27ccd5-92746a2a-a2b5-45ae-afe1-2256d8364d34-f03d11a6-702c-4b0e-8849-7676a2355789', 0, 1, 1, 0, '2020-01-15 16:52:32', '2020-01-15 16:52:32');

-- ----------------------------
-- Table structure for menu
-- ----------------------------
DROP TABLE IF EXISTS `menu`;
CREATE TABLE `menu`  (
  `id` varchar(36) CHARACTER SET utf8mb4 COLLATE utf8mb4_0900_ai_ci NOT NULL,
  `name` varchar(255) CHARACTER SET utf8mb4 COLLATE utf8mb4_0900_ai_ci NOT NULL,
  `pid` varchar(36) CHARACTER SET utf8mb4 COLLATE utf8mb4_0900_ai_ci NOT NULL,
  `url` varchar(255) CHARACTER SET utf8mb4 COLLATE utf8mb4_0900_ai_ci NOT NULL,
  `description` varchar(255) CHARACTER SET utf8mb4 COLLATE utf8mb4_0900_ai_ci NOT NULL,
  `icon` varchar(255) CHARACTER SET utf8mb4 COLLATE utf8mb4_0900_ai_ci NULL DEFAULT NULL,
  `hide` tinyint(4) NOT NULL,
  `seq` int(11) NOT NULL,
  `level` int(11) NOT NULL,
  `add_time` datetime(6) NULL DEFAULT NULL,
  `update_time` datetime(6) NULL DEFAULT NULL,
  PRIMARY KEY (`id`) USING BTREE
) ENGINE = InnoDB CHARACTER SET = utf8mb4 COLLATE = utf8mb4_0900_ai_ci ROW_FORMAT = Dynamic;

-- ----------------------------
-- Records of menu
-- ----------------------------
INSERT INTO `menu` VALUES ('0549bd41-9c81-4faa-8ef6-1d5c2a6dddd2', '订单管理', '0', '-1', '订单管理', '&#xe69e;', 0, 4, 1, '2019-12-25 15:39:23.533000', '2019-12-25 15:39:23.533000');
INSERT INTO `menu` VALUES ('06a0ae46-fef9-49f8-9cf3-c527dc4d01cf', '表单元素', 'ca3e2660-27a6-4edc-937b-1c78dd70f615', '/html/form1', '表单元素', NULL, 0, 1, 2, '2019-12-25 15:39:23.532000', '2019-12-25 15:39:23.532000');
INSERT INTO `menu` VALUES ('0877610a-12f7-4ebc-bd2b-8cedf17f601d', '提交审批', '9fd25356-ed98-40c0-9d42-171284989861', '/backstage/lkjApproveSubmit?pageSize=20', '', NULL, 0, 0, 2, NULL, '2020-01-09 17:01:25.447000');
INSERT INTO `menu` VALUES ('094bb367-eee9-4c29-87c3-8ef7b313a73c', '文件上传', '39285b61-f63c-4bb3-8464-c7d3a01e5009', '/html/upload', '文件上传', NULL, 0, 0, 2, '2019-12-25 15:39:23.533000', '2019-12-25 15:39:23.533000');
INSERT INTO `menu` VALUES ('0a5f45d5-699a-4644-85a1-23d728024280', 'akagi', '86bb28fe-4178-490d-9f02-b3be9d53b493', '/backstage/1', '', NULL, 0, 0, 2, '2020-01-04 16:30:43.808000', '2020-01-04 16:30:43.808000');
INSERT INTO `menu` VALUES ('0b439373-6763-4996-b74e-6a21e218f17d', '排版', '1e07520c-a6cc-48c5-b9b3-c5a356fbcf57', '/html/welcome2', '排版', NULL, 0, 1, 2, '2019-12-25 15:39:23.533000', '2019-12-25 15:39:23.533000');
INSERT INTO `menu` VALUES ('0df525d0-172b-475d-a48f-7d07f834989c', '拆线图', '9218dce7-cf01-4406-b3aa-2d23765b889a', '/html/echarts1', '拆线图', NULL, 0, 0, 2, '2019-12-25 15:39:23.533000', '2019-12-25 15:39:23.533000');
INSERT INTO `menu` VALUES ('128a2efb-d814-467a-bd94-cf6f11f8beb5', '栅格', '1e07520c-a6cc-48c5-b9b3-c5a356fbcf57', '/html/grid', '栅格', NULL, 0, 0, 2, '2019-12-25 15:39:23.532000', '2019-12-25 15:39:23.532000');
INSERT INTO `menu` VALUES ('1604c7b6-eb43-4ae3-b821-10358abe6cf5', '选项卡', 'ca3e2660-27a6-4edc-937b-1c78dd70f615', '/html/tab', '选项卡', NULL, 0, 5, 2, '2019-12-25 15:39:23.532000', '2019-12-25 15:39:23.532000');
INSERT INTO `menu` VALUES ('192f7e30-5046-4d99-8181-0a379f1d01d6', '用户管理', 'bed34979-b4a5-405b-afc3-5910ebd93b7c', '/backstage/user?pageSize=20', '', NULL, 0, 3, 2, NULL, '2020-01-15 16:29:21.984000');
INSERT INTO `menu` VALUES ('1b5046b4-50e8-4a66-8c67-642109219281', '面板', 'ca3e2660-27a6-4edc-937b-1c78dd70f615', '/html/panel', '面板', NULL, 0, 7, 2, '2019-12-25 15:39:23.532000', '2019-12-25 15:39:23.532000');
INSERT INTO `menu` VALUES ('1e07520c-a6cc-48c5-b9b3-c5a356fbcf57', '排版布局', '0', '-1', '排版布局', '&#xe6b4;', 0, 3, 1, '2019-12-25 15:39:23.532000', '2019-12-25 15:39:23.532000');
INSERT INTO `menu` VALUES ('1f92b356-53d3-4552-8da8-2c86f440add8', '图标字体', 'ca3e2660-27a6-4edc-937b-1c78dd70f615', '/html/unicode', '图标字体', NULL, 0, 0, 2, '2019-12-25 15:39:23.532000', '2019-12-25 15:39:23.532000');
INSERT INTO `menu` VALUES ('219894b5-4e63-4da9-aa4d-b5df2993c873', '菜单管理', 'e1b547fc-d5ab-42e4-b22b-2cfe9836de76', '/menu', '菜单管理', NULL, 0, 3, 2, '2019-12-25 15:39:23.533000', '2019-12-25 15:39:23.533000');
INSERT INTO `menu` VALUES ('24ad930b-ffb8-41c2-bf96-d349be3ec6cf', '多级分类', 'f1e0295f-20f8-4ac4-8c97-2c563a50d217', '/html/cate', '多级分类', NULL, 0, 2, 2, '2019-12-25 15:39:23.532000', '2019-12-25 15:39:23.532000');
INSERT INTO `menu` VALUES ('360f983d-1b1c-4ada-9a64-594acde6a470', '组织管理', 'bed34979-b4a5-405b-afc3-5910ebd93b7c', '/backstage/organization', '', NULL, 0, 2, 2, NULL, '2020-01-03 10:41:21.581000');
INSERT INTO `menu` VALUES ('39285b61-f63c-4bb3-8464-c7d3a01e5009', '组件页面', '0', '-1', '组件页面', '&#xe6a7;', 0, 8, 1, '2019-12-25 15:39:23.533000', '2019-12-25 15:39:23.533000');
INSERT INTO `menu` VALUES ('3fe56de0-1005-4d9b-9b97-660f5f620422', '设备管理', 'dacee989-c809-4a5c-ae3d-80fabc864b4c', '/backstage/device?pageSize=20', '', NULL, 0, 0, 2, NULL, '2020-01-02 13:19:01.154000');
INSERT INTO `menu` VALUES ('4082cfb1-a5a8-45be-9f32-4e4b641164ef', '线路管理', 'bed34979-b4a5-405b-afc3-5910ebd93b7c', '/backstage/line', '', NULL, 0, 0, 2, '2020-01-02 15:10:46.531000', '2020-01-15 16:29:04.948000');
INSERT INTO `menu` VALUES ('40fd9602-61f2-4ca3-b645-5a02114dd91e', '主页', '0', '-1', '主页', '&#xe6eb;', 0, 0, 1, '2019-12-25 15:39:23.532000', '2019-12-25 15:39:23.532000');
INSERT INTO `menu` VALUES ('4c892690-9480-407a-bc74-c08af96a03e0', '轮播图', '39285b61-f63c-4bb3-8464-c7d3a01e5009', '/html/carousel', '轮播图', NULL, 0, 3, 2, '2019-12-25 15:39:23.533000', '2019-12-25 15:39:23.533000');
INSERT INTO `menu` VALUES ('4f7d575e-c722-4042-9152-982cd097db6f', '热力图', '9218dce7-cf01-4406-b3aa-2d23765b889a', '/html/echarts7', '热力图', NULL, 0, 6, 2, '2019-12-25 15:39:23.533000', '2019-12-25 15:39:23.533000');
INSERT INTO `menu` VALUES ('50e965d5-0330-4cd5-bd39-89c5502cc60c', '进度条', 'ca3e2660-27a6-4edc-937b-1c78dd70f615', '/html/progressBar', '进度条', NULL, 0, 6, 2, '2019-12-25 15:39:23.532000', '2019-12-25 15:39:23.532000');
INSERT INTO `menu` VALUES ('5671f542-f688-4e7a-803f-88aa01e48c29', '按钮', 'ca3e2660-27a6-4edc-937b-1c78dd70f615', '/html/buttons', '按钮', NULL, 0, 3, 2, '2019-12-25 15:39:23.532000', '2019-12-25 15:39:23.532000');
INSERT INTO `menu` VALUES ('5f352b11-928b-4ea2-baa1-ab5777dbecfe', '轮播图', 'f1e0295f-20f8-4ac4-8c97-2c563a50d217', '/html/carousel', '轮播图', NULL, 0, 3, 2, '2019-12-25 15:39:23.532000', '2019-12-25 15:39:23.532000');
INSERT INTO `menu` VALUES ('6bed9bbc-de83-4dc9-966d-4eae579b5f64', '角色管理', 'e1b547fc-d5ab-42e4-b22b-2cfe9836de76', '/role', '角色管理', NULL, 0, 1, 2, '2019-12-25 15:39:23.533000', '2019-12-25 15:39:23.533000');
INSERT INTO `menu` VALUES ('736a720a-46bd-4011-884b-9ccec4c3e6a4', '用户管理', '0', '-1', '用户管理', '&#xe6b8;', 0, 6, 1, '2019-12-25 15:39:23.533000', '2019-12-25 15:39:23.533000');
INSERT INTO `menu` VALUES ('7f782c0b-7e8a-434f-900c-fdb1164948bb', '柱状图', '9218dce7-cf01-4406-b3aa-2d23765b889a', '/html/echarts2', '柱状图', NULL, 0, 1, 2, '2019-12-25 15:39:23.533000', '2019-12-25 15:39:23.533000');
INSERT INTO `menu` VALUES ('7ffc2c04-5c93-4a28-b240-8a99c75a9b9e', '地图', '9218dce7-cf01-4406-b3aa-2d23765b889a', '/html/echarts3', '地图', NULL, 0, 2, 2, '2019-12-25 15:39:23.533000', '2019-12-25 15:39:23.533000');
INSERT INTO `menu` VALUES ('8675b632-2380-4519-ad52-29b4dedf67dc', '城市三级联动', '39285b61-f63c-4bb3-8464-c7d3a01e5009', '/html/city', '城市三级联动', NULL, 0, 4, 2, '2019-12-25 15:39:23.533000', '2019-12-25 15:39:23.533000');
INSERT INTO `menu` VALUES ('86bb28fe-4178-490d-9f02-b3be9d53b493', 'menu', '0', '1', '', NULL, 0, 0, 1, '2020-01-04 16:30:30.853000', '2020-01-04 16:30:30.853000');
INSERT INTO `menu` VALUES ('91f99c56-acc1-4744-b87a-ea18eb576835', '导航/面包屑', 'ca3e2660-27a6-4edc-937b-1c78dd70f615', '/html/nav', '导航/面包屑', NULL, 0, 4, 2, '2019-12-25 15:39:23.532000', '2019-12-25 15:39:23.532000');
INSERT INTO `menu` VALUES ('9218dce7-cf01-4406-b3aa-2d23765b889a', '系统统计', '0', '-1', '系统统计', '&#xe6ae;', 0, 7, 1, '2019-12-25 15:39:23.533000', '2019-12-25 15:39:23.533000');
INSERT INTO `menu` VALUES ('97de9dc7-57e1-44a5-95fc-d4a263a68e76', '表单组合', 'ca3e2660-27a6-4edc-937b-1c78dd70f615', '/html/form2', '表单组合', NULL, 0, 2, 2, '2019-12-25 15:39:23.532000', '2019-12-25 15:39:23.532000');
INSERT INTO `menu` VALUES ('9fd25356-ed98-40c0-9d42-171284989861', 'LKJ数据管理', '0', '2', '', NULL, 0, 0, 1, NULL, '2020-01-15 16:49:00.063000');
INSERT INTO `menu` VALUES ('a0ab82d6-6915-4da2-9b4c-2b02c4b83b15', '权限分类', 'e1b547fc-d5ab-42e4-b22b-2cfe9836de76', '/html/adminCate', '权限分类', NULL, 0, 2, 2, '2019-12-25 15:39:23.533000', '2019-12-25 15:39:23.533000');
INSERT INTO `menu` VALUES ('a31e8feb-0956-40af-af08-2aa80ebd5578', 'LKJ数据', '9fd25356-ed98-40c0-9d42-171284989861', '/backstage/lkj?pageSize=10', '', NULL, 0, 0, 2, NULL, '2020-01-15 16:49:24.503000');
INSERT INTO `menu` VALUES ('b1e1a89d-6f19-47cb-9bca-70e92df74de4', '分页', 'f1e0295f-20f8-4ac4-8c97-2c563a50d217', '/html/page', '分页', NULL, 0, 1, 2, '2019-12-25 15:39:23.532000', '2019-12-25 15:39:23.532000');
INSERT INTO `menu` VALUES ('b38f252c-2eb6-4c75-a654-22675f8b7bf4', '会员删除', '736a720a-46bd-4011-884b-9ccec4c3e6a4', '/html/memberDel', '会员删除', NULL, 0, 1, 2, '2019-12-25 15:39:23.533000', '2019-12-25 15:39:23.533000');
INSERT INTO `menu` VALUES ('b8af72a1-8d73-4c9e-8105-2d4e29a5dc07', '仪表图', '9218dce7-cf01-4406-b3aa-2d23765b889a', '/html/echarts8', '仪表图', NULL, 0, 7, 2, '2019-12-25 15:39:23.533000', '2019-12-25 15:39:23.533000');
INSERT INTO `menu` VALUES ('baef54b6-e23e-4c4e-91de-f43c3c45287a', 'k线图', '9218dce7-cf01-4406-b3aa-2d23765b889a', '/html/echarts6', 'k线图', NULL, 0, 5, 2, '2019-12-25 15:39:23.533000', '2019-12-25 15:39:23.533000');
INSERT INTO `menu` VALUES ('bddff356-bf95-4a38-91f1-d355b0f93e9c', '饼图', '9218dce7-cf01-4406-b3aa-2d23765b889a', '/html/echarts4', '饼图', NULL, 0, 3, 2, '2019-12-25 15:39:23.533000', '2019-12-25 15:39:23.533000');
INSERT INTO `menu` VALUES ('bed34979-b4a5-405b-afc3-5910ebd93b7c', '基础数据', '0', '0', '', NULL, 0, -1000, 1, '2019-12-26 11:03:08.256000', '2019-12-26 11:03:18.665000');
INSERT INTO `menu` VALUES ('c6842757-9628-4c97-95f9-64eccd1a5c31', '订单列表', '0549bd41-9c81-4faa-8ef6-1d5c2a6dddd2', '/html/orderList', '订单列表', NULL, 0, 0, 2, '2019-12-25 15:39:23.533000', '2019-12-25 15:39:23.533000');
INSERT INTO `menu` VALUES ('ca3e2660-27a6-4edc-937b-1c78dd70f615', '基本元素', '0', '-1', '基本元素', '&#xe6e4;', 0, 1, 1, '2019-12-25 15:39:23.532000', '2019-12-25 15:39:23.532000');
INSERT INTO `menu` VALUES ('cb5c0f90-0146-4b4a-9f29-0de1e9e0cb90', '车站管理', 'bed34979-b4a5-405b-afc3-5910ebd93b7c', '/backstage/station?pageSize=20', '', NULL, 0, 1, 2, NULL, '2020-01-15 16:29:13.488000');
INSERT INTO `menu` VALUES ('cc08d7a5-3e39-4f8e-b738-08c9c3fcb083', '文件上传', 'f1e0295f-20f8-4ac4-8c97-2c563a50d217', '/html/upload', '文件上传', NULL, 0, 0, 2, '2019-12-25 15:39:23.532000', '2019-12-25 15:39:23.532000');
INSERT INTO `menu` VALUES ('d0352b3e-96e6-49ef-a225-cd95dd9245f1', '城市三级联动', 'f1e0295f-20f8-4ac4-8c97-2c563a50d217', '/html/city', '城市三级联动', NULL, 0, 4, 2, '2019-12-25 15:39:23.532000', '2019-12-25 15:39:23.532000');
INSERT INTO `menu` VALUES ('d35072e8-e5a6-42bc-ba0f-469e55dbd4ed', '静态表格', 'ca3e2660-27a6-4edc-937b-1c78dd70f615', '/html/tableElement', '静态表格', NULL, 0, 10, 2, '2019-12-25 15:39:23.532000', '2019-12-25 15:39:23.532000');
INSERT INTO `menu` VALUES ('d41fdbf5-df5c-4421-9a9b-51fe74d2d594', '时间线', 'ca3e2660-27a6-4edc-937b-1c78dd70f615', '/html/timeline', '时间线', NULL, 0, 9, 2, '2019-12-25 15:39:23.532000', '2019-12-25 15:39:23.532000');
INSERT INTO `menu` VALUES ('dacee989-c809-4a5c-ae3d-80fabc864b4c', '设备管理', '0', '-1', '', NULL, 0, -999, 1, '2020-01-02 13:11:32.145000', '2020-01-02 13:11:49.932000');
INSERT INTO `menu` VALUES ('dbc8160d-8c9c-4ae2-98e1-a282af5fa2f3', '审批管理', '9fd25356-ed98-40c0-9d42-171284989861', '/backstage/lkjApproveUpdate?pageSize=20', '', NULL, 0, 0, 2, NULL, '2020-01-14 11:10:54.155000');
INSERT INTO `menu` VALUES ('e1b547fc-d5ab-42e4-b22b-2cfe9836de76', '管理员管理', '0', '-1', '管理员管理', '&#xe726;', 0, -998, 1, '2019-12-25 15:39:23.533000', '2020-01-02 15:21:30.104000');
INSERT INTO `menu` VALUES ('e261bab0-9c98-4289-adad-afbbda03717b', '会员列表', '736a720a-46bd-4011-884b-9ccec4c3e6a4', '/html/memberList', '会员列表', NULL, 0, 0, 2, '2019-12-25 15:39:23.533000', '2019-12-25 15:39:23.533000');
INSERT INTO `menu` VALUES ('e809f7c0-77bd-4cde-8056-11c361f3ea7c', '多级分类', '39285b61-f63c-4bb3-8464-c7d3a01e5009', '/html/cate', '多级分类', NULL, 0, 2, 2, '2019-12-25 15:39:23.533000', '2019-12-25 15:39:23.533000');
INSERT INTO `menu` VALUES ('ed41042d-ba03-4343-8592-dc47ff6888d1', '雷达图', '9218dce7-cf01-4406-b3aa-2d23765b889a', '/html/echarts5', '雷达图', NULL, 0, 4, 2, '2019-12-25 15:39:23.533000', '2019-12-25 15:39:23.533000');
INSERT INTO `menu` VALUES ('ee3133a1-7033-4fa8-b476-02b015b27fa3', '动画', 'ca3e2660-27a6-4edc-937b-1c78dd70f615', '/html/anim', '动画', NULL, 0, 11, 2, '2019-12-25 15:39:23.532000', '2019-12-25 15:39:23.532000');
INSERT INTO `menu` VALUES ('ef385d27-d7c6-4144-992f-f9357e00200a', '分页', '39285b61-f63c-4bb3-8464-c7d3a01e5009', '/html/page', '分页', NULL, 0, 1, 2, '2019-12-25 15:39:23.533000', '2019-12-25 15:39:23.533000');
INSERT INTO `menu` VALUES ('ef79502d-1e27-49cc-8e29-2d4d280eea8b', '控制台', '40fd9602-61f2-4ca3-b645-5a02114dd91e', '/html/welcome', '控制台', NULL, 0, 0, 2, '2019-12-25 15:39:23.532000', '2019-12-25 15:39:23.532000');
INSERT INTO `menu` VALUES ('f1e0295f-20f8-4ac4-8c97-2c563a50d217', '组件页面', '0', '-1', '组件页面', '&#xe6f6;', 0, 2, 1, '2019-12-25 15:39:23.532000', '2019-12-25 15:39:23.532000');
INSERT INTO `menu` VALUES ('fcfc2a2a-849f-4697-b8bf-6c682aaedec2', '管理员列表', 'e1b547fc-d5ab-42e4-b22b-2cfe9836de76', '/html/adminList', '管理员列表', NULL, 0, 0, 2, '2019-12-25 15:39:23.533000', '2019-12-25 15:39:23.533000');
INSERT INTO `menu` VALUES ('ffbb25b6-4f50-49ec-b85a-1c9fa0aa4f71', '微章', 'ca3e2660-27a6-4edc-937b-1c78dd70f615', '/html/badge', '微章', NULL, 0, 8, 2, '2019-12-25 15:39:23.532000', '2019-12-25 15:39:23.532000');
INSERT INTO `menu` VALUES ('ffd534eb-a511-4ce7-964d-1ce67230c070', '设备类型', 'dacee989-c809-4a5c-ae3d-80fabc864b4c', '/backstage/deviceType', '', NULL, 0, 0, 2, NULL, '2020-01-15 16:48:02.329000');

-- ----------------------------
-- Table structure for organization
-- ----------------------------
DROP TABLE IF EXISTS `organization`;
CREATE TABLE `organization`  (
  `id` varchar(36) CHARACTER SET utf8mb4 COLLATE utf8mb4_0900_ai_ci NOT NULL,
  `parent_id` varchar(36) CHARACTER SET utf8mb4 COLLATE utf8mb4_0900_ai_ci NOT NULL,
  `name` varchar(255) CHARACTER SET utf8mb4 COLLATE utf8mb4_0900_ai_ci NOT NULL,
  `description` varchar(255) CHARACTER SET utf8mb4 COLLATE utf8mb4_0900_ai_ci NULL DEFAULT NULL,
  `remark` varchar(255) CHARACTER SET utf8mb4 COLLATE utf8mb4_0900_ai_ci NULL DEFAULT NULL,
  `level` tinyint(4) NOT NULL,
  `seq` int(11) NOT NULL,
  `code` varchar(255) CHARACTER SET utf8mb4 COLLATE utf8mb4_0900_ai_ci NOT NULL,
  `add_time` datetime(0) NULL DEFAULT NULL,
  `update_time` datetime(0) NULL DEFAULT NULL,
  PRIMARY KEY (`id`) USING BTREE
) ENGINE = InnoDB CHARACTER SET = utf8mb4 COLLATE = utf8mb4_0900_ai_ci ROW_FORMAT = Dynamic;

-- ----------------------------
-- Records of organization
-- ----------------------------
INSERT INTO `organization` VALUES ('0', '-2', 'root', '没啥用，摆着好看', NULL, 0, -1000, '-1', NULL, NULL);
INSERT INTO `organization` VALUES ('1', '0', '哈尔滨铁路局', '3', NULL, 1, 2, '01', NULL, '2020-01-14 16:59:20');
INSERT INTO `organization` VALUES ('1393cb75-0de6-4760-a90a-bce2bbc235a5', '0', '杭州铁路局', '2', NULL, 1, 0, '2', '2020-01-04 16:59:15', '2020-01-04 16:59:15');
INSERT INTO `organization` VALUES ('2', '1', '哈尔滨电务段', '2', NULL, 2, 1, '012', NULL, '2020-01-14 16:59:14');
INSERT INTO `organization` VALUES ('3', '1', '牡丹江电务段', '', NULL, 2, 100, '2', NULL, '2020-01-08 15:43:24');
INSERT INTO `organization` VALUES ('30f290e3-314c-425d-8699-8e7e409b446b', 'ce768100-f814-487d-a0f2-ab97527bb7df', '衡阳工区', '', NULL, 4, 0, 'hh', '2020-01-09 11:50:08', '2020-01-09 11:50:08');
INSERT INTO `organization` VALUES ('4', '2', '哈南信号车间02', NULL, NULL, 3, 2, '3', NULL, NULL);
INSERT INTO `organization` VALUES ('5', '2', '哈东信号车间02', NULL, NULL, 3, 50, '4', NULL, NULL);
INSERT INTO `organization` VALUES ('5ee96b2d-ae92-4b45-8a59-a8bc9495aeb3', '7caea9e9-a559-485d-874b-8456ffb96396', '牡丹江作业一工队', '', NULL, 4, 0, '132', '2020-01-09 13:25:54', '2020-01-09 13:25:54');
INSERT INTO `organization` VALUES ('6', '4', '哈南作业一工队', NULL, NULL, 4, 3, '5', NULL, NULL);
INSERT INTO `organization` VALUES ('7', '4', '哈南作业二工队', NULL, NULL, 4, 3, '6', NULL, NULL);
INSERT INTO `organization` VALUES ('7caea9e9-a559-485d-874b-8456ffb96396', '3', '牡丹江信号车间', '', NULL, 3, 0, '23', '2020-01-09 13:25:30', '2020-01-09 13:25:30');
INSERT INTO `organization` VALUES ('b352d50e-3632-4171-8265-d2f5d8461ac2', 'e170c303-6436-4958-b1b2-c41f4d03ed63', '衡阳电务段', '233', NULL, 2, 0, 'hengyang', '2020-01-09 11:49:36', '2020-01-09 11:49:36');
INSERT INTO `organization` VALUES ('ce768100-f814-487d-a0f2-ab97527bb7df', 'b352d50e-3632-4171-8265-d2f5d8461ac2', '衡阳信号车间', '2', NULL, 3, 0, '123', '2020-01-09 11:49:49', '2020-01-09 11:49:49');
INSERT INTO `organization` VALUES ('e170c303-6436-4958-b1b2-c41f4d03ed63', '0', '长沙铁路局', '', NULL, 1, 5, '999', NULL, '2020-01-03 10:28:47');
INSERT INTO `organization` VALUES ('e6e5c46a-6166-4cd0-b8a9-57606c519279', '1393cb75-0de6-4760-a90a-bce2bbc235a5', 'zi', 'zi', NULL, 2, 0, 'zi', '2020-01-04 16:59:23', '2020-01-04 16:59:23');

-- ----------------------------
-- Table structure for pdman_db_version
-- ----------------------------
DROP TABLE IF EXISTS `pdman_db_version`;
CREATE TABLE `pdman_db_version`  (
  `DB_VERSION` varchar(256) CHARACTER SET utf8mb4 COLLATE utf8mb4_0900_ai_ci NULL DEFAULT NULL,
  `VERSION_DESC` varchar(1024) CHARACTER SET utf8mb4 COLLATE utf8mb4_0900_ai_ci NULL DEFAULT NULL,
  `CREATED_TIME` varchar(32) CHARACTER SET utf8mb4 COLLATE utf8mb4_0900_ai_ci NULL DEFAULT NULL
) ENGINE = InnoDB CHARACTER SET = utf8mb4 COLLATE = utf8mb4_0900_ai_ci ROW_FORMAT = Dynamic;

-- ----------------------------
-- Table structure for railway_line
-- ----------------------------
DROP TABLE IF EXISTS `railway_line`;
CREATE TABLE `railway_line`  (
  `id` varchar(36) CHARACTER SET utf8mb4 COLLATE utf8mb4_0900_ai_ci NOT NULL,
  `bureau_id` varchar(36) CHARACTER SET utf8mb4 COLLATE utf8mb4_0900_ai_ci NOT NULL,
  `name` varchar(50) CHARACTER SET utf8mb4 COLLATE utf8mb4_0900_ai_ci NOT NULL,
  `code` varchar(50) CHARACTER SET utf8mb4 COLLATE utf8mb4_0900_ai_ci NOT NULL,
  `hide` tinyint(4) NOT NULL,
  `add_time` datetime(0) NULL DEFAULT NULL,
  `update_time` datetime(0) NULL DEFAULT NULL,
  PRIMARY KEY (`id`) USING BTREE,
  INDEX `code唯一`(`code`) USING BTREE
) ENGINE = InnoDB CHARACTER SET = utf8mb4 COLLATE = utf8mb4_0900_ai_ci ROW_FORMAT = Dynamic;

-- ----------------------------
-- Records of railway_line
-- ----------------------------
INSERT INTO `railway_line` VALUES ('0569bf83-8be2-4f60-8bae-c84db2dfe665', '1', '京哈线1', '0007', 0, NULL, '2020-01-15 16:59:26');
INSERT INTO `railway_line` VALUES ('4ac9e685-ecd1-4339-8e1c-7ec50ab591aa', '1', '哈西高普联络左线', '1143', 0, '2020-01-07 10:50:46', '2020-01-07 10:50:46');
INSERT INTO `railway_line` VALUES ('55469608-8be7-41e0-8370-f7fac3efe848', '1', '京沪线', '1', 0, '2020-01-04 16:10:25', '2020-01-04 16:10:25');
INSERT INTO `railway_line` VALUES ('554d1d92-552b-4e45-a2f7-7b09edfe5c7b', '1', '滨洲', '0102', 0, '2020-01-07 10:50:46', '2020-01-07 10:50:46');
INSERT INTO `railway_line` VALUES ('eee61c81-6fbb-464d-a36f-a3d37a528c6e', '1', '哈北联络下行', '1145', 0, '2020-01-07 10:50:46', '2020-01-07 10:50:46');

-- ----------------------------
-- Table structure for role
-- ----------------------------
DROP TABLE IF EXISTS `role`;
CREATE TABLE `role`  (
  `id` varchar(36) CHARACTER SET utf8mb4 COLLATE utf8mb4_0900_ai_ci NOT NULL,
  `hide` tinyint(4) NOT NULL,
  `role` varchar(10) CHARACTER SET utf8mb4 COLLATE utf8mb4_0900_ai_ci NOT NULL,
  `description` varchar(255) CHARACTER SET utf8mb4 COLLATE utf8mb4_0900_ai_ci NOT NULL,
  `permission` varchar(10) CHARACTER SET utf8mb4 COLLATE utf8mb4_0900_ai_ci NULL DEFAULT NULL,
  `add_time` datetime(0) NULL DEFAULT NULL,
  `update_time` datetime(0) NULL DEFAULT NULL,
  PRIMARY KEY (`id`) USING BTREE,
  UNIQUE INDEX `角色名不能重复`(`role`) USING BTREE
) ENGINE = InnoDB CHARACTER SET = utf8mb4 COLLATE = utf8mb4_0900_ai_ci ROW_FORMAT = Dynamic;

-- ----------------------------
-- Records of role
-- ----------------------------
INSERT INTO `role` VALUES ('0e5e6ce8-90af-40a3-b85c-77cb230be0a7', 0, '科长', '能通过和提交审批', NULL, NULL, '2020-01-09 14:07:45');
INSERT INTO `role` VALUES ('200b9e43-7a1b-4e0b-8b53-bb6a020e35ff', 0, 'admin', 'admin', NULL, NULL, '2020-01-04 16:30:56');
INSERT INTO `role` VALUES ('7c08e53d-d941-471a-894b-318780607cbb', 0, '霍尔蒂', '然而霍尔蒂已经累了,\r\n他不想被公审,\r\n他只想回没有苏军的匈牙利,\r\n你考虑过霍尔蒂的感受么?\r\n没有!你只在乎你自己!', NULL, NULL, '2020-01-08 15:38:15');
INSERT INTO `role` VALUES ('db061d41-f270-4ed8-a5e4-019bd8fe375e', 0, '段长', '处理管理页和demo页都可以', NULL, NULL, '2020-01-09 14:07:50');
INSERT INTO `role` VALUES ('ecacd1a2-7ed8-41a2-acc4-28daa79597ff', 0, '员工', '只有提交审批页面', NULL, NULL, '2020-01-09 14:07:31');

-- ----------------------------
-- Table structure for role_menu
-- ----------------------------
DROP TABLE IF EXISTS `role_menu`;
CREATE TABLE `role_menu`  (
  `id` varchar(36) CHARACTER SET utf8mb4 COLLATE utf8mb4_0900_ai_ci NOT NULL,
  `add_time` datetime(0) NULL DEFAULT NULL,
  `menu_id` varchar(36) CHARACTER SET utf8mb4 COLLATE utf8mb4_0900_ai_ci NOT NULL,
  `role_id` varchar(36) CHARACTER SET utf8mb4 COLLATE utf8mb4_0900_ai_ci NOT NULL,
  `update_time` datetime(0) NULL DEFAULT NULL,
  PRIMARY KEY (`id`) USING BTREE
) ENGINE = InnoDB CHARACTER SET = utf8mb4 COLLATE = utf8mb4_0900_ai_ci ROW_FORMAT = Dynamic;

-- ----------------------------
-- Records of role_menu
-- ----------------------------
INSERT INTO `role_menu` VALUES ('0141202a-5cc6-442c-b8ae-6c9f32c53e05', '2020-01-04 16:30:56', '7ffc2c04-5c93-4a28-b240-8a99c75a9b9e', '200b9e43-7a1b-4e0b-8b53-bb6a020e35ff', '2020-01-04 16:30:56');
INSERT INTO `role_menu` VALUES ('01b57beb-18cd-4cec-8750-0358d2d24d9c', '2020-01-08 15:38:15', 'a31e8feb-0956-40af-af08-2aa80ebd5578', '7c08e53d-d941-471a-894b-318780607cbb', '2020-01-08 15:38:15');
INSERT INTO `role_menu` VALUES ('02218029-0d63-4336-a10b-e64ce577cc60', '2020-01-09 14:07:45', '9fd25356-ed98-40c0-9d42-171284989861', '0e5e6ce8-90af-40a3-b85c-77cb230be0a7', '2020-01-09 14:07:45');
INSERT INTO `role_menu` VALUES ('08fe6885-d08f-40d9-9350-7edb17d89f1c', '2020-01-09 14:07:50', 'ffd534eb-a511-4ce7-964d-1ce67230c070', 'db061d41-f270-4ed8-a5e4-019bd8fe375e', '2020-01-09 14:07:50');
INSERT INTO `role_menu` VALUES ('0f03006b-e7fa-4063-9c7f-6daf2aa0ec5a', '2020-01-04 16:30:56', '5f352b11-928b-4ea2-baa1-ab5777dbecfe', '200b9e43-7a1b-4e0b-8b53-bb6a020e35ff', '2020-01-04 16:30:56');
INSERT INTO `role_menu` VALUES ('0f802ab9-d57b-4bb2-bf66-cba55cebfd6d', '2020-01-04 16:30:56', 'c6842757-9628-4c97-95f9-64eccd1a5c31', '200b9e43-7a1b-4e0b-8b53-bb6a020e35ff', '2020-01-04 16:30:56');
INSERT INTO `role_menu` VALUES ('1022392a-2127-46c8-b969-be14c587a89f', '2020-01-04 16:30:56', 'ffbb25b6-4f50-49ec-b85a-1c9fa0aa4f71', '200b9e43-7a1b-4e0b-8b53-bb6a020e35ff', '2020-01-04 16:30:56');
INSERT INTO `role_menu` VALUES ('12e5e8b2-e81a-444b-8442-762657341c74', '2020-01-04 16:30:56', 'e809f7c0-77bd-4cde-8056-11c361f3ea7c', '200b9e43-7a1b-4e0b-8b53-bb6a020e35ff', '2020-01-04 16:30:56');
INSERT INTO `role_menu` VALUES ('13769c62-33a7-47f3-b2f7-6446a3ea4b26', '2020-01-04 16:30:56', '5671f542-f688-4e7a-803f-88aa01e48c29', '200b9e43-7a1b-4e0b-8b53-bb6a020e35ff', '2020-01-04 16:30:56');
INSERT INTO `role_menu` VALUES ('13ec5e3e-dbff-4c0e-9471-a31259e81094', '2020-01-04 16:30:56', 'fcfc2a2a-849f-4697-b8bf-6c682aaedec2', '200b9e43-7a1b-4e0b-8b53-bb6a020e35ff', '2020-01-04 16:30:56');
INSERT INTO `role_menu` VALUES ('17c51c1d-8251-4c40-b757-e4eb07ee04e9', '2020-01-04 16:30:56', '06a0ae46-fef9-49f8-9cf3-c527dc4d01cf', '200b9e43-7a1b-4e0b-8b53-bb6a020e35ff', '2020-01-04 16:30:56');
INSERT INTO `role_menu` VALUES ('1b48917a-f0a5-4537-8dc3-2d8d82df9224', '2020-01-04 16:30:56', 'b1e1a89d-6f19-47cb-9bca-70e92df74de4', '200b9e43-7a1b-4e0b-8b53-bb6a020e35ff', '2020-01-04 16:30:56');
INSERT INTO `role_menu` VALUES ('1baec222-c091-4828-9816-f7fb46b4970c', '2020-01-09 14:07:50', 'bed34979-b4a5-405b-afc3-5910ebd93b7c', 'db061d41-f270-4ed8-a5e4-019bd8fe375e', '2020-01-09 14:07:50');
INSERT INTO `role_menu` VALUES ('1ca8d8cc-940d-4a74-a764-9d61a9492868', '2020-01-04 16:30:56', '97de9dc7-57e1-44a5-95fc-d4a263a68e76', '200b9e43-7a1b-4e0b-8b53-bb6a020e35ff', '2020-01-04 16:30:56');
INSERT INTO `role_menu` VALUES ('2301193d-b4f6-4bd2-b886-fe5129dd3b40', '2020-01-04 16:30:56', '8675b632-2380-4519-ad52-29b4dedf67dc', '200b9e43-7a1b-4e0b-8b53-bb6a020e35ff', '2020-01-04 16:30:56');
INSERT INTO `role_menu` VALUES ('23d65df3-6dbb-456a-adf9-014b92547691', '2020-01-08 15:38:15', '40fd9602-61f2-4ca3-b645-5a02114dd91e', '7c08e53d-d941-471a-894b-318780607cbb', '2020-01-08 15:38:15');
INSERT INTO `role_menu` VALUES ('2ca06658-259b-4264-8750-faa4732168a6', '2020-01-08 15:38:15', 'ef79502d-1e27-49cc-8e29-2d4d280eea8b', '7c08e53d-d941-471a-894b-318780607cbb', '2020-01-08 15:38:15');
INSERT INTO `role_menu` VALUES ('2ce07815-f499-4c3c-8eda-5676f2f6209c', '2020-01-04 16:30:56', 'bddff356-bf95-4a38-91f1-d355b0f93e9c', '200b9e43-7a1b-4e0b-8b53-bb6a020e35ff', '2020-01-04 16:30:56');
INSERT INTO `role_menu` VALUES ('38e3fccd-7dc2-4c1d-802c-dc6ed02f81cd', '2020-01-08 15:38:15', '3fe56de0-1005-4d9b-9b97-660f5f620422', '7c08e53d-d941-471a-894b-318780607cbb', '2020-01-08 15:38:15');
INSERT INTO `role_menu` VALUES ('39624c24-6d10-41a2-93ae-d0c08446add2', '2020-01-04 16:30:56', 'a31e8feb-0956-40af-af08-2aa80ebd5578', '200b9e43-7a1b-4e0b-8b53-bb6a020e35ff', '2020-01-04 16:30:56');
INSERT INTO `role_menu` VALUES ('3a296cff-5bb2-45e8-ba84-5e749169dcb5', '2020-01-09 14:07:31', 'ef79502d-1e27-49cc-8e29-2d4d280eea8b', 'ecacd1a2-7ed8-41a2-acc4-28daa79597ff', '2020-01-09 14:07:31');
INSERT INTO `role_menu` VALUES ('3cc889a6-bae8-4d38-a960-5d49efe73132', '2020-01-09 14:07:45', 'dbc8160d-8c9c-4ae2-98e1-a282af5fa2f3', '0e5e6ce8-90af-40a3-b85c-77cb230be0a7', '2020-01-09 14:07:45');
INSERT INTO `role_menu` VALUES ('3dca9665-78b4-41b7-bfb7-e3b3f100a49d', '2020-01-04 16:30:56', 'ef385d27-d7c6-4144-992f-f9357e00200a', '200b9e43-7a1b-4e0b-8b53-bb6a020e35ff', '2020-01-04 16:30:56');
INSERT INTO `role_menu` VALUES ('3fef422d-86a0-4e3f-9da0-7519268e5150', '2020-01-04 16:30:56', 'ed41042d-ba03-4343-8592-dc47ff6888d1', '200b9e43-7a1b-4e0b-8b53-bb6a020e35ff', '2020-01-04 16:30:56');
INSERT INTO `role_menu` VALUES ('40354865-6e1d-40ef-af47-9ed54f591b56', '2020-01-04 16:30:56', 'ca3e2660-27a6-4edc-937b-1c78dd70f615', '200b9e43-7a1b-4e0b-8b53-bb6a020e35ff', '2020-01-04 16:30:56');
INSERT INTO `role_menu` VALUES ('428f55a6-69d0-4cb3-a801-b02f6802a6d2', '2020-01-09 14:07:50', '360f983d-1b1c-4ada-9a64-594acde6a470', 'db061d41-f270-4ed8-a5e4-019bd8fe375e', '2020-01-09 14:07:50');
INSERT INTO `role_menu` VALUES ('463a7237-d33b-4ec7-bedf-7030ee82861d', '2020-01-08 15:38:15', '219894b5-4e63-4da9-aa4d-b5df2993c873', '7c08e53d-d941-471a-894b-318780607cbb', '2020-01-08 15:38:15');
INSERT INTO `role_menu` VALUES ('4cd69bb8-6de5-4f49-9a33-972f88557273', '2020-01-04 16:30:56', '9fd25356-ed98-40c0-9d42-171284989861', '200b9e43-7a1b-4e0b-8b53-bb6a020e35ff', '2020-01-04 16:30:56');
INSERT INTO `role_menu` VALUES ('4db0f48d-684e-4314-8917-877554be4124', '2020-01-04 16:30:56', '1e07520c-a6cc-48c5-b9b3-c5a356fbcf57', '200b9e43-7a1b-4e0b-8b53-bb6a020e35ff', '2020-01-04 16:30:56');
INSERT INTO `role_menu` VALUES ('4fcd0695-625a-44c2-9d21-598ec6e1e13e', '2020-01-04 16:30:56', 'cc08d7a5-3e39-4f8e-b738-08c9c3fcb083', '200b9e43-7a1b-4e0b-8b53-bb6a020e35ff', '2020-01-04 16:30:56');
INSERT INTO `role_menu` VALUES ('50fc6d4e-bd12-44c3-9a30-1bc38a643ad1', '2020-01-04 16:30:56', 'b38f252c-2eb6-4c75-a654-22675f8b7bf4', '200b9e43-7a1b-4e0b-8b53-bb6a020e35ff', '2020-01-04 16:30:56');
INSERT INTO `role_menu` VALUES ('577c1568-5e79-42bc-bf75-59a7e82cf30a', '2020-01-08 15:38:15', 'bed34979-b4a5-405b-afc3-5910ebd93b7c', '7c08e53d-d941-471a-894b-318780607cbb', '2020-01-08 15:38:15');
INSERT INTO `role_menu` VALUES ('57c6a177-9da1-4ad2-be9a-29d583268894', '2020-01-04 16:30:56', 'e261bab0-9c98-4289-adad-afbbda03717b', '200b9e43-7a1b-4e0b-8b53-bb6a020e35ff', '2020-01-04 16:30:56');
INSERT INTO `role_menu` VALUES ('58947729-7adb-42f6-9e1e-3fcb2f3b8431', '2020-01-04 16:30:56', 'e1b547fc-d5ab-42e4-b22b-2cfe9836de76', '200b9e43-7a1b-4e0b-8b53-bb6a020e35ff', '2020-01-04 16:30:56');
INSERT INTO `role_menu` VALUES ('5b4424e4-63d6-4cb2-9542-ad28671b55de', '2020-01-04 16:30:56', '219894b5-4e63-4da9-aa4d-b5df2993c873', '200b9e43-7a1b-4e0b-8b53-bb6a020e35ff', '2020-01-04 16:30:56');
INSERT INTO `role_menu` VALUES ('5bd6b689-d1aa-4f10-bfb9-ceca52c4158a', '2020-01-04 16:30:56', 'ffd534eb-a511-4ce7-964d-1ce67230c070', '200b9e43-7a1b-4e0b-8b53-bb6a020e35ff', '2020-01-04 16:30:56');
INSERT INTO `role_menu` VALUES ('5f028dd0-e043-4617-84ea-2dc2ae95de09', '2020-01-08 15:38:15', 'dacee989-c809-4a5c-ae3d-80fabc864b4c', '7c08e53d-d941-471a-894b-318780607cbb', '2020-01-08 15:38:15');
INSERT INTO `role_menu` VALUES ('64525f9d-8873-4fc2-9f41-a38817aaa97c', '2020-01-08 15:38:15', 'e1b547fc-d5ab-42e4-b22b-2cfe9836de76', '7c08e53d-d941-471a-894b-318780607cbb', '2020-01-08 15:38:15');
INSERT INTO `role_menu` VALUES ('6608cf66-dca7-4cf5-96c2-0178cd7b1e18', '2020-01-09 14:07:45', '0877610a-12f7-4ebc-bd2b-8cedf17f601d', '0e5e6ce8-90af-40a3-b85c-77cb230be0a7', '2020-01-09 14:07:45');
INSERT INTO `role_menu` VALUES ('6b3412f8-15af-4658-852a-a78493f1203a', '2020-01-04 16:30:56', 'd35072e8-e5a6-42bc-ba0f-469e55dbd4ed', '200b9e43-7a1b-4e0b-8b53-bb6a020e35ff', '2020-01-04 16:30:56');
INSERT INTO `role_menu` VALUES ('6d8a16a3-4f8e-4c4e-8adc-21bde9e2bcd3', '2020-01-04 16:30:56', '094bb367-eee9-4c29-87c3-8ef7b313a73c', '200b9e43-7a1b-4e0b-8b53-bb6a020e35ff', '2020-01-04 16:30:56');
INSERT INTO `role_menu` VALUES ('6f02c7b7-a3ca-484e-8901-1345013162e9', '2020-01-09 14:07:50', '3fe56de0-1005-4d9b-9b97-660f5f620422', 'db061d41-f270-4ed8-a5e4-019bd8fe375e', '2020-01-09 14:07:50');
INSERT INTO `role_menu` VALUES ('713d4886-5ab4-4241-ab2e-11c13e09bac8', '2020-01-04 16:30:56', 'f1e0295f-20f8-4ac4-8c97-2c563a50d217', '200b9e43-7a1b-4e0b-8b53-bb6a020e35ff', '2020-01-04 16:30:56');
INSERT INTO `role_menu` VALUES ('7141a158-0b0c-455a-9aa4-96697707b99e', '2020-01-09 14:07:50', '0877610a-12f7-4ebc-bd2b-8cedf17f601d', 'db061d41-f270-4ed8-a5e4-019bd8fe375e', '2020-01-09 14:07:50');
INSERT INTO `role_menu` VALUES ('74cccc9a-f3f6-4d81-a8b3-7ebe903291d4', '2020-01-04 16:30:56', '0549bd41-9c81-4faa-8ef6-1d5c2a6dddd2', '200b9e43-7a1b-4e0b-8b53-bb6a020e35ff', '2020-01-04 16:30:56');
INSERT INTO `role_menu` VALUES ('77d7d18d-38f6-4d0a-8df5-f42e1a8e8696', '2020-01-09 14:07:31', '0877610a-12f7-4ebc-bd2b-8cedf17f601d', 'ecacd1a2-7ed8-41a2-acc4-28daa79597ff', '2020-01-09 14:07:31');
INSERT INTO `role_menu` VALUES ('79669701-b9ac-49f6-afa6-53345436c185', '2020-01-04 16:30:56', '7f782c0b-7e8a-434f-900c-fdb1164948bb', '200b9e43-7a1b-4e0b-8b53-bb6a020e35ff', '2020-01-04 16:30:56');
INSERT INTO `role_menu` VALUES ('7bf2427d-ee57-4eec-8b26-7d41158e0516', '2020-01-04 16:30:56', '3fe56de0-1005-4d9b-9b97-660f5f620422', '200b9e43-7a1b-4e0b-8b53-bb6a020e35ff', '2020-01-04 16:30:56');
INSERT INTO `role_menu` VALUES ('7d55cc43-4ad3-48c1-86a1-7fbf7f46cf52', '2020-01-09 14:07:50', 'a31e8feb-0956-40af-af08-2aa80ebd5578', 'db061d41-f270-4ed8-a5e4-019bd8fe375e', '2020-01-09 14:07:50');
INSERT INTO `role_menu` VALUES ('87511686-153f-4bae-b308-7126e0e53046', '2020-01-04 16:30:56', 'ee3133a1-7033-4fa8-b476-02b015b27fa3', '200b9e43-7a1b-4e0b-8b53-bb6a020e35ff', '2020-01-04 16:30:56');
INSERT INTO `role_menu` VALUES ('88ab1782-6f74-4a1f-8322-7aee3f665e7b', '2020-01-04 16:30:56', '4c892690-9480-407a-bc74-c08af96a03e0', '200b9e43-7a1b-4e0b-8b53-bb6a020e35ff', '2020-01-04 16:30:56');
INSERT INTO `role_menu` VALUES ('88bb7ee0-cff7-448a-8f3c-383569c492ad', '2020-01-04 16:30:56', 'ef79502d-1e27-49cc-8e29-2d4d280eea8b', '200b9e43-7a1b-4e0b-8b53-bb6a020e35ff', '2020-01-04 16:30:56');
INSERT INTO `role_menu` VALUES ('8b0ee655-6b45-4b53-9ec5-477590607f68', '2020-01-04 16:30:56', 'dacee989-c809-4a5c-ae3d-80fabc864b4c', '200b9e43-7a1b-4e0b-8b53-bb6a020e35ff', '2020-01-04 16:30:56');
INSERT INTO `role_menu` VALUES ('8b8035c7-719a-40cb-9c7d-c4d62dcb25ec', '2020-01-04 16:30:56', '39285b61-f63c-4bb3-8464-c7d3a01e5009', '200b9e43-7a1b-4e0b-8b53-bb6a020e35ff', '2020-01-04 16:30:56');
INSERT INTO `role_menu` VALUES ('8b90bb30-010b-48cb-969f-f8f4719fcb70', '2020-01-04 16:30:56', '0df525d0-172b-475d-a48f-7d07f834989c', '200b9e43-7a1b-4e0b-8b53-bb6a020e35ff', '2020-01-04 16:30:56');
INSERT INTO `role_menu` VALUES ('8d677831-d79e-4cd5-b759-f37a1cf2e07f', '2020-01-08 15:38:15', '6bed9bbc-de83-4dc9-966d-4eae579b5f64', '7c08e53d-d941-471a-894b-318780607cbb', '2020-01-08 15:38:15');
INSERT INTO `role_menu` VALUES ('8db68f06-7a67-47c5-8ee4-bc89f27b7c38', '2020-01-09 14:07:50', '4082cfb1-a5a8-45be-9f32-4e4b641164ef', 'db061d41-f270-4ed8-a5e4-019bd8fe375e', '2020-01-09 14:07:50');
INSERT INTO `role_menu` VALUES ('8e729e3e-174d-44c9-9377-162ca8ad7bfc', '2020-01-04 16:30:56', '4082cfb1-a5a8-45be-9f32-4e4b641164ef', '200b9e43-7a1b-4e0b-8b53-bb6a020e35ff', '2020-01-04 16:30:56');
INSERT INTO `role_menu` VALUES ('90d0ea89-c24e-4103-9d7f-42978b52cc57', '2020-01-08 15:38:15', 'cb5c0f90-0146-4b4a-9f29-0de1e9e0cb90', '7c08e53d-d941-471a-894b-318780607cbb', '2020-01-08 15:38:15');
INSERT INTO `role_menu` VALUES ('945f5aff-76f0-427b-b32a-3a82a695ae7d', '2020-01-08 15:38:15', '9fd25356-ed98-40c0-9d42-171284989861', '7c08e53d-d941-471a-894b-318780607cbb', '2020-01-08 15:38:15');
INSERT INTO `role_menu` VALUES ('9aa606f4-435c-4c2f-8be3-0ca763c61063', '2020-01-09 14:07:50', 'ef79502d-1e27-49cc-8e29-2d4d280eea8b', 'db061d41-f270-4ed8-a5e4-019bd8fe375e', '2020-01-09 14:07:50');
INSERT INTO `role_menu` VALUES ('9f3765d7-8701-4dfc-9d90-49d91f8bdd42', '2020-01-04 16:30:56', '1b5046b4-50e8-4a66-8c67-642109219281', '200b9e43-7a1b-4e0b-8b53-bb6a020e35ff', '2020-01-04 16:30:56');
INSERT INTO `role_menu` VALUES ('a37488d8-896a-4afb-8a36-6cc8c762522c', '2020-01-09 14:07:45', 'ef79502d-1e27-49cc-8e29-2d4d280eea8b', '0e5e6ce8-90af-40a3-b85c-77cb230be0a7', '2020-01-09 14:07:45');
INSERT INTO `role_menu` VALUES ('a5028e14-9b2a-4e81-97e2-2a40017fb79f', '2020-01-04 16:30:56', 'bed34979-b4a5-405b-afc3-5910ebd93b7c', '200b9e43-7a1b-4e0b-8b53-bb6a020e35ff', '2020-01-04 16:30:56');
INSERT INTO `role_menu` VALUES ('a853a030-fbe3-43a2-ac74-419a402ba3a4', '2020-01-08 15:38:15', '192f7e30-5046-4d99-8181-0a379f1d01d6', '7c08e53d-d941-471a-894b-318780607cbb', '2020-01-08 15:38:15');
INSERT INTO `role_menu` VALUES ('a8a6cda5-a038-4ef5-84a7-be4db384dc68', '2020-01-04 16:30:56', '360f983d-1b1c-4ada-9a64-594acde6a470', '200b9e43-7a1b-4e0b-8b53-bb6a020e35ff', '2020-01-04 16:30:56');
INSERT INTO `role_menu` VALUES ('ab3a28b9-c857-43d1-a159-df87d6fa60ce', '2020-01-04 16:30:56', '40fd9602-61f2-4ca3-b645-5a02114dd91e', '200b9e43-7a1b-4e0b-8b53-bb6a020e35ff', '2020-01-04 16:30:56');
INSERT INTO `role_menu` VALUES ('ae6e73cf-6b58-456d-8d15-89a279a33464', '2020-01-04 16:30:56', 'd41fdbf5-df5c-4421-9a9b-51fe74d2d594', '200b9e43-7a1b-4e0b-8b53-bb6a020e35ff', '2020-01-04 16:30:56');
INSERT INTO `role_menu` VALUES ('af225424-0406-4541-9f97-e43f2e884ab0', '2020-01-04 16:30:56', '0a5f45d5-699a-4644-85a1-23d728024280', '200b9e43-7a1b-4e0b-8b53-bb6a020e35ff', '2020-01-04 16:30:56');
INSERT INTO `role_menu` VALUES ('b366b15a-e29a-4449-810b-eb1d256f568a', '2020-01-04 16:30:56', 'd0352b3e-96e6-49ef-a225-cd95dd9245f1', '200b9e43-7a1b-4e0b-8b53-bb6a020e35ff', '2020-01-04 16:30:56');
INSERT INTO `role_menu` VALUES ('b66e1a8f-3eed-4206-b65f-a514a96e4736', '2020-01-09 14:07:50', '192f7e30-5046-4d99-8181-0a379f1d01d6', 'db061d41-f270-4ed8-a5e4-019bd8fe375e', '2020-01-09 14:07:50');
INSERT INTO `role_menu` VALUES ('b86f1d05-8fd2-4a41-ba2d-51b4ba3347e0', '2020-01-08 15:38:15', 'ffd534eb-a511-4ce7-964d-1ce67230c070', '7c08e53d-d941-471a-894b-318780607cbb', '2020-01-08 15:38:15');
INSERT INTO `role_menu` VALUES ('b9f086ea-bcd0-452f-8003-e7f409ef13c0', '2020-01-04 16:30:56', '91f99c56-acc1-4744-b87a-ea18eb576835', '200b9e43-7a1b-4e0b-8b53-bb6a020e35ff', '2020-01-04 16:30:56');
INSERT INTO `role_menu` VALUES ('bd345191-a277-4acc-881f-6f193483b710', '2020-01-09 14:07:50', 'dbc8160d-8c9c-4ae2-98e1-a282af5fa2f3', 'db061d41-f270-4ed8-a5e4-019bd8fe375e', '2020-01-09 14:07:50');
INSERT INTO `role_menu` VALUES ('c39efb29-c842-404f-b787-a6c0a0344ae9', '2020-01-04 16:30:56', '1f92b356-53d3-4552-8da8-2c86f440add8', '200b9e43-7a1b-4e0b-8b53-bb6a020e35ff', '2020-01-04 16:30:56');
INSERT INTO `role_menu` VALUES ('c5b64dd7-fa3f-448b-aeaa-44f755ca6809', '2020-01-09 14:07:31', '9fd25356-ed98-40c0-9d42-171284989861', 'ecacd1a2-7ed8-41a2-acc4-28daa79597ff', '2020-01-09 14:07:31');
INSERT INTO `role_menu` VALUES ('c9dda8c1-1de5-4199-b478-bce3495ea5b5', '2020-01-09 14:07:50', 'dacee989-c809-4a5c-ae3d-80fabc864b4c', 'db061d41-f270-4ed8-a5e4-019bd8fe375e', '2020-01-09 14:07:50');
INSERT INTO `role_menu` VALUES ('cb607f3f-e880-4975-9c3a-84e966298fce', '2020-01-04 16:30:56', '1604c7b6-eb43-4ae3-b821-10358abe6cf5', '200b9e43-7a1b-4e0b-8b53-bb6a020e35ff', '2020-01-04 16:30:56');
INSERT INTO `role_menu` VALUES ('cc5de961-d0e7-4ee2-963f-d52b9a9992e9', '2020-01-08 15:38:15', '360f983d-1b1c-4ada-9a64-594acde6a470', '7c08e53d-d941-471a-894b-318780607cbb', '2020-01-08 15:38:15');
INSERT INTO `role_menu` VALUES ('cd2fe0b3-73a3-40bf-943f-803e9d9cdfb2', '2020-01-04 16:30:56', '0b439373-6763-4996-b74e-6a21e218f17d', '200b9e43-7a1b-4e0b-8b53-bb6a020e35ff', '2020-01-04 16:30:56');
INSERT INTO `role_menu` VALUES ('d029d9bc-156f-42c6-9db2-cbc14b0cc9ee', '2020-01-04 16:30:56', '50e965d5-0330-4cd5-bd39-89c5502cc60c', '200b9e43-7a1b-4e0b-8b53-bb6a020e35ff', '2020-01-04 16:30:56');
INSERT INTO `role_menu` VALUES ('d1e1c28e-366c-42d9-808b-d9c45e184ec0', '2020-01-08 15:38:15', '0877610a-12f7-4ebc-bd2b-8cedf17f601d', '7c08e53d-d941-471a-894b-318780607cbb', '2020-01-08 15:38:15');
INSERT INTO `role_menu` VALUES ('d1e2b049-518b-4d29-a9b9-02f628744513', '2020-01-04 16:30:56', 'a0ab82d6-6915-4da2-9b4c-2b02c4b83b15', '200b9e43-7a1b-4e0b-8b53-bb6a020e35ff', '2020-01-04 16:30:56');
INSERT INTO `role_menu` VALUES ('d5bed3a3-df00-4c81-951f-2911625a5db6', '2020-01-04 16:30:56', 'cb5c0f90-0146-4b4a-9f29-0de1e9e0cb90', '200b9e43-7a1b-4e0b-8b53-bb6a020e35ff', '2020-01-04 16:30:56');
INSERT INTO `role_menu` VALUES ('d7b0fe47-71da-473f-95c5-f79f7abebd14', '2020-01-04 16:30:56', '192f7e30-5046-4d99-8181-0a379f1d01d6', '200b9e43-7a1b-4e0b-8b53-bb6a020e35ff', '2020-01-04 16:30:56');
INSERT INTO `role_menu` VALUES ('dc00102b-693f-47c9-80c2-9b4b5d91da86', '2020-01-08 15:38:15', 'dbc8160d-8c9c-4ae2-98e1-a282af5fa2f3', '7c08e53d-d941-471a-894b-318780607cbb', '2020-01-08 15:38:15');
INSERT INTO `role_menu` VALUES ('dcee4f83-7581-4a39-815d-da7cc60404f4', '2020-01-09 14:07:50', 'cb5c0f90-0146-4b4a-9f29-0de1e9e0cb90', 'db061d41-f270-4ed8-a5e4-019bd8fe375e', '2020-01-09 14:07:50');
INSERT INTO `role_menu` VALUES ('de9b5545-608f-435a-a109-f09b582d6855', '2020-01-04 16:30:56', '4f7d575e-c722-4042-9152-982cd097db6f', '200b9e43-7a1b-4e0b-8b53-bb6a020e35ff', '2020-01-04 16:30:56');
INSERT INTO `role_menu` VALUES ('e66cb22f-ea2e-4f4e-a676-dc40e933a0e5', '2020-01-04 16:30:56', 'b8af72a1-8d73-4c9e-8105-2d4e29a5dc07', '200b9e43-7a1b-4e0b-8b53-bb6a020e35ff', '2020-01-04 16:30:56');
INSERT INTO `role_menu` VALUES ('e6a4b14a-b3b4-4ddb-88bc-fc1de0e91b7e', '2020-01-08 15:38:15', '4082cfb1-a5a8-45be-9f32-4e4b641164ef', '7c08e53d-d941-471a-894b-318780607cbb', '2020-01-08 15:38:15');
INSERT INTO `role_menu` VALUES ('e6a8fa94-675c-4080-9224-5695b88c881e', '2020-01-09 14:07:50', '9fd25356-ed98-40c0-9d42-171284989861', 'db061d41-f270-4ed8-a5e4-019bd8fe375e', '2020-01-09 14:07:50');
INSERT INTO `role_menu` VALUES ('eaaeb9f1-c816-42ac-9c1f-8a9ace29cfcc', '2020-01-04 16:30:56', '9218dce7-cf01-4406-b3aa-2d23765b889a', '200b9e43-7a1b-4e0b-8b53-bb6a020e35ff', '2020-01-04 16:30:56');
INSERT INTO `role_menu` VALUES ('eebedd84-a346-4e4b-add1-28c834acd992', '2020-01-04 16:30:56', '6bed9bbc-de83-4dc9-966d-4eae579b5f64', '200b9e43-7a1b-4e0b-8b53-bb6a020e35ff', '2020-01-04 16:30:56');
INSERT INTO `role_menu` VALUES ('f1d05bcd-3de7-4214-8e1b-0ffe1c474eb8', '2020-01-04 16:30:56', 'baef54b6-e23e-4c4e-91de-f43c3c45287a', '200b9e43-7a1b-4e0b-8b53-bb6a020e35ff', '2020-01-04 16:30:56');
INSERT INTO `role_menu` VALUES ('f43b8095-9deb-4e23-a95b-a8d43a08c6e2', '2020-01-04 16:30:56', '24ad930b-ffb8-41c2-bf96-d349be3ec6cf', '200b9e43-7a1b-4e0b-8b53-bb6a020e35ff', '2020-01-04 16:30:56');
INSERT INTO `role_menu` VALUES ('f5fbec3f-722e-4aa3-bb58-5c999d3df0fa', '2020-01-04 16:30:56', '736a720a-46bd-4011-884b-9ccec4c3e6a4', '200b9e43-7a1b-4e0b-8b53-bb6a020e35ff', '2020-01-04 16:30:56');
INSERT INTO `role_menu` VALUES ('fe1fac4a-284a-45b3-b4cb-caf3fe33055b', '2020-01-04 16:30:56', '128a2efb-d814-467a-bd94-cf6f11f8beb5', '200b9e43-7a1b-4e0b-8b53-bb6a020e35ff', '2020-01-04 16:30:56');
INSERT INTO `role_menu` VALUES ('fe59e7d5-3eb0-4b9f-bdeb-1e20794afe3a', '2020-01-04 16:30:56', '86bb28fe-4178-490d-9f02-b3be9d53b493', '200b9e43-7a1b-4e0b-8b53-bb6a020e35ff', '2020-01-04 16:30:56');

-- ----------------------------
-- Table structure for station
-- ----------------------------
DROP TABLE IF EXISTS `station`;
CREATE TABLE `station`  (
  `id` varchar(36) CHARACTER SET utf8mb4 COLLATE utf8mb4_0900_ai_ci NOT NULL,
  `work_area_id` varchar(36) CHARACTER SET utf8mb4 COLLATE utf8mb4_0900_ai_ci NOT NULL,
  `name` varchar(255) CHARACTER SET utf8mb4 COLLATE utf8mb4_0900_ai_ci NOT NULL,
  `code` varchar(50) CHARACTER SET utf8mb4 COLLATE utf8mb4_0900_ai_ci NOT NULL,
  `hide` tinyint(4) NOT NULL,
  `add_time` datetime(0) NULL DEFAULT NULL,
  `update_time` datetime(0) NULL DEFAULT NULL,
  PRIMARY KEY (`id`) USING BTREE,
  UNIQUE INDEX `code唯一`(`code`) USING BTREE,
  UNIQUE INDEX `站名唯一`(`name`) USING BTREE
) ENGINE = InnoDB CHARACTER SET = utf8mb4 COLLATE = utf8mb4_0900_ai_ci ROW_FORMAT = Dynamic;

-- ----------------------------
-- Records of station
-- ----------------------------
INSERT INTO `station` VALUES ('30f6b980-571e-4f44-87ce-993ce608490c', '7', '裕民线路所', 'dayuren', 0, '2020-01-07 10:50:46', '2020-01-07 10:50:46');
INSERT INTO `station` VALUES ('4eda96cd-8a3a-4dd2-8f16-7088c3101de6', '6', '维也纳', 'vff', 0, '2020-01-14 18:41:43', '2020-01-03 14:26:51');
INSERT INTO `station` VALUES ('8b575854-69cb-4f44-b438-2bd4c8259b8e', '6', '哈尔滨北综合场', 'habeizonghechang', 0, '2020-01-07 10:50:46', '2020-01-07 10:50:46');
INSERT INTO `station` VALUES ('93fcf6d6-c246-41ab-88a3-a3b4ed3f7e03', '6', '哈尔滨北客专场', 'beike', 0, '2020-01-07 11:52:48', '2020-01-07 11:52:48');
INSERT INTO `station` VALUES ('b4053f30-ca67-4471-8e49-6e4398db23d9', '6', '上海站', '2313123', 0, '2020-01-04 16:10:25', '2020-01-04 16:10:25');
INSERT INTO `station` VALUES ('b6ee4f82-5494-478e-813e-02d49338f227', '6', '庙台子', 'miaotaizi', 0, '2020-01-07 10:50:46', '2020-01-07 10:50:46');

-- ----------------------------
-- Table structure for user
-- ----------------------------
DROP TABLE IF EXISTS `user`;
CREATE TABLE `user`  (
  `id` varchar(36) CHARACTER SET utf8mb4 COLLATE utf8mb4_0900_ai_ci NOT NULL,
  `user_name` varchar(30) CHARACTER SET utf8mb4 COLLATE utf8mb4_0900_ai_ci NOT NULL,
  `display_name` varchar(255) CHARACTER SET utf8mb4 COLLATE utf8mb4_0900_ai_ci NOT NULL,
  `password` varchar(255) CHARACTER SET utf8mb4 COLLATE utf8mb4_0900_ai_ci NOT NULL,
  `role_id` varchar(36) CHARACTER SET utf8mb4 COLLATE utf8mb4_0900_ai_ci NOT NULL,
  `bureau_id` varchar(36) CHARACTER SET utf8mb4 COLLATE utf8mb4_0900_ai_ci NOT NULL,
  `section_id` varchar(36) CHARACTER SET utf8mb4 COLLATE utf8mb4_0900_ai_ci NOT NULL,
  `workshop_id` varchar(36) CHARACTER SET utf8mb4 COLLATE utf8mb4_0900_ai_ci NOT NULL,
  `work_area_id` varchar(36) CHARACTER SET utf8mb4 COLLATE utf8mb4_0900_ai_ci NOT NULL,
  `banned` tinyint(4) NOT NULL,
  `deleted` tinyint(4) NOT NULL,
  `update_time` datetime(0) NULL DEFAULT NULL,
  `add_time` datetime(0) NULL DEFAULT NULL,
  PRIMARY KEY (`id`) USING BTREE,
  UNIQUE INDEX `用户名唯一`(`user_name`) USING BTREE
) ENGINE = InnoDB CHARACTER SET = utf8mb4 COLLATE = utf8mb4_0900_ai_ci ROW_FORMAT = Dynamic;

-- ----------------------------
-- Records of user
-- ----------------------------
INSERT INTO `user` VALUES ('03596a1d-1d50-4ebf-868b-28f0232f9572', '2345', '2', '123456', '7c08e53d-d941-471a-894b-318780607cbb', '1', '2', '4', '6', 0, 0, '2020-01-04 16:10:25', '2020-01-04 16:34:22');
INSERT INTO `user` VALUES ('1', 'akagi', '22', '123456', '200b9e43-7a1b-4e0b-8b53-bb6a020e35ff', '1', '2', '', '', 0, 0, '2019-12-19 16:33:34', '2019-12-19 16:33:11');
INSERT INTO `user` VALUES ('2', 'huoerdi', '222', '123456', '7c08e53d-d941-471a-894b-318780607cbb', '1', '2', '', '', 0, 0, '2019-12-25 15:45:48', '2019-12-25 15:45:29');
INSERT INTO `user` VALUES ('39e80726-efa0-4d44-a001-174996f1d7ae', 'duanzhang', '段长', '123456', 'db061d41-f270-4ed8-a5e4-019bd8fe375e', '1', '2', '4', '6', 0, 0, '2020-01-09 14:08:28', NULL);
INSERT INTO `user` VALUES ('59a59c40-6943-43f0-ae29-c21736faeda0', 'yuangong', '员工', '123456', 'ecacd1a2-7ed8-41a2-acc4-28daa79597ff', '1', '2', '4', '6', 0, 0, '2020-01-09 13:49:05', '2020-01-09 13:53:43');
INSERT INTO `user` VALUES ('828328d8-406a-4ff9-9f21-b6752fad94d7', '2222', '2', '123456', '7c08e53d-d941-471a-894b-318780607cbb', '1', '2', '4', '6', 0, 0, '2019-12-28 11:57:32', '2019-12-28 11:57:32');
INSERT INTO `user` VALUES ('d0a8ae93-050f-4a56-99d9-6fc26bc314ed', '3333', '44', '123456', '7c08e53d-d941-471a-894b-318780607cbb', '1', '2', '4', '6', 0, 0, '2019-12-30 18:48:42', '2019-12-30 18:48:42');
INSERT INTO `user` VALUES ('e4cc58e9-338e-4f4b-a3cf-06ec58ea043f', 'kezhang', '科长', '123456', '0e5e6ce8-90af-40a3-b85c-77cb230be0a7', '1', '2', '4', '6', 0, 0, '2020-01-09 14:08:28', NULL);

SET FOREIGN_KEY_CHECKS = 1;
